2025-10-09 03:27:11,000 - routes.properties - INFO - POST /properties - Adding new property
2025-10-09 03:27:11,001 - routes.properties - INFO - Request data: {'title': 'Luxury 3 BHK Apartment in Prime Location', 'description': 'A spacious 3 BHK apartment with modern amenities, located in the heart of the city. Features marble flooring, modular kitchen, and premium finishes. Perfect for families looking for comfort and convenience.', 'price': 25500000.0, 'location': 'Channasandra'}
2025-10-09 03:27:11,001 - routes.properties - INFO - Current user: sona@gmail.com (ID: 68e538be6bf69b94e1d4837a)
2025-10-09 03:27:11,001 - routes.properties - INFO - Property document to insert: {'title': 'Luxury 3 BHK Apartment in Prime Location', 'description': 'A spacious 3 BHK apartment with modern amenities, located in the heart of the city. Features marble flooring, modular kitchen, and premium finishes. Perfect for families looking for comfort and convenience.', 'price': 25500000.0, 'location': 'Channasandra', 'owner_id': '68e538be6bf69b94e1d4837a', 'owner_email': 'sona@gmail.com', 'created_at': datetime.datetime(2025, 10, 8, 21, 57, 11, 1441), 'updated_at': datetime.datetime(2025, 10, 8, 21, 57, 11, 1447)}
2025-10-09 03:27:11,066 - routes.properties - INFO - Property inserted successfully with ID: 68e6de37e6d2613b1b9941de
2025-10-09 03:33:38,437 - routes.properties - INFO - POST /properties - Adding new property
2025-10-09 03:33:38,437 - routes.properties - INFO - Role verification - User: sona@gmail.com, Role: buyer, Authorized: False
2025-10-09 03:33:38,437 - routes.properties - WARNING - HTTPException raised during property creation
2025-10-09 13:44:22,052 - routes.auth - INFO - POST /auth/register - User registration attempt
2025-10-09 13:44:22,052 - routes.auth - INFO - Registration attempt - Name: abcdf, Email: sonaawe@gmail.com, Role: seller
2025-10-09 13:44:22,591 - routes.auth - INFO - Password hashed successfully
2025-10-09 13:44:22,645 - routes.auth - INFO - User registered successfully - ID: 68e76ede28055f8855e8398a, Email: sonaawe@gmail.com, Role: seller
2025-10-09 13:44:51,776 - routes.auth - INFO - POST /auth/register - User registration attempt
2025-10-09 13:44:51,777 - routes.auth - INFO - Registration attempt - Name: John Doe, Email: john@example.com, Role: buyer
2025-10-09 13:44:52,271 - routes.auth - INFO - Password hashed successfully
2025-10-09 13:44:52,307 - routes.auth - INFO - User registered successfully - ID: 68e76efc28055f8855e8398b, Email: john@example.com, Role: buyer
2025-10-09 15:37:54,844 - routes.auth - INFO - POST /auth/register - User registration attempt
2025-10-09 15:37:54,846 - routes.auth - INFO - Registration attempt - Name: John Doe, Email: john@example.com, Role: buyer
2025-10-09 15:37:55,155 - routes.auth - WARNING - Registration failed - Email already exists: john@example.com
2025-10-09 15:37:55,155 - routes.auth - WARNING - HTTPException during registration
2025-10-09 15:39:35,460 - routes.auth - INFO - POST /auth/login - Login attempt
2025-10-09 15:39:35,460 - routes.auth - INFO - Login attempt - Email: john@example.com
2025-10-09 15:39:35,748 - routes.auth - INFO - Login successful - Email: john@example.com, Role: buyer
2025-10-09 15:52:24,394 - routes.auth - INFO - POST /auth/login - Login attempt
2025-10-09 15:52:24,396 - routes.auth - INFO - Login attempt - Email: john@example.com
2025-10-09 15:52:24,928 - routes.auth - INFO - Login successful - Email: john@example.com, Role: buyer
2025-10-09 15:53:19,946 - routes.properties - INFO - POST /properties - Adding new property
2025-10-09 15:53:19,946 - routes.properties - INFO - Role verification - User: john@example.com, Role: buyer, Authorized: False
2025-10-09 15:53:19,946 - routes.properties - WARNING - HTTPException raised during property creation
2025-10-09 15:57:21,593 - routes.properties - INFO - GET /properties - Listing all properties
2025-10-09 15:57:21,633 - routes.properties - INFO - Found 1 properties in database
2025-10-09 15:57:21,633 - routes.properties - INFO - Successfully retrieved and formatted properties
2025-10-09 18:39:15,977 - routes.auth - INFO - POST /auth/register - User registration attempt
2025-10-09 18:39:15,979 - routes.auth - INFO - Registration attempt - Name: ram, Email: ram@gmail.com, Role: seller
2025-10-09 18:39:16,529 - routes.auth - INFO - Password hashed successfully
2025-10-09 18:39:16,584 - routes.auth - INFO - User registered successfully - ID: 68e7b3fc28055f8855e8398c, Email: ram@gmail.com, Role: seller
2025-10-09 18:39:34,959 - routes.auth - INFO - POST /auth/register - User registration attempt
2025-10-09 18:39:34,960 - routes.auth - INFO - Registration attempt - Name: ram, Email: ram@gmail.com, Role: seller
2025-10-09 18:39:34,999 - routes.auth - WARNING - Registration failed - Email already exists: ram@gmail.com
2025-10-09 18:39:35,000 - routes.auth - WARNING - HTTPException during registration
2025-10-09 18:39:50,710 - routes.auth - INFO - POST /auth/login - Login attempt
2025-10-09 18:39:50,711 - routes.auth - INFO - Login attempt - Email: ram@gmail.com
2025-10-09 18:39:50,985 - routes.auth - INFO - Login successful - Email: ram@gmail.com, Role: seller
2025-10-09 18:39:59,497 - routes.properties - INFO - GET /properties/user/my-properties - Getting user's properties
2025-10-09 18:39:59,498 - routes.properties - INFO - Role verification - User: ram@gmail.com, Role: seller, Authorized: True
2025-10-09 18:39:59,498 - routes.properties - INFO - Fetching properties for user: ram@gmail.com (ID: 68e7b3fc28055f8855e8398c)
2025-10-09 18:39:59,538 - routes.properties - INFO - Found 0 properties for user 68e7b3fc28055f8855e8398c
2025-10-09 18:39:59,577 - routes.properties - INFO - GET /properties/user/my-properties - Getting user's properties
2025-10-09 18:39:59,577 - routes.properties - INFO - Role verification - User: ram@gmail.com, Role: seller, Authorized: True
2025-10-09 18:39:59,577 - routes.properties - INFO - Fetching properties for user: ram@gmail.com (ID: 68e7b3fc28055f8855e8398c)
2025-10-09 18:39:59,614 - routes.properties - INFO - Found 0 properties for user 68e7b3fc28055f8855e8398c
2025-10-09 18:42:57,328 - routes.auth - INFO - POST /auth/login - Login attempt
2025-10-09 18:42:57,328 - routes.auth - INFO - Login attempt - Email: ram@gmail.com
2025-10-09 18:42:57,610 - routes.auth - INFO - Login successful - Email: ram@gmail.com, Role: seller
2025-10-09 18:43:34,972 - routes.properties - INFO - POST /properties - Adding new property
2025-10-09 18:43:34,973 - routes.properties - INFO - Role verification - User: ram@gmail.com, Role: seller, Authorized: True
2025-10-09 18:43:34,976 - routes.properties - INFO - Request data: {'title': 'aradhanini', 'description': 'fullyfurnished', 'price': 1000000.0, 'location': 'surat'}
2025-10-09 18:43:34,976 - routes.properties - INFO - Current user: ram@gmail.com (ID: 68e7b3fc28055f8855e8398c, Role: seller)
2025-10-09 18:43:34,976 - routes.properties - INFO - Property document to insert: {'title': 'aradhanini', 'description': 'fullyfurnished', 'price': 1000000.0, 'location': 'surat', 'owner_id': '68e7b3fc28055f8855e8398c', 'owner_email': 'ram@gmail.com', 'owner_name': 'ram', 'owner_role': 'seller', 'created_at': datetime.datetime(2025, 10, 9, 13, 13, 34, 976492), 'updated_at': datetime.datetime(2025, 10, 9, 13, 13, 34, 976497), 'status': 'active'}
2025-10-09 18:43:35,030 - routes.properties - INFO - Property inserted successfully with ID: 68e7b4fe28055f8855e8398d
2025-10-09 18:53:55,675 - routes.properties - INFO - GET /properties/user/my-properties - Getting user's properties
2025-10-09 18:53:55,675 - routes.properties - INFO - Role verification - User: ram@gmail.com, Role: seller, Authorized: True
2025-10-09 18:53:55,676 - routes.properties - INFO - Fetching properties for user: ram@gmail.com (ID: 68e7b3fc28055f8855e8398c)
2025-10-09 18:53:55,715 - routes.properties - INFO - Found 1 properties for user 68e7b3fc28055f8855e8398c
2025-10-09 18:53:57,674 - routes.properties - INFO - GET /properties/user/my-properties - Getting user's properties
2025-10-09 18:53:57,675 - routes.properties - INFO - Role verification - User: ram@gmail.com, Role: seller, Authorized: True
2025-10-09 18:53:57,675 - routes.properties - INFO - Fetching properties for user: ram@gmail.com (ID: 68e7b3fc28055f8855e8398c)
2025-10-09 18:53:57,714 - routes.properties - INFO - Found 1 properties for user 68e7b3fc28055f8855e8398c
2025-10-09 18:55:13,685 - routes.properties - INFO - GET /properties/user/my-properties - Getting user's properties
2025-10-09 18:55:13,686 - routes.properties - INFO - Role verification - User: ram@gmail.com, Role: seller, Authorized: True
2025-10-09 18:55:13,686 - routes.properties - INFO - Fetching properties for user: ram@gmail.com (ID: 68e7b3fc28055f8855e8398c)
2025-10-09 18:55:13,725 - routes.properties - INFO - Found 1 properties for user 68e7b3fc28055f8855e8398c
2025-10-09 18:55:17,671 - routes.properties - INFO - GET /properties/user/my-properties - Getting user's properties
2025-10-09 18:55:17,671 - routes.properties - INFO - Role verification - User: ram@gmail.com, Role: seller, Authorized: True
2025-10-09 18:55:17,671 - routes.properties - INFO - Fetching properties for user: ram@gmail.com (ID: 68e7b3fc28055f8855e8398c)
2025-10-09 18:55:17,708 - routes.properties - INFO - Found 1 properties for user 68e7b3fc28055f8855e8398c
2025-10-09 18:55:50,673 - routes.properties - INFO - GET /properties/user/my-properties - Getting user's properties
2025-10-09 18:55:50,673 - routes.properties - INFO - Role verification - User: ram@gmail.com, Role: seller, Authorized: True
2025-10-09 18:55:50,674 - routes.properties - INFO - Fetching properties for user: ram@gmail.com (ID: 68e7b3fc28055f8855e8398c)
2025-10-09 18:55:50,711 - routes.properties - INFO - Found 1 properties for user 68e7b3fc28055f8855e8398c
2025-10-09 18:55:52,668 - routes.properties - INFO - GET /properties/user/my-properties - Getting user's properties
2025-10-09 18:55:52,668 - routes.properties - INFO - Role verification - User: ram@gmail.com, Role: seller, Authorized: True
2025-10-09 18:55:52,668 - routes.properties - INFO - Fetching properties for user: ram@gmail.com (ID: 68e7b3fc28055f8855e8398c)
2025-10-09 18:55:52,704 - routes.properties - INFO - Found 1 properties for user 68e7b3fc28055f8855e8398c
2025-10-09 18:55:55,668 - routes.properties - INFO - GET /properties/user/my-properties - Getting user's properties
2025-10-09 18:55:55,668 - routes.properties - INFO - Role verification - User: ram@gmail.com, Role: seller, Authorized: True
2025-10-09 18:55:55,668 - routes.properties - INFO - Fetching properties for user: ram@gmail.com (ID: 68e7b3fc28055f8855e8398c)
2025-10-09 18:55:55,704 - routes.properties - INFO - Found 1 properties for user 68e7b3fc28055f8855e8398c
2025-10-09 18:55:56,669 - routes.properties - INFO - GET /properties/user/my-properties - Getting user's properties
2025-10-09 18:55:56,669 - routes.properties - INFO - Role verification - User: ram@gmail.com, Role: seller, Authorized: True
2025-10-09 18:55:56,669 - routes.properties - INFO - Fetching properties for user: ram@gmail.com (ID: 68e7b3fc28055f8855e8398c)
2025-10-09 18:55:56,705 - routes.properties - INFO - Found 1 properties for user 68e7b3fc28055f8855e8398c
2025-10-09 18:55:58,675 - routes.properties - INFO - GET /properties/user/my-properties - Getting user's properties
2025-10-09 18:55:58,676 - routes.properties - INFO - Role verification - User: ram@gmail.com, Role: seller, Authorized: True
2025-10-09 18:55:58,676 - routes.properties - INFO - Fetching properties for user: ram@gmail.com (ID: 68e7b3fc28055f8855e8398c)
2025-10-09 18:55:58,713 - routes.properties - INFO - Found 1 properties for user 68e7b3fc28055f8855e8398c
2025-10-09 18:56:28,668 - routes.properties - INFO - GET /properties/user/my-properties - Getting user's properties
2025-10-09 18:56:28,669 - routes.properties - INFO - Role verification - User: ram@gmail.com, Role: seller, Authorized: True
2025-10-09 18:56:28,669 - routes.properties - INFO - Fetching properties for user: ram@gmail.com (ID: 68e7b3fc28055f8855e8398c)
2025-10-09 18:56:28,705 - routes.properties - INFO - Found 1 properties for user 68e7b3fc28055f8855e8398c
2025-10-09 18:56:31,666 - routes.properties - INFO - GET /properties/user/my-properties - Getting user's properties
2025-10-09 18:56:31,666 - routes.properties - INFO - Role verification - User: ram@gmail.com, Role: seller, Authorized: True
2025-10-09 18:56:31,666 - routes.properties - INFO - Fetching properties for user: ram@gmail.com (ID: 68e7b3fc28055f8855e8398c)
2025-10-09 18:56:31,702 - routes.properties - INFO - Found 1 properties for user 68e7b3fc28055f8855e8398c
2025-10-09 18:56:33,667 - routes.properties - INFO - GET /properties/user/my-properties - Getting user's properties
2025-10-09 18:56:33,667 - routes.properties - INFO - Role verification - User: ram@gmail.com, Role: seller, Authorized: True
2025-10-09 18:56:33,667 - routes.properties - INFO - Fetching properties for user: ram@gmail.com (ID: 68e7b3fc28055f8855e8398c)
2025-10-09 18:56:33,705 - routes.properties - INFO - Found 1 properties for user 68e7b3fc28055f8855e8398c
2025-10-09 18:56:36,676 - routes.properties - INFO - GET /properties/user/my-properties - Getting user's properties
2025-10-09 18:56:36,677 - routes.properties - INFO - Role verification - User: ram@gmail.com, Role: seller, Authorized: True
2025-10-09 18:56:36,677 - routes.properties - INFO - Fetching properties for user: ram@gmail.com (ID: 68e7b3fc28055f8855e8398c)
2025-10-09 18:56:36,714 - routes.properties - INFO - Found 1 properties for user 68e7b3fc28055f8855e8398c
2025-10-09 18:56:37,448 - routes.properties - INFO - GET /properties/user/my-properties - Getting user's properties
2025-10-09 18:56:37,448 - routes.properties - INFO - Role verification - User: ram@gmail.com, Role: seller, Authorized: True
2025-10-09 18:56:37,449 - routes.properties - INFO - Fetching properties for user: ram@gmail.com (ID: 68e7b3fc28055f8855e8398c)
2025-10-09 18:56:37,487 - routes.properties - INFO - Found 1 properties for user 68e7b3fc28055f8855e8398c
2025-10-09 18:59:13,683 - routes.properties - INFO - GET /properties/user/my-properties - Getting user's properties
2025-10-09 18:59:13,683 - routes.properties - INFO - Role verification - User: ram@gmail.com, Role: seller, Authorized: True
2025-10-09 18:59:13,683 - routes.properties - INFO - Fetching properties for user: ram@gmail.com (ID: 68e7b3fc28055f8855e8398c)
2025-10-09 18:59:13,722 - routes.properties - INFO - Found 1 properties for user 68e7b3fc28055f8855e8398c
2025-10-09 18:59:15,668 - routes.properties - INFO - GET /properties/user/my-properties - Getting user's properties
2025-10-09 18:59:15,668 - routes.properties - INFO - Role verification - User: ram@gmail.com, Role: seller, Authorized: True
2025-10-09 18:59:15,668 - routes.properties - INFO - Fetching properties for user: ram@gmail.com (ID: 68e7b3fc28055f8855e8398c)
2025-10-09 18:59:15,705 - routes.properties - INFO - Found 1 properties for user 68e7b3fc28055f8855e8398c
2025-10-09 19:03:51,879 - routes.properties - INFO - POST /properties - Adding new property
2025-10-09 19:03:51,880 - routes.properties - INFO - Role verification - User: ram@gmail.com, Role: seller, Authorized: True
2025-10-09 19:03:51,880 - routes.properties - INFO - Request data: {'title': 'rameshwaram rameshwaram rameshwaram rameshwaram', 'description': 'beautifulbeautifulbeautifulbeautifulbeautifulbeautifulbeautiful', 'price': 12343434.0, 'location': 'Banglore'}
2025-10-09 19:03:51,880 - routes.properties - INFO - Current user: ram@gmail.com (ID: 68e7b3fc28055f8855e8398c, Role: seller)
2025-10-09 19:03:51,880 - routes.properties - INFO - Property document to insert: {'title': 'rameshwaram rameshwaram rameshwaram rameshwaram', 'description': 'beautifulbeautifulbeautifulbeautifulbeautifulbeautifulbeautiful', 'price': 12343434.0, 'location': 'Banglore', 'owner_id': '68e7b3fc28055f8855e8398c', 'owner_email': 'ram@gmail.com', 'owner_name': 'ram', 'owner_role': 'seller', 'created_at': datetime.datetime(2025, 10, 9, 13, 33, 51, 880975), 'updated_at': datetime.datetime(2025, 10, 9, 13, 33, 51, 880979), 'status': 'active'}
2025-10-09 19:03:51,936 - routes.properties - INFO - Property inserted successfully with ID: 68e7b9bf28055f8855e8398e
2025-10-09 19:09:35,706 - routes.properties - INFO - GET /properties/user/my-properties - Getting user's properties
2025-10-09 19:09:35,707 - routes.properties - INFO - Role verification - User: ram@gmail.com, Role: seller, Authorized: True
2025-10-09 19:09:35,707 - routes.properties - INFO - Fetching properties for user: ram@gmail.com (ID: 68e7b3fc28055f8855e8398c)
2025-10-09 19:09:35,746 - routes.properties - INFO - Found 2 properties for user 68e7b3fc28055f8855e8398c
2025-10-09 19:09:40,684 - routes.properties - INFO - GET /properties/user/my-properties - Getting user's properties
2025-10-09 19:09:40,684 - routes.properties - INFO - Role verification - User: ram@gmail.com, Role: seller, Authorized: True
2025-10-09 19:09:40,684 - routes.properties - INFO - Fetching properties for user: ram@gmail.com (ID: 68e7b3fc28055f8855e8398c)
2025-10-09 19:09:40,723 - routes.properties - INFO - Found 2 properties for user 68e7b3fc28055f8855e8398c
2025-10-09 19:09:44,408 - routes.properties - INFO - POST /properties - Adding new property
2025-10-09 19:09:44,408 - routes.properties - INFO - Role verification - User: ram@gmail.com, Role: seller, Authorized: True
2025-10-09 19:09:44,410 - routes.properties - INFO - Request data: {'title': 'rameshwaram rameshwaram rameshwaram rameshwaram', 'description': 'beautifulbeautifulbeautifulbeautifulbeautifulbeautifulbeautiful', 'price': 12343434.0, 'location': 'Banglore'}
2025-10-09 19:09:44,410 - routes.properties - INFO - Current user: ram@gmail.com (ID: 68e7b3fc28055f8855e8398c, Role: seller)
2025-10-09 19:09:44,410 - routes.properties - INFO - Property document to insert: {'title': 'rameshwaram rameshwaram rameshwaram rameshwaram', 'description': 'beautifulbeautifulbeautifulbeautifulbeautifulbeautifulbeautiful', 'price': 12343434.0, 'location': 'Banglore', 'owner_id': '68e7b3fc28055f8855e8398c', 'owner_email': 'ram@gmail.com', 'owner_name': 'ram', 'owner_role': 'seller', 'created_at': datetime.datetime(2025, 10, 9, 13, 39, 44, 410681), 'updated_at': datetime.datetime(2025, 10, 9, 13, 39, 44, 410685), 'status': 'active'}
2025-10-09 19:09:44,462 - routes.properties - INFO - Property inserted successfully with ID: 68e7bb2028055f8855e8398f
2025-10-09 19:09:46,062 - routes.properties - INFO - GET /properties/user/my-properties - Getting user's properties
2025-10-09 19:09:46,062 - routes.properties - INFO - Role verification - User: ram@gmail.com, Role: seller, Authorized: True
2025-10-09 19:09:46,062 - routes.properties - INFO - Fetching properties for user: ram@gmail.com (ID: 68e7b3fc28055f8855e8398c)
2025-10-09 19:09:46,101 - routes.properties - INFO - Found 3 properties for user 68e7b3fc28055f8855e8398c
2025-10-09 19:12:42,064 - routes.properties - INFO - GET /properties/user/my-properties - Getting user's properties
2025-10-09 19:12:42,065 - routes.properties - INFO - Role verification - User: ram@gmail.com, Role: seller, Authorized: True
2025-10-09 19:12:42,065 - routes.properties - INFO - Fetching properties for user: ram@gmail.com (ID: 68e7b3fc28055f8855e8398c)
2025-10-09 19:12:42,104 - routes.properties - INFO - Found 3 properties for user 68e7b3fc28055f8855e8398c
2025-10-09 19:12:42,145 - routes.properties - INFO - GET /properties/user/my-properties - Getting user's properties
2025-10-09 19:12:42,146 - routes.properties - INFO - Role verification - User: ram@gmail.com, Role: seller, Authorized: True
2025-10-09 19:12:42,146 - routes.properties - INFO - Fetching properties for user: ram@gmail.com (ID: 68e7b3fc28055f8855e8398c)
2025-10-09 19:12:42,182 - routes.properties - INFO - Found 3 properties for user 68e7b3fc28055f8855e8398c
2025-10-09 20:06:00,499 - routes.auth - INFO - POST /auth/login - Login attempt
2025-10-09 20:06:00,499 - routes.auth - INFO - Login attempt - Email: ram@gmail.com
2025-10-09 20:06:01,049 - routes.auth - INFO - Login successful - Email: ram@gmail.com, Role: seller
2025-10-09 20:32:19,231 - fastapi - ERROR - Form data requires "python-multipart" to be installed. 
You can install "python-multipart" with: 

pip install python-multipart

2025-10-09 20:32:29,394 - fastapi - ERROR - Form data requires "python-multipart" to be installed. 
You can install "python-multipart" with: 

pip install python-multipart

2025-10-09 20:32:48,336 - fastapi - ERROR - Form data requires "python-multipart" to be installed. 
You can install "python-multipart" with: 

pip install python-multipart

2025-10-09 20:33:32,085 - fastapi - ERROR - Form data requires "python-multipart" to be installed. 
You can install "python-multipart" with: 

pip install python-multipart

2025-10-09 20:33:37,196 - fastapi - ERROR - Form data requires "python-multipart" to be installed. 
You can install "python-multipart" with: 

pip install python-multipart

2025-10-09 20:48:54,166 - routes.auth - INFO - POST /auth/login - Login attempt
2025-10-09 20:48:54,166 - routes.auth - INFO - Login attempt - Email: ram@gmail.com
2025-10-09 20:48:54,795 - routes.auth - INFO - Login successful - Email: ram@gmail.com, Role: seller
2025-10-10 00:06:24,173 - routes.auth - INFO - POST /auth/login - Login attempt
2025-10-10 00:06:24,174 - routes.auth - INFO - Login attempt - Email: ram@gmail.com
2025-10-10 00:06:24,819 - routes.auth - INFO - Login successful - Email: ram@gmail.com, Role: seller
2025-10-10 00:06:31,918 - routes.auth - INFO - POST /auth/login - Login attempt
2025-10-10 00:06:31,918 - routes.auth - INFO - Login attempt - Email: ram@gmail.com
2025-10-10 00:06:32,181 - routes.auth - INFO - Login successful - Email: ram@gmail.com, Role: seller
2025-10-10 13:41:44,066 - routes.auth - INFO - POST /auth/login - Login attempt
2025-10-10 13:41:44,066 - routes.auth - INFO - Login attempt - Email: ram@gmail.com
2025-10-10 13:41:44,600 - routes.auth - INFO - Login successful - Email: ram@gmail.com, Role: seller
2025-10-10 17:30:19,381 - routes.auth - INFO - POST /auth/login - Login attempt
2025-10-10 17:30:19,381 - routes.auth - INFO - Login attempt - Email: ram@gmail.com
2025-10-10 17:30:20,004 - routes.auth - INFO - Login successful - Email: ram@gmail.com, Role: seller
2025-10-10 17:30:42,408 - routes.properties - INFO - POST /properties - Adding new property
2025-10-10 17:30:42,409 - routes.properties - INFO - Role verification - User: ram@gmail.com, Role: seller, Authorized: True
2025-10-10 17:30:42,461 - routes.properties - INFO - Property inserted successfully with ID: 68e8f56a31e9ca37a6773743
2025-10-10 17:49:30,578 - routes.properties - INFO - POST /properties - Adding new property
2025-10-10 17:49:30,578 - routes.properties - INFO - Role verification - User: ram@gmail.com, Role: seller, Authorized: True
2025-10-10 17:49:30,579 - routes.properties - INFO - []
2025-10-10 17:49:30,631 - routes.properties - INFO - Property inserted successfully with ID: 68e8f9d2ece81372e878762c
2025-10-10 17:50:35,809 - routes.properties - INFO - POST /properties - Adding new property
2025-10-10 17:50:35,810 - routes.properties - INFO - Role verification - User: ram@gmail.com, Role: seller, Authorized: True
2025-10-10 17:50:35,810 - routes.properties - INFO - None
2025-10-10 17:50:35,810 - routes.properties - INFO - []
2025-10-10 17:50:35,853 - routes.properties - INFO - Property inserted successfully with ID: 68e8fa13e80e07cd9d303b22
2025-10-10 17:55:53,824 - routes.properties - INFO - POST /properties - Adding new property
2025-10-10 17:55:53,824 - routes.properties - INFO - Role verification - User: ram@gmail.com, Role: seller, Authorized: True
2025-10-10 17:55:53,825 - routes.properties - INFO - Received image_urls: [UploadFile(filename='property-1.jpg', size=89729, headers=Headers({'content-disposition': 'form-data; name="image_urls"; filename="property-1.jpg"', 'content-type': 'image/jpeg'}))]
2025-10-10 17:55:53,826 - routes.properties - INFO - Saved image: property-1.jpg -> /uploads/properties/new_property_8ef52c8770fd4b3a947c34f81b70286b.jpg
2025-10-10 17:55:53,826 - routes.properties - INFO - Uploaded image URLs: ['/uploads/properties/new_property_8ef52c8770fd4b3a947c34f81b70286b.jpg']
2025-10-10 17:55:53,930 - routes.properties - INFO - Property inserted successfully with ID: 68e8fb514be18b438fa95a48
2025-10-10 18:20:22,007 - routes.auth - INFO - POST /auth/login - Login attempt
2025-10-10 18:20:22,007 - routes.auth - INFO - Login attempt - Email: ram@gmail.com
2025-10-10 18:20:22,591 - routes.auth - INFO - Login successful - Email: ram@gmail.com, Role: seller
2025-10-10 18:20:29,811 - routes.properties - INFO - GET /properties/user/my-properties - Getting user's properties
2025-10-10 18:20:29,811 - routes.properties - INFO - Role verification - User: ram@gmail.com, Role: seller, Authorized: True
2025-10-10 18:20:29,812 - routes.properties - INFO - Fetching properties for user: ram@gmail.com (ID: 68e7b3fc28055f8855e8398c)
2025-10-10 18:20:29,855 - routes.properties - INFO - Found 7 properties for user 68e7b3fc28055f8855e8398c
2025-10-10 18:20:29,903 - routes.properties - INFO - GET /properties/user/my-properties - Getting user's properties
2025-10-10 18:20:29,903 - routes.properties - INFO - Role verification - User: ram@gmail.com, Role: seller, Authorized: True
2025-10-10 18:20:29,903 - routes.properties - INFO - Fetching properties for user: ram@gmail.com (ID: 68e7b3fc28055f8855e8398c)
2025-10-10 18:20:29,946 - routes.properties - INFO - Found 7 properties for user 68e7b3fc28055f8855e8398c
2025-10-10 18:22:32,638 - routes.properties - INFO - POST /properties - Adding new property
2025-10-10 18:22:32,638 - routes.properties - INFO - Role verification - User: ram@gmail.com, Role: seller, Authorized: True
2025-10-10 18:22:32,640 - routes.properties - INFO - Received image_urls: [UploadFile(filename='property-2.jpg', size=164683, headers=Headers({'content-disposition': 'form-data; name="image_urls"; filename="property-2.jpg"', 'content-type': 'image/jpeg'}))]
2025-10-10 18:22:32,641 - routes.properties - INFO - Saved image: property-2.jpg -> /uploads/properties/new_property_b0fb3e31a36f49e7bfdb03821d4b6f50.jpg
2025-10-10 18:22:32,641 - routes.properties - INFO - Uploaded image URLs: ['/uploads/properties/new_property_b0fb3e31a36f49e7bfdb03821d4b6f50.jpg']
2025-10-10 18:22:32,740 - routes.properties - INFO - Property inserted successfully with ID: 68e901902e9470e12ce435eb
2025-10-10 18:22:34,711 - routes.properties - INFO - GET /properties/user/my-properties - Getting user's properties
2025-10-10 18:22:34,711 - routes.properties - INFO - Role verification - User: ram@gmail.com, Role: seller, Authorized: True
2025-10-10 18:22:34,711 - routes.properties - INFO - Fetching properties for user: ram@gmail.com (ID: 68e7b3fc28055f8855e8398c)
2025-10-10 18:22:34,753 - routes.properties - INFO - Found 8 properties for user 68e7b3fc28055f8855e8398c
2025-10-10 18:28:44,702 - routes.properties - INFO - GET /properties/user/my-properties - Getting user's properties
2025-10-10 18:28:44,702 - routes.properties - INFO - Role verification - User: ram@gmail.com, Role: seller, Authorized: True
2025-10-10 18:28:44,702 - routes.properties - INFO - Fetching properties for user: ram@gmail.com (ID: 68e7b3fc28055f8855e8398c)
2025-10-10 18:28:44,744 - routes.properties - INFO - Found 8 properties for user 68e7b3fc28055f8855e8398c
2025-10-10 18:28:44,789 - routes.properties - INFO - GET /properties/user/my-properties - Getting user's properties
2025-10-10 18:28:44,789 - routes.properties - INFO - Role verification - User: ram@gmail.com, Role: seller, Authorized: True
2025-10-10 18:28:44,789 - routes.properties - INFO - Fetching properties for user: ram@gmail.com (ID: 68e7b3fc28055f8855e8398c)
2025-10-10 18:28:44,834 - routes.properties - INFO - Found 8 properties for user 68e7b3fc28055f8855e8398c
2025-10-10 18:45:17,196 - routes.properties - INFO - DELETE /properties/68e8f9d2ece81372e878762c - Deleting property
2025-10-10 18:45:17,197 - routes.properties - INFO - Role verification - User: ram@gmail.com, Role: seller, Authorized: True
2025-10-10 18:45:17,197 - routes.properties - INFO - Current user: ram@gmail.com (ID: 68e7b3fc28055f8855e8398c, Role: seller)
2025-10-10 18:45:17,197 - routes.properties - INFO - Delete all images: True
2025-10-10 18:45:17,237 - routes.properties - INFO - Found property to delete: Luxury 10 BHK Apartment (Owner: 68e7b3fc28055f8855e8398c)
2025-10-10 18:45:17,237 - routes.properties - INFO - Ownership check - User: 68e7b3fc28055f8855e8398c, Property Owner: 68e7b3fc28055f8855e8398c, Is Admin: False
2025-10-10 18:45:17,237 - routes.properties - INFO - Deleted 0 associated images
2025-10-10 18:45:17,296 - routes.properties - INFO - Successfully deleted property 68e8f9d2ece81372e878762c
2025-10-10 18:45:19,203 - routes.properties - INFO - GET /properties/user/my-properties - Getting user's properties
2025-10-10 18:45:19,203 - routes.properties - INFO - Role verification - User: ram@gmail.com, Role: seller, Authorized: True
2025-10-10 18:45:19,203 - routes.properties - INFO - Fetching properties for user: ram@gmail.com (ID: 68e7b3fc28055f8855e8398c)
2025-10-10 18:45:19,243 - routes.properties - INFO - Found 7 properties for user 68e7b3fc28055f8855e8398c
2025-10-10 18:45:28,204 - routes.properties - INFO - DELETE /properties/68e8fb514be18b438fa95a48 - Deleting property
2025-10-10 18:45:28,205 - routes.properties - INFO - Role verification - User: ram@gmail.com, Role: seller, Authorized: True
2025-10-10 18:45:28,205 - routes.properties - INFO - Current user: ram@gmail.com (ID: 68e7b3fc28055f8855e8398c, Role: seller)
2025-10-10 18:45:28,205 - routes.properties - INFO - Delete all images: True
2025-10-10 18:45:28,244 - routes.properties - INFO - Found property to delete: Luxury 11 BHK Apartment (Owner: 68e7b3fc28055f8855e8398c)
2025-10-10 18:45:28,244 - routes.properties - INFO - Ownership check - User: 68e7b3fc28055f8855e8398c, Property Owner: 68e7b3fc28055f8855e8398c, Is Admin: False
2025-10-10 18:45:28,246 - routes.properties - INFO - Deleted image file: uploads/properties/68e8fb514be18b438fa95a48_1ccde67eef7142859268bcd0c0b0515c.jpg
2025-10-10 18:45:28,246 - routes.properties - INFO - Deleted 1 associated images
2025-10-10 18:45:28,287 - routes.properties - INFO - Successfully deleted property 68e8fb514be18b438fa95a48
2025-10-10 18:45:30,086 - routes.properties - INFO - GET /properties/user/my-properties - Getting user's properties
2025-10-10 18:45:30,086 - routes.properties - INFO - Role verification - User: ram@gmail.com, Role: seller, Authorized: True
2025-10-10 18:45:30,086 - routes.properties - INFO - Fetching properties for user: ram@gmail.com (ID: 68e7b3fc28055f8855e8398c)
2025-10-10 18:45:30,125 - routes.properties - INFO - Found 6 properties for user 68e7b3fc28055f8855e8398c
2025-10-10 18:45:48,543 - routes.properties - INFO - DELETE /properties/68e901902e9470e12ce435eb - Deleting property
2025-10-10 18:45:48,544 - routes.properties - INFO - Role verification - User: ram@gmail.com, Role: seller, Authorized: True
2025-10-10 18:45:48,544 - routes.properties - INFO - Current user: ram@gmail.com (ID: 68e7b3fc28055f8855e8398c, Role: seller)
2025-10-10 18:45:48,544 - routes.properties - INFO - Delete all images: True
2025-10-10 18:45:48,582 - routes.properties - INFO - Found property to delete: luxury farm house (Owner: 68e7b3fc28055f8855e8398c)
2025-10-10 18:45:48,582 - routes.properties - INFO - Ownership check - User: 68e7b3fc28055f8855e8398c, Property Owner: 68e7b3fc28055f8855e8398c, Is Admin: False
2025-10-10 18:45:48,582 - routes.properties - INFO - Deleted image file: uploads/properties/68e901902e9470e12ce435eb_954cf503119b465d8c31fdaf00edf7f6.jpg
2025-10-10 18:45:48,582 - routes.properties - INFO - Deleted 1 associated images
2025-10-10 18:45:48,625 - routes.properties - INFO - Successfully deleted property 68e901902e9470e12ce435eb
2025-10-10 18:45:50,100 - routes.properties - INFO - GET /properties/user/my-properties - Getting user's properties
2025-10-10 18:45:50,100 - routes.properties - INFO - Role verification - User: ram@gmail.com, Role: seller, Authorized: True
2025-10-10 18:45:50,100 - routes.properties - INFO - Fetching properties for user: ram@gmail.com (ID: 68e7b3fc28055f8855e8398c)
2025-10-10 18:45:50,139 - routes.properties - INFO - Found 5 properties for user 68e7b3fc28055f8855e8398c
2025-10-10 18:47:08,314 - routes.properties - INFO - POST /properties - Adding new property
2025-10-10 18:47:08,315 - routes.properties - INFO - Role verification - User: ram@gmail.com, Role: seller, Authorized: True
2025-10-10 18:47:08,318 - routes.properties - INFO - Received image_urls: [UploadFile(filename='property-3.jpg', size=117733, headers=Headers({'content-disposition': 'form-data; name="image_urls"; filename="property-3.jpg"', 'content-type': 'image/jpeg'}))]
2025-10-10 18:47:08,319 - routes.properties - INFO - Saved image: property-3.jpg -> /uploads/properties/new_property_118fe0f4deb84f2bad6352de0bbeeb37.jpg
2025-10-10 18:47:08,319 - routes.properties - INFO - Uploaded image URLs: ['/uploads/properties/new_property_118fe0f4deb84f2bad6352de0bbeeb37.jpg']
2025-10-10 18:47:08,429 - routes.properties - INFO - Property inserted successfully with ID: 68e907542e9470e12ce435ec
2025-10-10 18:47:17,358 - routes.properties - INFO - GET /properties/user/my-properties - Getting user's properties
2025-10-10 18:47:17,358 - routes.properties - INFO - Role verification - User: ram@gmail.com, Role: seller, Authorized: True
2025-10-10 18:47:17,358 - routes.properties - INFO - Fetching properties for user: ram@gmail.com (ID: 68e7b3fc28055f8855e8398c)
2025-10-10 18:47:17,398 - routes.properties - INFO - Found 6 properties for user 68e7b3fc28055f8855e8398c
2025-10-10 18:58:12,088 - routes.properties - INFO - GET /properties/user/my-properties - Getting user's properties
2025-10-10 18:58:12,088 - routes.properties - INFO - Role verification - User: ram@gmail.com, Role: seller, Authorized: True
2025-10-10 18:58:12,088 - routes.properties - INFO - Fetching properties for user: ram@gmail.com (ID: 68e7b3fc28055f8855e8398c)
2025-10-10 18:58:12,127 - routes.properties - INFO - Found 6 properties for user 68e7b3fc28055f8855e8398c
2025-10-10 19:10:43,109 - routes.properties - INFO - GET /properties/user/my-properties - Getting user's properties
2025-10-10 19:10:43,110 - routes.properties - INFO - Role verification - User: ram@gmail.com, Role: seller, Authorized: True
2025-10-10 19:10:43,110 - routes.properties - INFO - Fetching properties for user: ram@gmail.com (ID: 68e7b3fc28055f8855e8398c)
2025-10-10 19:10:43,150 - routes.properties - INFO - Found 6 properties for user 68e7b3fc28055f8855e8398c
2025-10-10 19:13:21,296 - routes.properties - INFO - GET /properties/user/my-properties - Getting user's properties
2025-10-10 19:13:21,297 - routes.properties - INFO - Role verification - User: ram@gmail.com, Role: seller, Authorized: True
2025-10-10 19:13:21,297 - routes.properties - INFO - Fetching properties for user: ram@gmail.com (ID: 68e7b3fc28055f8855e8398c)
2025-10-10 19:13:21,337 - routes.properties - INFO - Found 6 properties for user 68e7b3fc28055f8855e8398c
2025-10-10 19:13:21,383 - routes.properties - INFO - GET /properties/user/my-properties - Getting user's properties
2025-10-10 19:13:21,383 - routes.properties - INFO - Role verification - User: ram@gmail.com, Role: seller, Authorized: True
2025-10-10 19:13:21,383 - routes.properties - INFO - Fetching properties for user: ram@gmail.com (ID: 68e7b3fc28055f8855e8398c)
2025-10-10 19:13:21,422 - routes.properties - INFO - Found 6 properties for user 68e7b3fc28055f8855e8398c
2025-10-10 19:17:39,575 - routes.properties - INFO - GET /properties/user/my-properties - Getting user's properties
2025-10-10 19:17:39,576 - routes.properties - INFO - Role verification - User: ram@gmail.com, Role: seller, Authorized: True
2025-10-10 19:17:39,576 - routes.properties - INFO - Fetching properties for user: ram@gmail.com (ID: 68e7b3fc28055f8855e8398c)
2025-10-10 19:17:39,615 - routes.properties - INFO - Found 6 properties for user 68e7b3fc28055f8855e8398c
2025-10-10 19:17:39,656 - routes.properties - INFO - GET /properties/user/my-properties - Getting user's properties
2025-10-10 19:17:39,656 - routes.properties - INFO - Role verification - User: ram@gmail.com, Role: seller, Authorized: True
2025-10-10 19:17:39,656 - routes.properties - INFO - Fetching properties for user: ram@gmail.com (ID: 68e7b3fc28055f8855e8398c)
2025-10-10 19:17:39,693 - routes.properties - INFO - Found 6 properties for user 68e7b3fc28055f8855e8398c
2025-10-10 20:15:52,244 - routes.auth - INFO - POST /auth/login - Login attempt
2025-10-10 20:15:52,244 - routes.auth - INFO - Login attempt - Email: ram@gmail.com
2025-10-10 20:15:52,798 - routes.auth - INFO - Login successful - Email: ram@gmail.com, Role: seller
2025-10-10 20:15:58,899 - routes.properties - INFO - GET /properties/user/my-properties - Getting user's properties
2025-10-10 20:15:58,899 - routes.properties - INFO - Role verification - User: ram@gmail.com, Role: seller, Authorized: True
2025-10-10 20:15:58,899 - routes.properties - INFO - Fetching properties for user: ram@gmail.com (ID: 68e7b3fc28055f8855e8398c)
2025-10-10 20:15:58,939 - routes.properties - INFO - Found 6 properties for user 68e7b3fc28055f8855e8398c
2025-10-10 20:15:58,982 - routes.properties - INFO - GET /properties/user/my-properties - Getting user's properties
2025-10-10 20:15:58,983 - routes.properties - INFO - Role verification - User: ram@gmail.com, Role: seller, Authorized: True
2025-10-10 20:15:58,983 - routes.properties - INFO - Fetching properties for user: ram@gmail.com (ID: 68e7b3fc28055f8855e8398c)
2025-10-10 20:15:59,023 - routes.properties - INFO - Found 6 properties for user 68e7b3fc28055f8855e8398c
2025-10-10 20:18:14,586 - routes.properties - INFO - POST /properties - Adding new property
2025-10-10 20:18:14,587 - routes.properties - INFO - Role verification - User: ram@gmail.com, Role: seller, Authorized: True
2025-10-10 20:18:14,589 - routes.properties - INFO - Received image_urls: [UploadFile(filename='property-4.jpg', size=99011, headers=Headers({'content-disposition': 'form-data; name="image_urls"; filename="property-4.jpg"', 'content-type': 'image/jpeg'}))]
2025-10-10 20:18:14,591 - routes.properties - INFO - Saved image: property-4.jpg -> /uploads/properties/new_property_5e35f7afdee84f9ba222a5710ec14450.jpg
2025-10-10 20:18:14,591 - routes.properties - INFO - Uploaded image URLs: ['/uploads/properties/new_property_5e35f7afdee84f9ba222a5710ec14450.jpg']
2025-10-10 20:18:14,689 - routes.properties - INFO - Property inserted successfully with ID: 68e91cae2e9470e12ce435ed
2025-10-10 20:18:16,489 - routes.properties - INFO - GET /properties/user/my-properties - Getting user's properties
2025-10-10 20:18:16,489 - routes.properties - INFO - Role verification - User: ram@gmail.com, Role: seller, Authorized: True
2025-10-10 20:18:16,489 - routes.properties - INFO - Fetching properties for user: ram@gmail.com (ID: 68e7b3fc28055f8855e8398c)
2025-10-10 20:18:16,528 - routes.properties - INFO - Found 7 properties for user 68e7b3fc28055f8855e8398c
2025-10-10 20:24:14,499 - routes.properties - INFO - GET /properties/user/my-properties - Getting user's properties
2025-10-10 20:24:14,499 - routes.properties - INFO - Role verification - User: ram@gmail.com, Role: seller, Authorized: True
2025-10-10 20:24:14,499 - routes.properties - INFO - Fetching properties for user: ram@gmail.com (ID: 68e7b3fc28055f8855e8398c)
2025-10-10 20:24:14,539 - routes.properties - INFO - Found 7 properties for user 68e7b3fc28055f8855e8398c
2025-10-10 20:24:14,593 - routes.properties - INFO - GET /properties/user/my-properties - Getting user's properties
2025-10-10 20:24:14,593 - routes.properties - INFO - Role verification - User: ram@gmail.com, Role: seller, Authorized: True
2025-10-10 20:24:14,593 - routes.properties - INFO - Fetching properties for user: ram@gmail.com (ID: 68e7b3fc28055f8855e8398c)
2025-10-10 20:24:14,634 - routes.properties - INFO - Found 7 properties for user 68e7b3fc28055f8855e8398c
2025-10-10 20:27:39,788 - routes.properties - INFO - GET /properties/user/my-properties - Getting user's properties
2025-10-10 20:27:39,789 - routes.properties - INFO - Role verification - User: ram@gmail.com, Role: seller, Authorized: True
2025-10-10 20:27:39,789 - routes.properties - INFO - Fetching properties for user: ram@gmail.com (ID: 68e7b3fc28055f8855e8398c)
2025-10-10 20:27:39,825 - routes.properties - INFO - Found 7 properties for user 68e7b3fc28055f8855e8398c
2025-10-10 20:27:39,862 - routes.properties - INFO - GET /properties/user/my-properties - Getting user's properties
2025-10-10 20:27:39,862 - routes.properties - INFO - Role verification - User: ram@gmail.com, Role: seller, Authorized: True
2025-10-10 20:27:39,862 - routes.properties - INFO - Fetching properties for user: ram@gmail.com (ID: 68e7b3fc28055f8855e8398c)
2025-10-10 20:27:39,901 - routes.properties - INFO - Found 7 properties for user 68e7b3fc28055f8855e8398c
2025-10-10 22:18:51,617 - routes.auth - INFO - POST /auth/login - Login attempt
2025-10-10 22:18:51,618 - routes.auth - INFO - Login attempt - Email: ram@gmail.com
2025-10-10 22:18:52,153 - routes.auth - INFO - Login successful - Email: ram@gmail.com, Role: seller
2025-10-10 22:19:02,361 - routes.properties - INFO - GET /properties/user/my-properties - Getting user's properties
2025-10-10 22:19:02,361 - routes.properties - INFO - Role verification - User: ram@gmail.com, Role: seller, Authorized: True
2025-10-10 22:19:02,361 - routes.properties - INFO - Fetching properties for user: ram@gmail.com (ID: 68e7b3fc28055f8855e8398c)
2025-10-10 22:19:02,400 - routes.properties - INFO - Found 7 properties for user 68e7b3fc28055f8855e8398c
2025-10-10 22:19:02,441 - routes.properties - INFO - GET /properties/user/my-properties - Getting user's properties
2025-10-10 22:19:02,441 - routes.properties - INFO - Role verification - User: ram@gmail.com, Role: seller, Authorized: True
2025-10-10 22:19:02,441 - routes.properties - INFO - Fetching properties for user: ram@gmail.com (ID: 68e7b3fc28055f8855e8398c)
2025-10-10 22:19:02,478 - routes.properties - INFO - Found 7 properties for user 68e7b3fc28055f8855e8398c
2025-10-10 22:21:32,032 - routes.properties - INFO - GET /properties/user/my-properties - Getting user's properties
2025-10-10 22:21:32,032 - routes.properties - INFO - Role verification - User: ram@gmail.com, Role: seller, Authorized: True
2025-10-10 22:21:32,032 - routes.properties - INFO - Fetching properties for user: ram@gmail.com (ID: 68e7b3fc28055f8855e8398c)
2025-10-10 22:21:32,071 - routes.properties - INFO - Found 7 properties for user 68e7b3fc28055f8855e8398c
2025-10-10 22:21:32,113 - routes.properties - INFO - GET /properties/user/my-properties - Getting user's properties
2025-10-10 22:21:32,113 - routes.properties - INFO - Role verification - User: ram@gmail.com, Role: seller, Authorized: True
2025-10-10 22:21:32,113 - routes.properties - INFO - Fetching properties for user: ram@gmail.com (ID: 68e7b3fc28055f8855e8398c)
2025-10-10 22:21:32,150 - routes.properties - INFO - Found 7 properties for user 68e7b3fc28055f8855e8398c
2025-10-10 22:29:46,091 - routes.properties - INFO - GET /properties/user/my-properties - Getting user's properties
2025-10-10 22:29:46,092 - routes.properties - INFO - Role verification - User: ram@gmail.com, Role: seller, Authorized: True
2025-10-10 22:29:46,092 - routes.properties - INFO - Fetching properties for user: ram@gmail.com (ID: 68e7b3fc28055f8855e8398c)
2025-10-10 22:29:46,129 - routes.properties - INFO - Found 7 properties for user 68e7b3fc28055f8855e8398c
2025-10-10 22:29:46,167 - routes.properties - INFO - GET /properties/user/my-properties - Getting user's properties
2025-10-10 22:29:46,167 - routes.properties - INFO - Role verification - User: ram@gmail.com, Role: seller, Authorized: True
2025-10-10 22:29:46,168 - routes.properties - INFO - Fetching properties for user: ram@gmail.com (ID: 68e7b3fc28055f8855e8398c)
2025-10-10 22:29:46,202 - routes.properties - INFO - Found 7 properties for user 68e7b3fc28055f8855e8398c
2025-10-10 22:29:48,584 - routes.properties - INFO - GET /properties/user/my-properties - Getting user's properties
2025-10-10 22:29:48,584 - routes.properties - INFO - Role verification - User: ram@gmail.com, Role: seller, Authorized: True
2025-10-10 22:29:48,584 - routes.properties - INFO - Fetching properties for user: ram@gmail.com (ID: 68e7b3fc28055f8855e8398c)
2025-10-10 22:29:48,632 - routes.properties - INFO - Found 7 properties for user 68e7b3fc28055f8855e8398c
2025-10-10 22:29:48,678 - routes.properties - INFO - GET /properties/user/my-properties - Getting user's properties
2025-10-10 22:29:48,678 - routes.properties - INFO - Role verification - User: ram@gmail.com, Role: seller, Authorized: True
2025-10-10 22:29:48,678 - routes.properties - INFO - Fetching properties for user: ram@gmail.com (ID: 68e7b3fc28055f8855e8398c)
2025-10-10 22:29:48,712 - routes.properties - INFO - Found 7 properties for user 68e7b3fc28055f8855e8398c
2025-10-10 22:30:11,470 - routes.auth - INFO - POST /auth/login - Login attempt
2025-10-10 22:30:11,470 - routes.auth - INFO - Login attempt - Email: ram@gmail.com
2025-10-10 22:30:11,745 - routes.auth - INFO - Login successful - Email: ram@gmail.com, Role: seller
2025-10-10 22:30:18,302 - routes.properties - INFO - GET /properties/user/my-properties - Getting user's properties
2025-10-10 22:30:18,303 - routes.properties - INFO - Role verification - User: ram@gmail.com, Role: seller, Authorized: True
2025-10-10 22:30:18,303 - routes.properties - INFO - Fetching properties for user: ram@gmail.com (ID: 68e7b3fc28055f8855e8398c)
2025-10-10 22:30:18,339 - routes.properties - INFO - Found 7 properties for user 68e7b3fc28055f8855e8398c
2025-10-10 22:30:18,378 - routes.properties - INFO - GET /properties/user/my-properties - Getting user's properties
2025-10-10 22:30:18,378 - routes.properties - INFO - Role verification - User: ram@gmail.com, Role: seller, Authorized: True
2025-10-10 22:30:18,378 - routes.properties - INFO - Fetching properties for user: ram@gmail.com (ID: 68e7b3fc28055f8855e8398c)
2025-10-10 22:30:18,413 - routes.properties - INFO - Found 7 properties for user 68e7b3fc28055f8855e8398c
2025-10-10 22:39:59,150 - routes.properties - INFO - POST /properties - Adding new property
2025-10-10 22:39:59,151 - routes.properties - INFO - Role verification - User: ram@gmail.com, Role: seller, Authorized: True
2025-10-10 22:39:59,153 - routes.properties - INFO - Received image_urls: [UploadFile(filename='property-1.jpg', size=89729, headers=Headers({'content-disposition': 'form-data; name="image_urls"; filename="property-1.jpg"', 'content-type': 'image/jpeg'}))]
2025-10-10 22:39:59,154 - routes.properties - INFO - Saved image: property-1.jpg -> /uploads/properties/new_property_a5b5eb16849e4875a59eadc4f2637261.jpg
2025-10-10 22:39:59,155 - routes.properties - INFO - Uploaded image URLs: ['/uploads/properties/new_property_a5b5eb16849e4875a59eadc4f2637261.jpg']
2025-10-10 22:39:59,252 - routes.properties - INFO - Property inserted successfully with ID: 68e93de7c7eb04da4a5cdf52
2025-10-10 22:40:01,641 - routes.properties - INFO - GET /properties/user/my-properties - Getting user's properties
2025-10-10 22:40:01,641 - routes.properties - INFO - Role verification - User: ram@gmail.com, Role: seller, Authorized: True
2025-10-10 22:40:01,641 - routes.properties - INFO - Fetching properties for user: ram@gmail.com (ID: 68e7b3fc28055f8855e8398c)
2025-10-10 22:40:01,683 - routes.properties - INFO - Found 8 properties for user 68e7b3fc28055f8855e8398c
2025-10-10 22:45:49,877 - routes.properties - INFO - GET /properties/user/my-properties - Getting user's properties
2025-10-10 22:45:49,877 - routes.properties - INFO - Role verification - User: ram@gmail.com, Role: seller, Authorized: True
2025-10-10 22:45:49,877 - routes.properties - INFO - Fetching properties for user: ram@gmail.com (ID: 68e7b3fc28055f8855e8398c)
2025-10-10 22:45:49,917 - routes.properties - INFO - Found 8 properties for user 68e7b3fc28055f8855e8398c
2025-10-10 22:45:49,957 - routes.properties - INFO - GET /properties/user/my-properties - Getting user's properties
2025-10-10 22:45:49,957 - routes.properties - INFO - Role verification - User: ram@gmail.com, Role: seller, Authorized: True
2025-10-10 22:45:49,957 - routes.properties - INFO - Fetching properties for user: ram@gmail.com (ID: 68e7b3fc28055f8855e8398c)
2025-10-10 22:45:49,994 - routes.properties - INFO - Found 8 properties for user 68e7b3fc28055f8855e8398c
2025-10-11 00:00:01,815 - routes.auth - INFO - POST /auth/login - Login attempt
2025-10-11 00:00:01,815 - routes.auth - INFO - Login attempt - Email: ram@gmail.com
2025-10-11 00:00:02,358 - routes.auth - INFO - Login successful - Email: ram@gmail.com, Role: seller
2025-10-11 00:00:08,275 - routes.properties - INFO - GET /properties/user/my-properties - Getting user's properties
2025-10-11 00:00:08,275 - routes.properties - INFO - Role verification - User: ram@gmail.com, Role: seller, Authorized: True
2025-10-11 00:00:08,275 - routes.properties - INFO - Fetching properties for user: ram@gmail.com (ID: 68e7b3fc28055f8855e8398c)
2025-10-11 00:00:08,315 - routes.properties - INFO - Found 8 properties for user 68e7b3fc28055f8855e8398c
2025-10-11 00:00:08,361 - routes.properties - INFO - GET /properties/user/my-properties - Getting user's properties
2025-10-11 00:00:08,361 - routes.properties - INFO - Role verification - User: ram@gmail.com, Role: seller, Authorized: True
2025-10-11 00:00:08,361 - routes.properties - INFO - Fetching properties for user: ram@gmail.com (ID: 68e7b3fc28055f8855e8398c)
2025-10-11 00:00:08,400 - routes.properties - INFO - Found 8 properties for user 68e7b3fc28055f8855e8398c
2025-10-11 00:04:43,105 - routes.properties - INFO - GET /properties/user/my-properties - Getting user's properties
2025-10-11 00:04:43,106 - routes.properties - INFO - Role verification - User: ram@gmail.com, Role: seller, Authorized: True
2025-10-11 00:04:43,107 - routes.properties - INFO - Fetching properties for user: ram@gmail.com (ID: 68e7b3fc28055f8855e8398c)
2025-10-11 00:04:43,144 - routes.properties - INFO - Found 8 properties for user 68e7b3fc28055f8855e8398c
2025-10-11 00:04:43,184 - routes.properties - INFO - GET /properties/user/my-properties - Getting user's properties
2025-10-11 00:04:43,184 - routes.properties - INFO - Role verification - User: ram@gmail.com, Role: seller, Authorized: True
2025-10-11 00:04:43,184 - routes.properties - INFO - Fetching properties for user: ram@gmail.com (ID: 68e7b3fc28055f8855e8398c)
2025-10-11 00:04:43,222 - routes.properties - INFO - Found 8 properties for user 68e7b3fc28055f8855e8398c
2025-10-11 00:07:08,343 - routes.properties - INFO - GET /properties/user/my-properties - Getting user's properties
2025-10-11 00:07:08,382 - routes.properties - INFO - Role verification - User: ram@gmail.com, Role: seller, Authorized: True
2025-10-11 00:07:08,383 - routes.properties - INFO - Fetching properties for user: ram@gmail.com (ID: 68e7b3fc28055f8855e8398c)
2025-10-11 00:07:08,423 - routes.properties - INFO - Found 8 properties for user 68e7b3fc28055f8855e8398c
2025-10-11 00:07:08,471 - routes.properties - INFO - GET /properties/user/my-properties - Getting user's properties
2025-10-11 00:07:08,471 - routes.properties - INFO - Role verification - User: ram@gmail.com, Role: seller, Authorized: True
2025-10-11 00:07:08,471 - routes.properties - INFO - Fetching properties for user: ram@gmail.com (ID: 68e7b3fc28055f8855e8398c)
2025-10-11 00:07:08,514 - routes.properties - INFO - Found 8 properties for user 68e7b3fc28055f8855e8398c
2025-10-11 00:57:31,382 - routes.properties - INFO - GET /properties/user/my-properties - Getting user's properties
2025-10-11 00:57:31,382 - routes.properties - INFO - Role verification - User: ram@gmail.com, Role: seller, Authorized: True
2025-10-11 00:57:31,383 - routes.properties - INFO - Fetching properties for user: ram@gmail.com (ID: 68e7b3fc28055f8855e8398c)
2025-10-11 00:57:31,426 - routes.properties - INFO - Found 8 properties for user 68e7b3fc28055f8855e8398c
2025-10-11 00:57:31,471 - routes.properties - INFO - GET /properties/user/my-properties - Getting user's properties
2025-10-11 00:57:31,471 - routes.properties - INFO - Role verification - User: ram@gmail.com, Role: seller, Authorized: True
2025-10-11 00:57:31,471 - routes.properties - INFO - Fetching properties for user: ram@gmail.com (ID: 68e7b3fc28055f8855e8398c)
2025-10-11 00:57:31,513 - routes.properties - INFO - Found 8 properties for user 68e7b3fc28055f8855e8398c
2025-10-11 01:03:05,103 - routes.auth - INFO - POST /auth/login - Login attempt
2025-10-11 01:03:05,104 - routes.auth - INFO - Login attempt - Email: ram@gmail.com
2025-10-11 01:03:05,689 - routes.auth - INFO - Login successful - Email: ram@gmail.com, Role: seller
2025-10-11 01:03:10,210 - routes.properties - INFO - GET /properties/user/my-properties - Getting user's properties
2025-10-11 01:03:10,210 - routes.properties - INFO - Role verification - User: ram@gmail.com, Role: seller, Authorized: True
2025-10-11 01:03:10,210 - routes.properties - INFO - Fetching properties for user: ram@gmail.com (ID: 68e7b3fc28055f8855e8398c)
2025-10-11 01:03:10,250 - routes.properties - INFO - Found 8 properties for user 68e7b3fc28055f8855e8398c
2025-10-11 01:03:10,250 - routes.properties - INFO - Property 68e7b4fe28055f8855e8398d had no image_urls field; initialized to empty list
2025-10-11 01:03:10,250 - routes.properties - INFO - Property 68e7b9bf28055f8855e8398e had no image_urls field; initialized to empty list
2025-10-11 01:03:10,250 - routes.properties - INFO - Property 68e7bb2028055f8855e8398f had no image_urls field; initialized to empty list
2025-10-11 01:03:10,302 - routes.properties - INFO - GET /properties/user/my-properties - Getting user's properties
2025-10-11 01:03:10,302 - routes.properties - INFO - Role verification - User: ram@gmail.com, Role: seller, Authorized: True
2025-10-11 01:03:10,302 - routes.properties - INFO - Fetching properties for user: ram@gmail.com (ID: 68e7b3fc28055f8855e8398c)
2025-10-11 01:03:10,342 - routes.properties - INFO - Found 8 properties for user 68e7b3fc28055f8855e8398c
2025-10-11 01:03:10,342 - routes.properties - INFO - Property 68e7b4fe28055f8855e8398d had no image_urls field; initialized to empty list
2025-10-11 01:03:10,342 - routes.properties - INFO - Property 68e7b9bf28055f8855e8398e had no image_urls field; initialized to empty list
2025-10-11 01:03:10,342 - routes.properties - INFO - Property 68e7bb2028055f8855e8398f had no image_urls field; initialized to empty list
2025-10-11 01:07:46,062 - routes.properties - INFO - GET /properties/user/my-properties - Getting user's properties
2025-10-11 01:07:46,062 - routes.properties - INFO - Role verification - User: ram@gmail.com, Role: seller, Authorized: True
2025-10-11 01:07:46,062 - routes.properties - INFO - Fetching properties for user: ram@gmail.com (ID: 68e7b3fc28055f8855e8398c)
2025-10-11 01:07:46,104 - routes.properties - INFO - Found 8 properties for user 68e7b3fc28055f8855e8398c
2025-10-11 01:07:46,104 - routes.properties - INFO - Property 'aradhanini' (ID: 68e7b4fe28055f8855e8398d):
2025-10-11 01:07:46,104 - routes.properties - INFO -   - Raw image_urls from DB: None
2025-10-11 01:07:46,104 - routes.properties - INFO -   - Type of image_urls: <class 'NoneType'>
2025-10-11 01:07:46,104 - routes.properties - INFO -   - No image_urls field; initialized to empty list
2025-10-11 01:07:46,105 - routes.properties - INFO -   - Number of images: 0
2025-10-11 01:07:46,105 - routes.properties - INFO -   - Photos count in DB: 0
2025-10-11 01:07:46,105 - routes.properties - INFO - Property 'rameshwaram rameshwaram rameshwaram rameshwaram' (ID: 68e7b9bf28055f8855e8398e):
2025-10-11 01:07:46,105 - routes.properties - INFO -   - Raw image_urls from DB: None
2025-10-11 01:07:46,105 - routes.properties - INFO -   - Type of image_urls: <class 'NoneType'>
2025-10-11 01:07:46,105 - routes.properties - INFO -   - No image_urls field; initialized to empty list
2025-10-11 01:07:46,105 - routes.properties - INFO -   - Number of images: 0
2025-10-11 01:07:46,105 - routes.properties - INFO -   - Photos count in DB: 0
2025-10-11 01:07:46,105 - routes.properties - INFO - Property 'rameshwaram rameshwaram rameshwaram rameshwaram' (ID: 68e7bb2028055f8855e8398f):
2025-10-11 01:07:46,105 - routes.properties - INFO -   - Raw image_urls from DB: None
2025-10-11 01:07:46,105 - routes.properties - INFO -   - Type of image_urls: <class 'NoneType'>
2025-10-11 01:07:46,105 - routes.properties - INFO -   - No image_urls field; initialized to empty list
2025-10-11 01:07:46,105 - routes.properties - INFO -   - Number of images: 0
2025-10-11 01:07:46,105 - routes.properties - INFO -   - Photos count in DB: 0
2025-10-11 01:07:46,105 - routes.properties - INFO - Property 'Luxury 3 BHK Apartment' (ID: 68e8f56a31e9ca37a6773743):
2025-10-11 01:07:46,105 - routes.properties - INFO -   - Raw image_urls from DB: []
2025-10-11 01:07:46,106 - routes.properties - INFO -   - Type of image_urls: <class 'list'>
2025-10-11 01:07:46,106 - routes.properties - INFO -   - Number of images: 0
2025-10-11 01:07:46,106 - routes.properties - INFO -   - Photos count in DB: 0
2025-10-11 01:07:46,106 - routes.properties - INFO - Property 'Luxury 1 BHK Apartment' (ID: 68e8fa13e80e07cd9d303b22):
2025-10-11 01:07:46,106 - routes.properties - INFO -   - Raw image_urls from DB: []
2025-10-11 01:07:46,106 - routes.properties - INFO -   - Type of image_urls: <class 'list'>
2025-10-11 01:07:46,106 - routes.properties - INFO -   - Number of images: 0
2025-10-11 01:07:46,106 - routes.properties - INFO -   - Photos count in DB: 0
2025-10-11 01:07:46,106 - routes.properties - INFO - Property '6 bhk apartment' (ID: 68e907542e9470e12ce435ec):
2025-10-11 01:07:46,106 - routes.properties - INFO -   - Raw image_urls from DB: ['/uploads/properties/68e907542e9470e12ce435ec_bebf826a65a1496580895c380e490382.jpg']
2025-10-11 01:07:46,106 - routes.properties - INFO -   - Type of image_urls: <class 'list'>
2025-10-11 01:07:46,107 - routes.properties - INFO -   - Number of images: 1
2025-10-11 01:07:46,107 - routes.properties - INFO -     Image 0: /uploads/properties/68e907542e9470e12ce435ec_bebf826a65a1496580895c380e490382.jpg -> http://localhost:8000/uploads/properties/68e907542e9470e12ce435ec_bebf826a65a1496580895c380e490382.jpg
2025-10-11 01:07:46,107 - routes.properties - INFO -   - Photos count in DB: 1
2025-10-11 01:07:46,107 - routes.properties - INFO - Property 'beautiful 1 bhk house' (ID: 68e91cae2e9470e12ce435ed):
2025-10-11 01:07:46,107 - routes.properties - INFO -   - Raw image_urls from DB: ['/uploads/properties/68e91cae2e9470e12ce435ed_e3fa12c61a184f7fb50322450c82cc36.jpg']
2025-10-11 01:07:46,107 - routes.properties - INFO -   - Type of image_urls: <class 'list'>
2025-10-11 01:07:46,107 - routes.properties - INFO -   - Number of images: 1
2025-10-11 01:07:46,107 - routes.properties - INFO -     Image 0: /uploads/properties/68e91cae2e9470e12ce435ed_e3fa12c61a184f7fb50322450c82cc36.jpg -> http://localhost:8000/uploads/properties/68e91cae2e9470e12ce435ed_e3fa12c61a184f7fb50322450c82cc36.jpg
2025-10-11 01:07:46,107 - routes.properties - INFO -   - Photos count in DB: 1
2025-10-11 01:07:46,107 - routes.properties - INFO - Property 'asdfghjkl' (ID: 68e93de7c7eb04da4a5cdf52):
2025-10-11 01:07:46,107 - routes.properties - INFO -   - Raw image_urls from DB: ['/uploads/properties/68e93de7c7eb04da4a5cdf52_7ca12139b9fa471b9c0bcaa3e0786d8a.jpg']
2025-10-11 01:07:46,107 - routes.properties - INFO -   - Type of image_urls: <class 'list'>
2025-10-11 01:07:46,107 - routes.properties - INFO -   - Number of images: 1
2025-10-11 01:07:46,107 - routes.properties - INFO -     Image 0: /uploads/properties/68e93de7c7eb04da4a5cdf52_7ca12139b9fa471b9c0bcaa3e0786d8a.jpg -> http://localhost:8000/uploads/properties/68e93de7c7eb04da4a5cdf52_7ca12139b9fa471b9c0bcaa3e0786d8a.jpg
2025-10-11 01:07:46,107 - routes.properties - INFO -   - Photos count in DB: 1
2025-10-11 01:07:46,151 - routes.properties - INFO - GET /properties/user/my-properties - Getting user's properties
2025-10-11 01:07:46,151 - routes.properties - INFO - Role verification - User: ram@gmail.com, Role: seller, Authorized: True
2025-10-11 01:07:46,151 - routes.properties - INFO - Fetching properties for user: ram@gmail.com (ID: 68e7b3fc28055f8855e8398c)
2025-10-11 01:07:46,189 - routes.properties - INFO - Found 8 properties for user 68e7b3fc28055f8855e8398c
2025-10-11 01:07:46,189 - routes.properties - INFO - Property 'aradhanini' (ID: 68e7b4fe28055f8855e8398d):
2025-10-11 01:07:46,189 - routes.properties - INFO -   - Raw image_urls from DB: None
2025-10-11 01:07:46,189 - routes.properties - INFO -   - Type of image_urls: <class 'NoneType'>
2025-10-11 01:07:46,189 - routes.properties - INFO -   - No image_urls field; initialized to empty list
2025-10-11 01:07:46,189 - routes.properties - INFO -   - Number of images: 0
2025-10-11 01:07:46,189 - routes.properties - INFO -   - Photos count in DB: 0
2025-10-11 01:07:46,189 - routes.properties - INFO - Property 'rameshwaram rameshwaram rameshwaram rameshwaram' (ID: 68e7b9bf28055f8855e8398e):
2025-10-11 01:07:46,190 - routes.properties - INFO -   - Raw image_urls from DB: None
2025-10-11 01:07:46,190 - routes.properties - INFO -   - Type of image_urls: <class 'NoneType'>
2025-10-11 01:07:46,190 - routes.properties - INFO -   - No image_urls field; initialized to empty list
2025-10-11 01:07:46,190 - routes.properties - INFO -   - Number of images: 0
2025-10-11 01:07:46,190 - routes.properties - INFO -   - Photos count in DB: 0
2025-10-11 01:07:46,190 - routes.properties - INFO - Property 'rameshwaram rameshwaram rameshwaram rameshwaram' (ID: 68e7bb2028055f8855e8398f):
2025-10-11 01:07:46,190 - routes.properties - INFO -   - Raw image_urls from DB: None
2025-10-11 01:07:46,190 - routes.properties - INFO -   - Type of image_urls: <class 'NoneType'>
2025-10-11 01:07:46,190 - routes.properties - INFO -   - No image_urls field; initialized to empty list
2025-10-11 01:07:46,190 - routes.properties - INFO -   - Number of images: 0
2025-10-11 01:07:46,190 - routes.properties - INFO -   - Photos count in DB: 0
2025-10-11 01:07:46,190 - routes.properties - INFO - Property 'Luxury 3 BHK Apartment' (ID: 68e8f56a31e9ca37a6773743):
2025-10-11 01:07:46,190 - routes.properties - INFO -   - Raw image_urls from DB: []
2025-10-11 01:07:46,190 - routes.properties - INFO -   - Type of image_urls: <class 'list'>
2025-10-11 01:07:46,190 - routes.properties - INFO -   - Number of images: 0
2025-10-11 01:07:46,190 - routes.properties - INFO -   - Photos count in DB: 0
2025-10-11 01:07:46,190 - routes.properties - INFO - Property 'Luxury 1 BHK Apartment' (ID: 68e8fa13e80e07cd9d303b22):
2025-10-11 01:07:46,190 - routes.properties - INFO -   - Raw image_urls from DB: []
2025-10-11 01:07:46,190 - routes.properties - INFO -   - Type of image_urls: <class 'list'>
2025-10-11 01:07:46,190 - routes.properties - INFO -   - Number of images: 0
2025-10-11 01:07:46,191 - routes.properties - INFO -   - Photos count in DB: 0
2025-10-11 01:07:46,191 - routes.properties - INFO - Property '6 bhk apartment' (ID: 68e907542e9470e12ce435ec):
2025-10-11 01:07:46,191 - routes.properties - INFO -   - Raw image_urls from DB: ['/uploads/properties/68e907542e9470e12ce435ec_bebf826a65a1496580895c380e490382.jpg']
2025-10-11 01:07:46,191 - routes.properties - INFO -   - Type of image_urls: <class 'list'>
2025-10-11 01:07:46,191 - routes.properties - INFO -   - Number of images: 1
2025-10-11 01:07:46,191 - routes.properties - INFO -     Image 0: /uploads/properties/68e907542e9470e12ce435ec_bebf826a65a1496580895c380e490382.jpg -> http://localhost:8000/uploads/properties/68e907542e9470e12ce435ec_bebf826a65a1496580895c380e490382.jpg
2025-10-11 01:07:46,191 - routes.properties - INFO -   - Photos count in DB: 1
2025-10-11 01:07:46,191 - routes.properties - INFO - Property 'beautiful 1 bhk house' (ID: 68e91cae2e9470e12ce435ed):
2025-10-11 01:07:46,191 - routes.properties - INFO -   - Raw image_urls from DB: ['/uploads/properties/68e91cae2e9470e12ce435ed_e3fa12c61a184f7fb50322450c82cc36.jpg']
2025-10-11 01:07:46,191 - routes.properties - INFO -   - Type of image_urls: <class 'list'>
2025-10-11 01:07:46,191 - routes.properties - INFO -   - Number of images: 1
2025-10-11 01:07:46,191 - routes.properties - INFO -     Image 0: /uploads/properties/68e91cae2e9470e12ce435ed_e3fa12c61a184f7fb50322450c82cc36.jpg -> http://localhost:8000/uploads/properties/68e91cae2e9470e12ce435ed_e3fa12c61a184f7fb50322450c82cc36.jpg
2025-10-11 01:07:46,191 - routes.properties - INFO -   - Photos count in DB: 1
2025-10-11 01:07:46,191 - routes.properties - INFO - Property 'asdfghjkl' (ID: 68e93de7c7eb04da4a5cdf52):
2025-10-11 01:07:46,191 - routes.properties - INFO -   - Raw image_urls from DB: ['/uploads/properties/68e93de7c7eb04da4a5cdf52_7ca12139b9fa471b9c0bcaa3e0786d8a.jpg']
2025-10-11 01:07:46,191 - routes.properties - INFO -   - Type of image_urls: <class 'list'>
2025-10-11 01:07:46,191 - routes.properties - INFO -   - Number of images: 1
2025-10-11 01:07:46,191 - routes.properties - INFO -     Image 0: /uploads/properties/68e93de7c7eb04da4a5cdf52_7ca12139b9fa471b9c0bcaa3e0786d8a.jpg -> http://localhost:8000/uploads/properties/68e93de7c7eb04da4a5cdf52_7ca12139b9fa471b9c0bcaa3e0786d8a.jpg
2025-10-11 01:07:46,192 - routes.properties - INFO -   - Photos count in DB: 1
2025-10-11 01:13:23,014 - routes.properties - INFO - GET /properties/user/my-properties - Getting user's properties
2025-10-11 01:13:23,015 - routes.properties - INFO - Role verification - User: ram@gmail.com, Role: seller, Authorized: True
2025-10-11 01:13:23,015 - routes.properties - INFO - Fetching properties for user: ram@gmail.com (ID: 68e7b3fc28055f8855e8398c)
2025-10-11 01:13:23,054 - routes.properties - INFO - Found 8 properties for user 68e7b3fc28055f8855e8398c
2025-10-11 01:13:23,054 - routes.properties - INFO - Property 'aradhanini' (ID: 68e7b4fe28055f8855e8398d):
2025-10-11 01:13:23,054 - routes.properties - INFO -   - Raw image_urls from DB: None
2025-10-11 01:13:23,055 - routes.properties - INFO -   - Type of image_urls: <class 'NoneType'>
2025-10-11 01:13:23,055 - routes.properties - INFO -   - No image_urls field; initialized to empty list
2025-10-11 01:13:23,055 - routes.properties - INFO -   - Number of images: 0
2025-10-11 01:13:23,055 - routes.properties - INFO -   - Photos count in DB: 0
2025-10-11 01:13:23,055 - routes.properties - INFO - Property 'rameshwaram rameshwaram rameshwaram rameshwaram' (ID: 68e7b9bf28055f8855e8398e):
2025-10-11 01:13:23,055 - routes.properties - INFO -   - Raw image_urls from DB: None
2025-10-11 01:13:23,055 - routes.properties - INFO -   - Type of image_urls: <class 'NoneType'>
2025-10-11 01:13:23,055 - routes.properties - INFO -   - No image_urls field; initialized to empty list
2025-10-11 01:13:23,055 - routes.properties - INFO -   - Number of images: 0
2025-10-11 01:13:23,055 - routes.properties - INFO -   - Photos count in DB: 0
2025-10-11 01:13:23,055 - routes.properties - INFO - Property 'rameshwaram rameshwaram rameshwaram rameshwaram' (ID: 68e7bb2028055f8855e8398f):
2025-10-11 01:13:23,055 - routes.properties - INFO -   - Raw image_urls from DB: None
2025-10-11 01:13:23,055 - routes.properties - INFO -   - Type of image_urls: <class 'NoneType'>
2025-10-11 01:13:23,055 - routes.properties - INFO -   - No image_urls field; initialized to empty list
2025-10-11 01:13:23,055 - routes.properties - INFO -   - Number of images: 0
2025-10-11 01:13:23,055 - routes.properties - INFO -   - Photos count in DB: 0
2025-10-11 01:13:23,055 - routes.properties - INFO - Property 'Luxury 3 BHK Apartment' (ID: 68e8f56a31e9ca37a6773743):
2025-10-11 01:13:23,055 - routes.properties - INFO -   - Raw image_urls from DB: []
2025-10-11 01:13:23,055 - routes.properties - INFO -   - Type of image_urls: <class 'list'>
2025-10-11 01:13:23,055 - routes.properties - INFO -   - Number of images: 0
2025-10-11 01:13:23,055 - routes.properties - INFO -   - Photos count in DB: 0
2025-10-11 01:13:23,055 - routes.properties - INFO - Property 'Luxury 1 BHK Apartment' (ID: 68e8fa13e80e07cd9d303b22):
2025-10-11 01:13:23,055 - routes.properties - INFO -   - Raw image_urls from DB: []
2025-10-11 01:13:23,055 - routes.properties - INFO -   - Type of image_urls: <class 'list'>
2025-10-11 01:13:23,055 - routes.properties - INFO -   - Number of images: 0
2025-10-11 01:13:23,055 - routes.properties - INFO -   - Photos count in DB: 0
2025-10-11 01:13:23,055 - routes.properties - INFO - Property '6 bhk apartment' (ID: 68e907542e9470e12ce435ec):
2025-10-11 01:13:23,055 - routes.properties - INFO -   - Raw image_urls from DB: ['/uploads/properties/68e907542e9470e12ce435ec_bebf826a65a1496580895c380e490382.jpg']
2025-10-11 01:13:23,055 - routes.properties - INFO -   - Type of image_urls: <class 'list'>
2025-10-11 01:13:23,055 - routes.properties - INFO -   - Number of images: 1
2025-10-11 01:13:23,055 - routes.properties - INFO -     Image 0: /uploads/properties/68e907542e9470e12ce435ec_bebf826a65a1496580895c380e490382.jpg -> http://localhost:8000/uploads/properties/68e907542e9470e12ce435ec_bebf826a65a1496580895c380e490382.jpg
2025-10-11 01:13:23,055 - routes.properties - INFO -   - Photos count in DB: 1
2025-10-11 01:13:23,055 - routes.properties - INFO - Property 'beautiful 1 bhk house' (ID: 68e91cae2e9470e12ce435ed):
2025-10-11 01:13:23,057 - routes.properties - INFO -   - Raw image_urls from DB: ['/uploads/properties/68e91cae2e9470e12ce435ed_e3fa12c61a184f7fb50322450c82cc36.jpg']
2025-10-11 01:13:23,057 - routes.properties - INFO -   - Type of image_urls: <class 'list'>
2025-10-11 01:13:23,057 - routes.properties - INFO -   - Number of images: 1
2025-10-11 01:13:23,057 - routes.properties - INFO -     Image 0: /uploads/properties/68e91cae2e9470e12ce435ed_e3fa12c61a184f7fb50322450c82cc36.jpg -> http://localhost:8000/uploads/properties/68e91cae2e9470e12ce435ed_e3fa12c61a184f7fb50322450c82cc36.jpg
2025-10-11 01:13:23,057 - routes.properties - INFO -   - Photos count in DB: 1
2025-10-11 01:13:23,057 - routes.properties - INFO - Property 'asdfghjkl' (ID: 68e93de7c7eb04da4a5cdf52):
2025-10-11 01:13:23,057 - routes.properties - INFO -   - Raw image_urls from DB: ['/uploads/properties/68e93de7c7eb04da4a5cdf52_7ca12139b9fa471b9c0bcaa3e0786d8a.jpg']
2025-10-11 01:13:23,057 - routes.properties - INFO -   - Type of image_urls: <class 'list'>
2025-10-11 01:13:23,057 - routes.properties - INFO -   - Number of images: 1
2025-10-11 01:13:23,057 - routes.properties - INFO -     Image 0: /uploads/properties/68e93de7c7eb04da4a5cdf52_7ca12139b9fa471b9c0bcaa3e0786d8a.jpg -> http://localhost:8000/uploads/properties/68e93de7c7eb04da4a5cdf52_7ca12139b9fa471b9c0bcaa3e0786d8a.jpg
2025-10-11 01:13:23,057 - routes.properties - INFO -   - Photos count in DB: 1
2025-10-11 01:13:23,099 - routes.properties - INFO - GET /properties/user/my-properties - Getting user's properties
2025-10-11 01:13:23,100 - routes.properties - INFO - Role verification - User: ram@gmail.com, Role: seller, Authorized: True
2025-10-11 01:13:23,100 - routes.properties - INFO - Fetching properties for user: ram@gmail.com (ID: 68e7b3fc28055f8855e8398c)
2025-10-11 01:13:23,139 - routes.properties - INFO - Found 8 properties for user 68e7b3fc28055f8855e8398c
2025-10-11 01:13:23,139 - routes.properties - INFO - Property 'aradhanini' (ID: 68e7b4fe28055f8855e8398d):
2025-10-11 01:13:23,140 - routes.properties - INFO -   - Raw image_urls from DB: None
2025-10-11 01:13:23,140 - routes.properties - INFO -   - Type of image_urls: <class 'NoneType'>
2025-10-11 01:13:23,140 - routes.properties - INFO -   - No image_urls field; initialized to empty list
2025-10-11 01:13:23,140 - routes.properties - INFO -   - Number of images: 0
2025-10-11 01:13:23,140 - routes.properties - INFO -   - Photos count in DB: 0
2025-10-11 01:13:23,140 - routes.properties - INFO - Property 'rameshwaram rameshwaram rameshwaram rameshwaram' (ID: 68e7b9bf28055f8855e8398e):
2025-10-11 01:13:23,140 - routes.properties - INFO -   - Raw image_urls from DB: None
2025-10-11 01:13:23,141 - routes.properties - INFO -   - Type of image_urls: <class 'NoneType'>
2025-10-11 01:13:23,141 - routes.properties - INFO -   - No image_urls field; initialized to empty list
2025-10-11 01:13:23,141 - routes.properties - INFO -   - Number of images: 0
2025-10-11 01:13:23,141 - routes.properties - INFO -   - Photos count in DB: 0
2025-10-11 01:13:23,141 - routes.properties - INFO - Property 'rameshwaram rameshwaram rameshwaram rameshwaram' (ID: 68e7bb2028055f8855e8398f):
2025-10-11 01:13:23,141 - routes.properties - INFO -   - Raw image_urls from DB: None
2025-10-11 01:13:23,141 - routes.properties - INFO -   - Type of image_urls: <class 'NoneType'>
2025-10-11 01:13:23,141 - routes.properties - INFO -   - No image_urls field; initialized to empty list
2025-10-11 01:13:23,142 - routes.properties - INFO -   - Number of images: 0
2025-10-11 01:13:23,142 - routes.properties - INFO -   - Photos count in DB: 0
2025-10-11 01:13:23,142 - routes.properties - INFO - Property 'Luxury 3 BHK Apartment' (ID: 68e8f56a31e9ca37a6773743):
2025-10-11 01:13:23,142 - routes.properties - INFO -   - Raw image_urls from DB: []
2025-10-11 01:13:23,142 - routes.properties - INFO -   - Type of image_urls: <class 'list'>
2025-10-11 01:13:23,142 - routes.properties - INFO -   - Number of images: 0
2025-10-11 01:13:23,142 - routes.properties - INFO -   - Photos count in DB: 0
2025-10-11 01:13:23,142 - routes.properties - INFO - Property 'Luxury 1 BHK Apartment' (ID: 68e8fa13e80e07cd9d303b22):
2025-10-11 01:13:23,142 - routes.properties - INFO -   - Raw image_urls from DB: []
2025-10-11 01:13:23,142 - routes.properties - INFO -   - Type of image_urls: <class 'list'>
2025-10-11 01:13:23,142 - routes.properties - INFO -   - Number of images: 0
2025-10-11 01:13:23,142 - routes.properties - INFO -   - Photos count in DB: 0
2025-10-11 01:13:23,142 - routes.properties - INFO - Property '6 bhk apartment' (ID: 68e907542e9470e12ce435ec):
2025-10-11 01:13:23,143 - routes.properties - INFO -   - Raw image_urls from DB: ['/uploads/properties/68e907542e9470e12ce435ec_bebf826a65a1496580895c380e490382.jpg']
2025-10-11 01:13:23,143 - routes.properties - INFO -   - Type of image_urls: <class 'list'>
2025-10-11 01:13:23,143 - routes.properties - INFO -   - Number of images: 1
2025-10-11 01:13:23,143 - routes.properties - INFO -     Image 0: /uploads/properties/68e907542e9470e12ce435ec_bebf826a65a1496580895c380e490382.jpg -> http://localhost:8000/uploads/properties/68e907542e9470e12ce435ec_bebf826a65a1496580895c380e490382.jpg
2025-10-11 01:13:23,143 - routes.properties - INFO -   - Photos count in DB: 1
2025-10-11 01:13:23,143 - routes.properties - INFO - Property 'beautiful 1 bhk house' (ID: 68e91cae2e9470e12ce435ed):
2025-10-11 01:13:23,143 - routes.properties - INFO -   - Raw image_urls from DB: ['/uploads/properties/68e91cae2e9470e12ce435ed_e3fa12c61a184f7fb50322450c82cc36.jpg']
2025-10-11 01:13:23,143 - routes.properties - INFO -   - Type of image_urls: <class 'list'>
2025-10-11 01:13:23,143 - routes.properties - INFO -   - Number of images: 1
2025-10-11 01:13:23,143 - routes.properties - INFO -     Image 0: /uploads/properties/68e91cae2e9470e12ce435ed_e3fa12c61a184f7fb50322450c82cc36.jpg -> http://localhost:8000/uploads/properties/68e91cae2e9470e12ce435ed_e3fa12c61a184f7fb50322450c82cc36.jpg
2025-10-11 01:13:23,143 - routes.properties - INFO -   - Photos count in DB: 1
2025-10-11 01:13:23,143 - routes.properties - INFO - Property 'asdfghjkl' (ID: 68e93de7c7eb04da4a5cdf52):
2025-10-11 01:13:23,143 - routes.properties - INFO -   - Raw image_urls from DB: ['/uploads/properties/68e93de7c7eb04da4a5cdf52_7ca12139b9fa471b9c0bcaa3e0786d8a.jpg']
2025-10-11 01:13:23,143 - routes.properties - INFO -   - Type of image_urls: <class 'list'>
2025-10-11 01:13:23,143 - routes.properties - INFO -   - Number of images: 1
2025-10-11 01:13:23,143 - routes.properties - INFO -     Image 0: /uploads/properties/68e93de7c7eb04da4a5cdf52_7ca12139b9fa471b9c0bcaa3e0786d8a.jpg -> http://localhost:8000/uploads/properties/68e93de7c7eb04da4a5cdf52_7ca12139b9fa471b9c0bcaa3e0786d8a.jpg
2025-10-11 01:13:23,143 - routes.properties - INFO -   - Photos count in DB: 1
2025-10-11 01:37:57,135 - routes.properties - INFO - GET /properties/debug-files - Getting property details
2025-10-11 01:37:57,136 - routes.properties - ERROR - Invalid property ID format: debug-files
2025-10-11 01:37:57,136 - routes.properties - WARNING - HTTPException raised during property retrieval
2025-10-11 01:39:12,371 - routes.properties - INFO - GET /properties/debug-files - Getting property details
2025-10-11 01:39:12,372 - routes.properties - ERROR - Invalid property ID format: debug-files
2025-10-11 01:39:12,372 - routes.properties - WARNING - HTTPException raised during property retrieval
2025-10-11 01:42:48,228 - routes.properties - INFO - GET /properties/debug-files - Getting property details
2025-10-11 01:42:48,228 - routes.properties - ERROR - Invalid property ID format: debug-files
2025-10-11 01:42:48,228 - routes.properties - WARNING - HTTPException raised during property retrieval
2025-10-11 14:45:49,281 - routes.auth - INFO - POST /auth/login - Login attempt
2025-10-11 14:45:49,282 - routes.auth - INFO - Login attempt - Email: ram@gmail.com
2025-10-11 14:45:49,871 - routes.auth - INFO - Login successful - Email: ram@gmail.com, Role: seller
2025-10-11 14:46:26,974 - routes.properties - INFO - GET /properties/user/my-properties - Getting user's properties
2025-10-11 14:46:26,974 - routes.properties - INFO - Role verification - User: ram@gmail.com, Role: seller, Authorized: True
2025-10-11 14:46:26,974 - routes.properties - INFO - Fetching properties for user: ram@gmail.com (ID: 68e7b3fc28055f8855e8398c)
2025-10-11 14:46:27,019 - routes.properties - INFO - Found 8 properties for user 68e7b3fc28055f8855e8398c
2025-10-11 14:46:27,019 - routes.properties - INFO - Property 'aradhanini' (ID: 68e7b4fe28055f8855e8398d):
2025-10-11 14:46:27,019 - routes.properties - INFO -   - Raw image_urls from DB: None
2025-10-11 14:46:27,019 - routes.properties - INFO -   - Type of image_urls: <class 'NoneType'>
2025-10-11 14:46:27,019 - routes.properties - INFO -   - No image_urls field; initialized to empty list
2025-10-11 14:46:27,019 - routes.properties - INFO -   - Number of images: 0
2025-10-11 14:46:27,019 - routes.properties - INFO -   - Photos count in DB: 0
2025-10-11 14:46:27,019 - routes.properties - INFO - Property 'rameshwaram rameshwaram rameshwaram rameshwaram' (ID: 68e7b9bf28055f8855e8398e):
2025-10-11 14:46:27,019 - routes.properties - INFO -   - Raw image_urls from DB: None
2025-10-11 14:46:27,019 - routes.properties - INFO -   - Type of image_urls: <class 'NoneType'>
2025-10-11 14:46:27,019 - routes.properties - INFO -   - No image_urls field; initialized to empty list
2025-10-11 14:46:27,019 - routes.properties - INFO -   - Number of images: 0
2025-10-11 14:46:27,019 - routes.properties - INFO -   - Photos count in DB: 0
2025-10-11 14:46:27,019 - routes.properties - INFO - Property 'rameshwaram rameshwaram rameshwaram rameshwaram' (ID: 68e7bb2028055f8855e8398f):
2025-10-11 14:46:27,020 - routes.properties - INFO -   - Raw image_urls from DB: None
2025-10-11 14:46:27,020 - routes.properties - INFO -   - Type of image_urls: <class 'NoneType'>
2025-10-11 14:46:27,020 - routes.properties - INFO -   - No image_urls field; initialized to empty list
2025-10-11 14:46:27,020 - routes.properties - INFO -   - Number of images: 0
2025-10-11 14:46:27,020 - routes.properties - INFO -   - Photos count in DB: 0
2025-10-11 14:46:27,020 - routes.properties - INFO - Property 'Luxury 3 BHK Apartment' (ID: 68e8f56a31e9ca37a6773743):
2025-10-11 14:46:27,020 - routes.properties - INFO -   - Raw image_urls from DB: []
2025-10-11 14:46:27,020 - routes.properties - INFO -   - Type of image_urls: <class 'list'>
2025-10-11 14:46:27,020 - routes.properties - INFO -   - Number of images: 0
2025-10-11 14:46:27,020 - routes.properties - INFO -   - Photos count in DB: 0
2025-10-11 14:46:27,020 - routes.properties - INFO - Property 'Luxury 1 BHK Apartment' (ID: 68e8fa13e80e07cd9d303b22):
2025-10-11 14:46:27,020 - routes.properties - INFO -   - Raw image_urls from DB: []
2025-10-11 14:46:27,020 - routes.properties - INFO -   - Type of image_urls: <class 'list'>
2025-10-11 14:46:27,020 - routes.properties - INFO -   - Number of images: 0
2025-10-11 14:46:27,020 - routes.properties - INFO -   - Photos count in DB: 0
2025-10-11 14:46:27,020 - routes.properties - INFO - Property '6 bhk apartment' (ID: 68e907542e9470e12ce435ec):
2025-10-11 14:46:27,020 - routes.properties - INFO -   - Raw image_urls from DB: ['/uploads/properties/68e907542e9470e12ce435ec_bebf826a65a1496580895c380e490382.jpg']
2025-10-11 14:46:27,020 - routes.properties - INFO -   - Type of image_urls: <class 'list'>
2025-10-11 14:46:27,020 - routes.properties - INFO -   - Number of images: 1
2025-10-11 14:46:27,020 - routes.properties - INFO -     Image 0: /uploads/properties/68e907542e9470e12ce435ec_bebf826a65a1496580895c380e490382.jpg -> http://localhost:8000/uploads/properties/68e907542e9470e12ce435ec_bebf826a65a1496580895c380e490382.jpg
2025-10-11 14:46:27,020 - routes.properties - INFO -   - Photos count in DB: 1
2025-10-11 14:46:27,020 - routes.properties - INFO - Property 'beautiful 1 bhk house' (ID: 68e91cae2e9470e12ce435ed):
2025-10-11 14:46:27,020 - routes.properties - INFO -   - Raw image_urls from DB: ['/uploads/properties/68e91cae2e9470e12ce435ed_e3fa12c61a184f7fb50322450c82cc36.jpg']
2025-10-11 14:46:27,020 - routes.properties - INFO -   - Type of image_urls: <class 'list'>
2025-10-11 14:46:27,020 - routes.properties - INFO -   - Number of images: 1
2025-10-11 14:46:27,020 - routes.properties - INFO -     Image 0: /uploads/properties/68e91cae2e9470e12ce435ed_e3fa12c61a184f7fb50322450c82cc36.jpg -> http://localhost:8000/uploads/properties/68e91cae2e9470e12ce435ed_e3fa12c61a184f7fb50322450c82cc36.jpg
2025-10-11 14:46:27,020 - routes.properties - INFO -   - Photos count in DB: 1
2025-10-11 14:46:27,020 - routes.properties - INFO - Property 'asdfghjkl' (ID: 68e93de7c7eb04da4a5cdf52):
2025-10-11 14:46:27,020 - routes.properties - INFO -   - Raw image_urls from DB: ['/uploads/properties/68e93de7c7eb04da4a5cdf52_7ca12139b9fa471b9c0bcaa3e0786d8a.jpg']
2025-10-11 14:46:27,020 - routes.properties - INFO -   - Type of image_urls: <class 'list'>
2025-10-11 14:46:27,020 - routes.properties - INFO -   - Number of images: 1
2025-10-11 14:46:27,020 - routes.properties - INFO -     Image 0: /uploads/properties/68e93de7c7eb04da4a5cdf52_7ca12139b9fa471b9c0bcaa3e0786d8a.jpg -> http://localhost:8000/uploads/properties/68e93de7c7eb04da4a5cdf52_7ca12139b9fa471b9c0bcaa3e0786d8a.jpg
2025-10-11 14:46:27,020 - routes.properties - INFO -   - Photos count in DB: 1
2025-10-11 14:46:27,062 - routes.properties - INFO - GET /properties/user/my-properties - Getting user's properties
2025-10-11 14:46:27,063 - routes.properties - INFO - Role verification - User: ram@gmail.com, Role: seller, Authorized: True
2025-10-11 14:46:27,063 - routes.properties - INFO - Fetching properties for user: ram@gmail.com (ID: 68e7b3fc28055f8855e8398c)
2025-10-11 14:46:27,102 - routes.properties - INFO - Found 8 properties for user 68e7b3fc28055f8855e8398c
2025-10-11 14:46:27,102 - routes.properties - INFO - Property 'aradhanini' (ID: 68e7b4fe28055f8855e8398d):
2025-10-11 14:46:27,102 - routes.properties - INFO -   - Raw image_urls from DB: None
2025-10-11 14:46:27,102 - routes.properties - INFO -   - Type of image_urls: <class 'NoneType'>
2025-10-11 14:46:27,102 - routes.properties - INFO -   - No image_urls field; initialized to empty list
2025-10-11 14:46:27,102 - routes.properties - INFO -   - Number of images: 0
2025-10-11 14:46:27,102 - routes.properties - INFO -   - Photos count in DB: 0
2025-10-11 14:46:27,102 - routes.properties - INFO - Property 'rameshwaram rameshwaram rameshwaram rameshwaram' (ID: 68e7b9bf28055f8855e8398e):
2025-10-11 14:46:27,102 - routes.properties - INFO -   - Raw image_urls from DB: None
2025-10-11 14:46:27,102 - routes.properties - INFO -   - Type of image_urls: <class 'NoneType'>
2025-10-11 14:46:27,102 - routes.properties - INFO -   - No image_urls field; initialized to empty list
2025-10-11 14:46:27,102 - routes.properties - INFO -   - Number of images: 0
2025-10-11 14:46:27,103 - routes.properties - INFO -   - Photos count in DB: 0
2025-10-11 14:46:27,103 - routes.properties - INFO - Property 'rameshwaram rameshwaram rameshwaram rameshwaram' (ID: 68e7bb2028055f8855e8398f):
2025-10-11 14:46:27,103 - routes.properties - INFO -   - Raw image_urls from DB: None
2025-10-11 14:46:27,103 - routes.properties - INFO -   - Type of image_urls: <class 'NoneType'>
2025-10-11 14:46:27,103 - routes.properties - INFO -   - No image_urls field; initialized to empty list
2025-10-11 14:46:27,103 - routes.properties - INFO -   - Number of images: 0
2025-10-11 14:46:27,103 - routes.properties - INFO -   - Photos count in DB: 0
2025-10-11 14:46:27,103 - routes.properties - INFO - Property 'Luxury 3 BHK Apartment' (ID: 68e8f56a31e9ca37a6773743):
2025-10-11 14:46:27,103 - routes.properties - INFO -   - Raw image_urls from DB: []
2025-10-11 14:46:27,103 - routes.properties - INFO -   - Type of image_urls: <class 'list'>
2025-10-11 14:46:27,103 - routes.properties - INFO -   - Number of images: 0
2025-10-11 14:46:27,103 - routes.properties - INFO -   - Photos count in DB: 0
2025-10-11 14:46:27,103 - routes.properties - INFO - Property 'Luxury 1 BHK Apartment' (ID: 68e8fa13e80e07cd9d303b22):
2025-10-11 14:46:27,103 - routes.properties - INFO -   - Raw image_urls from DB: []
2025-10-11 14:46:27,103 - routes.properties - INFO -   - Type of image_urls: <class 'list'>
2025-10-11 14:46:27,103 - routes.properties - INFO -   - Number of images: 0
2025-10-11 14:46:27,103 - routes.properties - INFO -   - Photos count in DB: 0
2025-10-11 14:46:27,103 - routes.properties - INFO - Property '6 bhk apartment' (ID: 68e907542e9470e12ce435ec):
2025-10-11 14:46:27,103 - routes.properties - INFO -   - Raw image_urls from DB: ['/uploads/properties/68e907542e9470e12ce435ec_bebf826a65a1496580895c380e490382.jpg']
2025-10-11 14:46:27,103 - routes.properties - INFO -   - Type of image_urls: <class 'list'>
2025-10-11 14:46:27,103 - routes.properties - INFO -   - Number of images: 1
2025-10-11 14:46:27,103 - routes.properties - INFO -     Image 0: /uploads/properties/68e907542e9470e12ce435ec_bebf826a65a1496580895c380e490382.jpg -> http://localhost:8000/uploads/properties/68e907542e9470e12ce435ec_bebf826a65a1496580895c380e490382.jpg
2025-10-11 14:46:27,103 - routes.properties - INFO -   - Photos count in DB: 1
2025-10-11 14:46:27,103 - routes.properties - INFO - Property 'beautiful 1 bhk house' (ID: 68e91cae2e9470e12ce435ed):
2025-10-11 14:46:27,103 - routes.properties - INFO -   - Raw image_urls from DB: ['/uploads/properties/68e91cae2e9470e12ce435ed_e3fa12c61a184f7fb50322450c82cc36.jpg']
2025-10-11 14:46:27,103 - routes.properties - INFO -   - Type of image_urls: <class 'list'>
2025-10-11 14:46:27,103 - routes.properties - INFO -   - Number of images: 1
2025-10-11 14:46:27,103 - routes.properties - INFO -     Image 0: /uploads/properties/68e91cae2e9470e12ce435ed_e3fa12c61a184f7fb50322450c82cc36.jpg -> http://localhost:8000/uploads/properties/68e91cae2e9470e12ce435ed_e3fa12c61a184f7fb50322450c82cc36.jpg
2025-10-11 14:46:27,103 - routes.properties - INFO -   - Photos count in DB: 1
2025-10-11 14:46:27,103 - routes.properties - INFO - Property 'asdfghjkl' (ID: 68e93de7c7eb04da4a5cdf52):
2025-10-11 14:46:27,103 - routes.properties - INFO -   - Raw image_urls from DB: ['/uploads/properties/68e93de7c7eb04da4a5cdf52_7ca12139b9fa471b9c0bcaa3e0786d8a.jpg']
2025-10-11 14:46:27,103 - routes.properties - INFO -   - Type of image_urls: <class 'list'>
2025-10-11 14:46:27,104 - routes.properties - INFO -   - Number of images: 1
2025-10-11 14:46:27,104 - routes.properties - INFO -     Image 0: /uploads/properties/68e93de7c7eb04da4a5cdf52_7ca12139b9fa471b9c0bcaa3e0786d8a.jpg -> http://localhost:8000/uploads/properties/68e93de7c7eb04da4a5cdf52_7ca12139b9fa471b9c0bcaa3e0786d8a.jpg
2025-10-11 14:46:27,104 - routes.properties - INFO -   - Photos count in DB: 1
2025-10-11 14:49:01,041 - routes.properties - INFO - GET /properties/user/my-properties - Getting user's properties
2025-10-11 14:49:01,041 - routes.properties - INFO - Role verification - User: ram@gmail.com, Role: seller, Authorized: True
2025-10-11 14:49:01,041 - routes.properties - INFO - Fetching properties for user: ram@gmail.com (ID: 68e7b3fc28055f8855e8398c)
2025-10-11 14:49:01,083 - routes.properties - INFO - Found 8 properties for user 68e7b3fc28055f8855e8398c
2025-10-11 14:49:01,083 - routes.properties - INFO - Property 'aradhanini' (ID: 68e7b4fe28055f8855e8398d):
2025-10-11 14:49:01,083 - routes.properties - INFO -   - Raw image_urls from DB: None
2025-10-11 14:49:01,083 - routes.properties - INFO -   - Type of image_urls: <class 'NoneType'>
2025-10-11 14:49:01,083 - routes.properties - INFO -   - No image_urls field; initialized to empty list
2025-10-11 14:49:01,083 - routes.properties - INFO -   - Number of images: 0
2025-10-11 14:49:01,083 - routes.properties - INFO -   - Photos count in DB: 0
2025-10-11 14:49:01,083 - routes.properties - INFO - Property 'rameshwaram rameshwaram rameshwaram rameshwaram' (ID: 68e7b9bf28055f8855e8398e):
2025-10-11 14:49:01,083 - routes.properties - INFO -   - Raw image_urls from DB: None
2025-10-11 14:49:01,083 - routes.properties - INFO -   - Type of image_urls: <class 'NoneType'>
2025-10-11 14:49:01,083 - routes.properties - INFO -   - No image_urls field; initialized to empty list
2025-10-11 14:49:01,083 - routes.properties - INFO -   - Number of images: 0
2025-10-11 14:49:01,083 - routes.properties - INFO -   - Photos count in DB: 0
2025-10-11 14:49:01,083 - routes.properties - INFO - Property 'rameshwaram rameshwaram rameshwaram rameshwaram' (ID: 68e7bb2028055f8855e8398f):
2025-10-11 14:49:01,083 - routes.properties - INFO -   - Raw image_urls from DB: None
2025-10-11 14:49:01,083 - routes.properties - INFO -   - Type of image_urls: <class 'NoneType'>
2025-10-11 14:49:01,083 - routes.properties - INFO -   - No image_urls field; initialized to empty list
2025-10-11 14:49:01,083 - routes.properties - INFO -   - Number of images: 0
2025-10-11 14:49:01,083 - routes.properties - INFO -   - Photos count in DB: 0
2025-10-11 14:49:01,083 - routes.properties - INFO - Property 'Luxury 3 BHK Apartment' (ID: 68e8f56a31e9ca37a6773743):
2025-10-11 14:49:01,083 - routes.properties - INFO -   - Raw image_urls from DB: []
2025-10-11 14:49:01,083 - routes.properties - INFO -   - Type of image_urls: <class 'list'>
2025-10-11 14:49:01,083 - routes.properties - INFO -   - Number of images: 0
2025-10-11 14:49:01,083 - routes.properties - INFO -   - Photos count in DB: 0
2025-10-11 14:49:01,083 - routes.properties - INFO - Property 'Luxury 1 BHK Apartment' (ID: 68e8fa13e80e07cd9d303b22):
2025-10-11 14:49:01,083 - routes.properties - INFO -   - Raw image_urls from DB: []
2025-10-11 14:49:01,083 - routes.properties - INFO -   - Type of image_urls: <class 'list'>
2025-10-11 14:49:01,083 - routes.properties - INFO -   - Number of images: 0
2025-10-11 14:49:01,083 - routes.properties - INFO -   - Photos count in DB: 0
2025-10-11 14:49:01,083 - routes.properties - INFO - Property '6 bhk apartment' (ID: 68e907542e9470e12ce435ec):
2025-10-11 14:49:01,083 - routes.properties - INFO -   - Raw image_urls from DB: ['/uploads/properties/68e907542e9470e12ce435ec_bebf826a65a1496580895c380e490382.jpg']
2025-10-11 14:49:01,083 - routes.properties - INFO -   - Type of image_urls: <class 'list'>
2025-10-11 14:49:01,083 - routes.properties - INFO -   - Number of images: 1
2025-10-11 14:49:01,083 - routes.properties - INFO -     Image 0: /uploads/properties/68e907542e9470e12ce435ec_bebf826a65a1496580895c380e490382.jpg -> http://localhost:8000/uploads/properties/68e907542e9470e12ce435ec_bebf826a65a1496580895c380e490382.jpg
2025-10-11 14:49:01,083 - routes.properties - INFO -   - Photos count in DB: 1
2025-10-11 14:49:01,084 - routes.properties - INFO - Property 'beautiful 1 bhk house' (ID: 68e91cae2e9470e12ce435ed):
2025-10-11 14:49:01,084 - routes.properties - INFO -   - Raw image_urls from DB: ['/uploads/properties/68e91cae2e9470e12ce435ed_e3fa12c61a184f7fb50322450c82cc36.jpg']
2025-10-11 14:49:01,084 - routes.properties - INFO -   - Type of image_urls: <class 'list'>
2025-10-11 14:49:01,084 - routes.properties - INFO -   - Number of images: 1
2025-10-11 14:49:01,084 - routes.properties - INFO -     Image 0: /uploads/properties/68e91cae2e9470e12ce435ed_e3fa12c61a184f7fb50322450c82cc36.jpg -> http://localhost:8000/uploads/properties/68e91cae2e9470e12ce435ed_e3fa12c61a184f7fb50322450c82cc36.jpg
2025-10-11 14:49:01,084 - routes.properties - INFO -   - Photos count in DB: 1
2025-10-11 14:49:01,084 - routes.properties - INFO - Property 'asdfghjkl' (ID: 68e93de7c7eb04da4a5cdf52):
2025-10-11 14:49:01,084 - routes.properties - INFO -   - Raw image_urls from DB: ['/uploads/properties/68e93de7c7eb04da4a5cdf52_7ca12139b9fa471b9c0bcaa3e0786d8a.jpg']
2025-10-11 14:49:01,084 - routes.properties - INFO -   - Type of image_urls: <class 'list'>
2025-10-11 14:49:01,084 - routes.properties - INFO -   - Number of images: 1
2025-10-11 14:49:01,084 - routes.properties - INFO -     Image 0: /uploads/properties/68e93de7c7eb04da4a5cdf52_7ca12139b9fa471b9c0bcaa3e0786d8a.jpg -> http://localhost:8000/uploads/properties/68e93de7c7eb04da4a5cdf52_7ca12139b9fa471b9c0bcaa3e0786d8a.jpg
2025-10-11 14:49:01,084 - routes.properties - INFO -   - Photos count in DB: 1
2025-10-11 14:49:01,125 - routes.properties - INFO - GET /properties/user/my-properties - Getting user's properties
2025-10-11 14:49:01,125 - routes.properties - INFO - Role verification - User: ram@gmail.com, Role: seller, Authorized: True
2025-10-11 14:49:01,125 - routes.properties - INFO - Fetching properties for user: ram@gmail.com (ID: 68e7b3fc28055f8855e8398c)
2025-10-11 14:49:01,164 - routes.properties - INFO - Found 8 properties for user 68e7b3fc28055f8855e8398c
2025-10-11 14:49:01,164 - routes.properties - INFO - Property 'aradhanini' (ID: 68e7b4fe28055f8855e8398d):
2025-10-11 14:49:01,164 - routes.properties - INFO -   - Raw image_urls from DB: None
2025-10-11 14:49:01,165 - routes.properties - INFO -   - Type of image_urls: <class 'NoneType'>
2025-10-11 14:49:01,165 - routes.properties - INFO -   - No image_urls field; initialized to empty list
2025-10-11 14:49:01,165 - routes.properties - INFO -   - Number of images: 0
2025-10-11 14:49:01,165 - routes.properties - INFO -   - Photos count in DB: 0
2025-10-11 14:49:01,165 - routes.properties - INFO - Property 'rameshwaram rameshwaram rameshwaram rameshwaram' (ID: 68e7b9bf28055f8855e8398e):
2025-10-11 14:49:01,165 - routes.properties - INFO -   - Raw image_urls from DB: None
2025-10-11 14:49:01,165 - routes.properties - INFO -   - Type of image_urls: <class 'NoneType'>
2025-10-11 14:49:01,165 - routes.properties - INFO -   - No image_urls field; initialized to empty list
2025-10-11 14:49:01,165 - routes.properties - INFO -   - Number of images: 0
2025-10-11 14:49:01,165 - routes.properties - INFO -   - Photos count in DB: 0
2025-10-11 14:49:01,165 - routes.properties - INFO - Property 'rameshwaram rameshwaram rameshwaram rameshwaram' (ID: 68e7bb2028055f8855e8398f):
2025-10-11 14:49:01,165 - routes.properties - INFO -   - Raw image_urls from DB: None
2025-10-11 14:49:01,165 - routes.properties - INFO -   - Type of image_urls: <class 'NoneType'>
2025-10-11 14:49:01,165 - routes.properties - INFO -   - No image_urls field; initialized to empty list
2025-10-11 14:49:01,165 - routes.properties - INFO -   - Number of images: 0
2025-10-11 14:49:01,165 - routes.properties - INFO -   - Photos count in DB: 0
2025-10-11 14:49:01,165 - routes.properties - INFO - Property 'Luxury 3 BHK Apartment' (ID: 68e8f56a31e9ca37a6773743):
2025-10-11 14:49:01,165 - routes.properties - INFO -   - Raw image_urls from DB: []
2025-10-11 14:49:01,165 - routes.properties - INFO -   - Type of image_urls: <class 'list'>
2025-10-11 14:49:01,165 - routes.properties - INFO -   - Number of images: 0
2025-10-11 14:49:01,165 - routes.properties - INFO -   - Photos count in DB: 0
2025-10-11 14:49:01,165 - routes.properties - INFO - Property 'Luxury 1 BHK Apartment' (ID: 68e8fa13e80e07cd9d303b22):
2025-10-11 14:49:01,165 - routes.properties - INFO -   - Raw image_urls from DB: []
2025-10-11 14:49:01,165 - routes.properties - INFO -   - Type of image_urls: <class 'list'>
2025-10-11 14:49:01,165 - routes.properties - INFO -   - Number of images: 0
2025-10-11 14:49:01,165 - routes.properties - INFO -   - Photos count in DB: 0
2025-10-11 14:49:01,165 - routes.properties - INFO - Property '6 bhk apartment' (ID: 68e907542e9470e12ce435ec):
2025-10-11 14:49:01,165 - routes.properties - INFO -   - Raw image_urls from DB: ['/uploads/properties/68e907542e9470e12ce435ec_bebf826a65a1496580895c380e490382.jpg']
2025-10-11 14:49:01,165 - routes.properties - INFO -   - Type of image_urls: <class 'list'>
2025-10-11 14:49:01,165 - routes.properties - INFO -   - Number of images: 1
2025-10-11 14:49:01,165 - routes.properties - INFO -     Image 0: /uploads/properties/68e907542e9470e12ce435ec_bebf826a65a1496580895c380e490382.jpg -> http://localhost:8000/uploads/properties/68e907542e9470e12ce435ec_bebf826a65a1496580895c380e490382.jpg
2025-10-11 14:49:01,165 - routes.properties - INFO -   - Photos count in DB: 1
2025-10-11 14:49:01,165 - routes.properties - INFO - Property 'beautiful 1 bhk house' (ID: 68e91cae2e9470e12ce435ed):
2025-10-11 14:49:01,165 - routes.properties - INFO -   - Raw image_urls from DB: ['/uploads/properties/68e91cae2e9470e12ce435ed_e3fa12c61a184f7fb50322450c82cc36.jpg']
2025-10-11 14:49:01,165 - routes.properties - INFO -   - Type of image_urls: <class 'list'>
2025-10-11 14:49:01,165 - routes.properties - INFO -   - Number of images: 1
2025-10-11 14:49:01,165 - routes.properties - INFO -     Image 0: /uploads/properties/68e91cae2e9470e12ce435ed_e3fa12c61a184f7fb50322450c82cc36.jpg -> http://localhost:8000/uploads/properties/68e91cae2e9470e12ce435ed_e3fa12c61a184f7fb50322450c82cc36.jpg
2025-10-11 14:49:01,165 - routes.properties - INFO -   - Photos count in DB: 1
2025-10-11 14:49:01,165 - routes.properties - INFO - Property 'asdfghjkl' (ID: 68e93de7c7eb04da4a5cdf52):
2025-10-11 14:49:01,165 - routes.properties - INFO -   - Raw image_urls from DB: ['/uploads/properties/68e93de7c7eb04da4a5cdf52_7ca12139b9fa471b9c0bcaa3e0786d8a.jpg']
2025-10-11 14:49:01,165 - routes.properties - INFO -   - Type of image_urls: <class 'list'>
2025-10-11 14:49:01,165 - routes.properties - INFO -   - Number of images: 1
2025-10-11 14:49:01,165 - routes.properties - INFO -     Image 0: /uploads/properties/68e93de7c7eb04da4a5cdf52_7ca12139b9fa471b9c0bcaa3e0786d8a.jpg -> http://localhost:8000/uploads/properties/68e93de7c7eb04da4a5cdf52_7ca12139b9fa471b9c0bcaa3e0786d8a.jpg
2025-10-11 14:49:01,165 - routes.properties - INFO -   - Photos count in DB: 1
2025-10-11 14:58:11,041 - routes.auth - INFO - POST /auth/login - Login attempt
2025-10-11 14:58:11,042 - routes.auth - INFO - Login attempt - Email: ram@gmail.com
2025-10-11 14:58:11,667 - routes.auth - INFO - Login successful - Email: ram@gmail.com, Role: seller
2025-10-11 14:58:16,041 - routes.properties - INFO - GET /properties - Listing all properties
2025-10-11 14:58:16,081 - routes.properties - INFO - Found 9 properties in database
2025-10-11 14:58:16,081 - routes.properties - INFO - Successfully retrieved and formatted properties
2025-10-11 14:58:16,083 - routes.properties - INFO - GET /properties - Listing all properties
2025-10-11 14:58:16,123 - routes.properties - INFO - Found 9 properties in database
2025-10-11 14:58:16,123 - routes.properties - INFO - Successfully retrieved and formatted properties
2025-10-11 15:07:16,543 - routes.auth - INFO - POST /auth/login - Login attempt
2025-10-11 15:07:16,544 - routes.auth - INFO - Login attempt - Email: ram@gmail.com
2025-10-11 15:07:16,812 - routes.auth - INFO - Login successful - Email: ram@gmail.com, Role: seller
2025-10-11 15:07:21,294 - routes.properties - INFO - GET /properties - Listing all properties
2025-10-11 15:07:21,335 - routes.properties - INFO - Found 9 properties in database
2025-10-11 15:07:21,335 - routes.properties - INFO - Successfully retrieved and formatted properties
2025-10-11 15:07:21,337 - routes.properties - INFO - GET /properties - Listing all properties
2025-10-11 15:07:21,377 - routes.properties - INFO - Found 9 properties in database
2025-10-11 15:07:21,377 - routes.properties - INFO - Successfully retrieved and formatted properties
2025-10-11 15:07:24,493 - routes.properties - INFO - GET /properties/68e93de7c7eb04da4a5cdf52 - Getting property details
2025-10-11 15:07:24,534 - routes.properties - INFO - Successfully retrieved property: asdfghjkl with 1 images
2025-10-11 15:07:24,535 - routes.properties - INFO - GET /properties/68e93de7c7eb04da4a5cdf52 - Getting property details
2025-10-11 15:07:24,576 - routes.properties - INFO - Successfully retrieved property: asdfghjkl with 1 images
2025-10-11 15:07:32,945 - routes.properties - INFO - GET /properties - Listing all properties
2025-10-11 15:07:32,985 - routes.properties - INFO - Found 9 properties in database
2025-10-11 15:07:32,986 - routes.properties - INFO - Successfully retrieved and formatted properties
2025-10-11 15:07:32,989 - routes.properties - INFO - GET /properties - Listing all properties
2025-10-11 15:07:33,030 - routes.properties - INFO - Found 9 properties in database
2025-10-11 15:07:33,030 - routes.properties - INFO - Successfully retrieved and formatted properties
2025-10-11 15:07:46,249 - routes.properties - INFO - GET /properties/68e93de7c7eb04da4a5cdf52 - Getting property details
2025-10-11 15:07:46,289 - routes.properties - INFO - Successfully retrieved property: asdfghjkl with 1 images
2025-10-11 15:07:46,291 - routes.properties - INFO - GET /properties/68e93de7c7eb04da4a5cdf52 - Getting property details
2025-10-11 15:07:46,328 - routes.properties - INFO - Successfully retrieved property: asdfghjkl with 1 images
2025-10-11 15:07:49,479 - routes.properties - INFO - GET /properties - Listing all properties
2025-10-11 15:07:49,518 - routes.properties - INFO - Found 9 properties in database
2025-10-11 15:07:49,519 - routes.properties - INFO - Successfully retrieved and formatted properties
2025-10-11 15:07:49,522 - routes.properties - INFO - GET /properties - Listing all properties
2025-10-11 15:07:49,561 - routes.properties - INFO - Found 9 properties in database
2025-10-11 15:07:49,561 - routes.properties - INFO - Successfully retrieved and formatted properties
2025-10-11 15:10:41,476 - routes.properties - INFO - GET /properties/68e93de7c7eb04da4a5cdf52 - Getting property details
2025-10-11 15:10:41,517 - routes.properties - INFO - Successfully retrieved property: asdfghjkl with 1 images
2025-10-11 15:10:41,522 - routes.properties - INFO - GET /properties/68e93de7c7eb04da4a5cdf52 - Getting property details
2025-10-11 15:10:41,563 - routes.properties - INFO - Successfully retrieved property: asdfghjkl with 1 images
2025-10-11 15:10:44,794 - routes.properties - INFO - GET /properties - Listing all properties
2025-10-11 15:10:44,833 - routes.properties - INFO - Found 9 properties in database
2025-10-11 15:10:44,833 - routes.properties - INFO - Successfully retrieved and formatted properties
2025-10-11 15:10:44,835 - routes.properties - INFO - GET /properties - Listing all properties
2025-10-11 15:10:44,875 - routes.properties - INFO - Found 9 properties in database
2025-10-11 15:10:44,875 - routes.properties - INFO - Successfully retrieved and formatted properties
2025-10-11 15:20:16,158 - routes.auth - INFO - POST /auth/login - Login attempt
2025-10-11 15:20:16,158 - routes.auth - INFO - Login attempt - Email: ram@gmail.com
2025-10-11 15:20:16,427 - routes.auth - INFO - Login successful - Email: ram@gmail.com, Role: seller
2025-10-11 15:20:22,734 - routes.properties - INFO - GET /properties - Listing all properties
2025-10-11 15:20:22,773 - routes.properties - INFO - Found 9 properties in database
2025-10-11 15:20:22,773 - routes.properties - INFO - Successfully retrieved and formatted properties
2025-10-11 15:20:22,776 - routes.properties - INFO - GET /properties - Listing all properties
2025-10-11 15:20:22,816 - routes.properties - INFO - Found 9 properties in database
2025-10-11 15:20:22,817 - routes.properties - INFO - Successfully retrieved and formatted properties
2025-10-11 15:20:33,926 - routes.properties - INFO - GET /properties/68e93de7c7eb04da4a5cdf52 - Getting property details
2025-10-11 15:20:33,968 - routes.properties - INFO - Successfully retrieved property: asdfghjkl with 1 images
2025-10-11 15:20:33,970 - routes.properties - INFO - GET /properties/68e93de7c7eb04da4a5cdf52 - Getting property details
2025-10-11 15:20:34,011 - routes.properties - INFO - Successfully retrieved property: asdfghjkl with 1 images
2025-10-11 15:20:40,215 - routes.properties - INFO - GET /properties - Listing all properties
2025-10-11 15:20:40,260 - routes.properties - INFO - Found 9 properties in database
2025-10-11 15:20:40,260 - routes.properties - INFO - Successfully retrieved and formatted properties
2025-10-11 15:20:40,262 - routes.properties - INFO - GET /properties - Listing all properties
2025-10-11 15:20:40,301 - routes.properties - INFO - Found 9 properties in database
2025-10-11 15:20:40,301 - routes.properties - INFO - Successfully retrieved and formatted properties
2025-10-11 15:20:42,710 - routes.properties - INFO - GET /properties/68e93de7c7eb04da4a5cdf52 - Getting property details
2025-10-11 15:20:42,751 - routes.properties - INFO - Successfully retrieved property: asdfghjkl with 1 images
2025-10-11 15:20:42,753 - routes.properties - INFO - GET /properties/68e93de7c7eb04da4a5cdf52 - Getting property details
2025-10-11 15:20:42,794 - routes.properties - INFO - Successfully retrieved property: asdfghjkl with 1 images
2025-10-11 15:20:44,386 - routes.properties - INFO - GET /properties - Listing all properties
2025-10-11 15:20:44,426 - routes.properties - INFO - Found 9 properties in database
2025-10-11 15:20:44,426 - routes.properties - INFO - Successfully retrieved and formatted properties
2025-10-11 15:20:44,429 - routes.properties - INFO - GET /properties - Listing all properties
2025-10-11 15:20:44,469 - routes.properties - INFO - Found 9 properties in database
2025-10-11 15:20:44,469 - routes.properties - INFO - Successfully retrieved and formatted properties
2025-10-11 15:20:49,585 - routes.properties - INFO - GET /properties/68e93de7c7eb04da4a5cdf52 - Getting property details
2025-10-11 15:20:49,628 - routes.properties - INFO - Successfully retrieved property: asdfghjkl with 1 images
2025-10-11 15:20:49,629 - routes.properties - INFO - GET /properties/68e93de7c7eb04da4a5cdf52 - Getting property details
2025-10-11 15:20:49,667 - routes.properties - INFO - Successfully retrieved property: asdfghjkl with 1 images
2025-10-11 15:20:53,934 - routes.properties - INFO - GET /properties - Listing all properties
2025-10-11 15:20:53,973 - routes.properties - INFO - Found 9 properties in database
2025-10-11 15:20:53,973 - routes.properties - INFO - Successfully retrieved and formatted properties
2025-10-11 15:20:53,975 - routes.properties - INFO - GET /properties - Listing all properties
2025-10-11 15:20:54,014 - routes.properties - INFO - Found 9 properties in database
2025-10-11 15:20:54,014 - routes.properties - INFO - Successfully retrieved and formatted properties
2025-10-11 15:26:17,699 - routes.properties - INFO - GET /properties - Listing all properties
2025-10-11 15:26:17,739 - routes.properties - INFO - Found 9 properties in database
2025-10-11 15:26:17,739 - routes.properties - INFO - Successfully retrieved and formatted properties
2025-10-11 15:26:20,616 - routes.properties - INFO - GET /properties - Listing all properties
2025-10-11 15:26:20,657 - routes.properties - INFO - Found 9 properties in database
2025-10-11 15:26:20,657 - routes.properties - INFO - Successfully retrieved and formatted properties
2025-10-11 15:26:20,659 - routes.properties - INFO - GET /properties - Listing all properties
2025-10-11 15:26:20,697 - routes.properties - INFO - Found 9 properties in database
2025-10-11 15:26:20,697 - routes.properties - INFO - Successfully retrieved and formatted properties
2025-10-11 15:26:28,448 - routes.properties - INFO - GET /properties/68e93de7c7eb04da4a5cdf52 - Getting property details
2025-10-11 15:26:28,487 - routes.properties - INFO - Successfully retrieved property: asdfghjkl with 1 images
2025-10-11 15:26:28,490 - routes.properties - INFO - GET /properties/68e93de7c7eb04da4a5cdf52 - Getting property details
2025-10-11 15:26:28,530 - routes.properties - INFO - Successfully retrieved property: asdfghjkl with 1 images
2025-10-11 15:26:36,901 - routes.properties - INFO - GET /properties - Listing all properties
2025-10-11 15:26:36,943 - routes.properties - INFO - Found 9 properties in database
2025-10-11 15:26:36,943 - routes.properties - INFO - Successfully retrieved and formatted properties
2025-10-11 15:26:36,945 - routes.properties - INFO - GET /properties - Listing all properties
2025-10-11 15:26:36,985 - routes.properties - INFO - Found 9 properties in database
2025-10-11 15:26:36,985 - routes.properties - INFO - Successfully retrieved and formatted properties
2025-10-11 15:29:29,734 - routes.properties - INFO - GET /properties - Listing all properties
2025-10-11 15:29:29,775 - routes.properties - INFO - Found 9 properties in database
2025-10-11 15:29:29,776 - routes.properties - INFO - Successfully retrieved and formatted properties
2025-10-11 15:29:29,779 - routes.properties - INFO - GET /properties - Listing all properties
2025-10-11 15:29:29,820 - routes.properties - INFO - Found 9 properties in database
2025-10-11 15:29:29,820 - routes.properties - INFO - Successfully retrieved and formatted properties
2025-10-11 15:36:57,707 - routes.properties - INFO - GET /properties - Listing all properties
2025-10-11 15:36:57,961 - routes.properties - INFO - Found 9 properties in database
2025-10-11 15:36:57,961 - routes.properties - INFO - Successfully retrieved and formatted properties
2025-10-11 15:36:57,965 - routes.properties - INFO - GET /properties - Listing all properties
2025-10-11 15:36:58,000 - routes.properties - INFO - Found 9 properties in database
2025-10-11 15:36:58,000 - routes.properties - INFO - Successfully retrieved and formatted properties
2025-10-11 15:37:10,868 - routes.properties - INFO - GET /properties/68e93de7c7eb04da4a5cdf52 - Getting property details
2025-10-11 15:37:10,905 - routes.properties - INFO - Successfully retrieved property: asdfghjkl with 1 images
2025-10-11 15:37:10,907 - routes.properties - INFO - GET /properties/68e93de7c7eb04da4a5cdf52 - Getting property details
2025-10-11 15:37:10,940 - routes.properties - INFO - Successfully retrieved property: asdfghjkl with 1 images
2025-10-11 15:37:47,285 - routes.properties - INFO - GET /properties/68e93de7c7eb04da4a5cdf52 - Getting property details
2025-10-11 15:37:47,320 - routes.properties - INFO - Successfully retrieved property: asdfghjkl with 1 images
2025-10-11 15:37:51,361 - routes.properties - INFO - GET /properties - Listing all properties
2025-10-11 15:37:51,396 - routes.properties - INFO - Found 9 properties in database
2025-10-11 15:37:51,396 - routes.properties - INFO - Successfully retrieved and formatted properties
2025-10-11 15:37:51,398 - routes.properties - INFO - GET /properties - Listing all properties
2025-10-11 15:37:51,434 - routes.properties - INFO - Found 9 properties in database
2025-10-11 15:37:51,434 - routes.properties - INFO - Successfully retrieved and formatted properties
2025-10-11 15:38:06,998 - routes.properties - INFO - GET /properties - Listing all properties
2025-10-11 15:38:07,035 - routes.properties - INFO - Found 9 properties in database
2025-10-11 15:38:07,035 - routes.properties - INFO - Successfully retrieved and formatted properties
2025-10-11 15:38:07,037 - routes.properties - INFO - GET /properties - Listing all properties
2025-10-11 15:38:07,072 - routes.properties - INFO - Found 9 properties in database
2025-10-11 15:38:07,072 - routes.properties - INFO - Successfully retrieved and formatted properties
2025-10-11 15:38:25,957 - routes.auth - INFO - POST /auth/login - Login attempt
2025-10-11 15:38:25,958 - routes.auth - INFO - Login attempt - Email: ram@gmail.com
2025-10-11 15:38:26,239 - routes.auth - INFO - Login successful - Email: ram@gmail.com, Role: seller
2025-10-11 15:38:30,420 - routes.properties - INFO - GET /properties - Listing all properties
2025-10-11 15:38:30,454 - routes.properties - INFO - Found 9 properties in database
2025-10-11 15:38:30,454 - routes.properties - INFO - Successfully retrieved and formatted properties
2025-10-11 15:38:30,456 - routes.properties - INFO - GET /properties - Listing all properties
2025-10-11 15:38:30,493 - routes.properties - INFO - Found 9 properties in database
2025-10-11 15:38:30,493 - routes.properties - INFO - Successfully retrieved and formatted properties
2025-10-11 15:39:24,537 - routes.properties - INFO - GET /properties - Listing all properties
2025-10-11 15:39:24,574 - routes.properties - INFO - Found 9 properties in database
2025-10-11 15:39:24,574 - routes.properties - INFO - Successfully retrieved and formatted properties
2025-10-11 15:39:24,576 - routes.properties - INFO - GET /properties - Listing all properties
2025-10-11 15:39:24,609 - routes.properties - INFO - Found 9 properties in database
2025-10-11 15:39:24,609 - routes.properties - INFO - Successfully retrieved and formatted properties
2025-10-11 15:39:41,078 - routes.properties - INFO - GET /properties - Listing all properties
2025-10-11 15:39:41,114 - routes.properties - INFO - Found 9 properties in database
2025-10-11 15:39:41,114 - routes.properties - INFO - Successfully retrieved and formatted properties
2025-10-11 15:39:41,117 - routes.properties - INFO - GET /properties - Listing all properties
2025-10-11 15:39:41,152 - routes.properties - INFO - Found 9 properties in database
2025-10-11 15:39:41,152 - routes.properties - INFO - Successfully retrieved and formatted properties
2025-10-11 15:39:45,330 - routes.properties - INFO - GET /properties/user/my-properties - Getting user's properties
2025-10-11 15:39:45,331 - routes.properties - INFO - Role verification - User: ram@gmail.com, Role: seller, Authorized: True
2025-10-11 15:39:45,331 - routes.properties - INFO - Fetching properties for user: ram@gmail.com (ID: 68e7b3fc28055f8855e8398c)
2025-10-11 15:39:45,367 - routes.properties - INFO - Found 8 properties for user 68e7b3fc28055f8855e8398c
2025-10-11 15:39:45,367 - routes.properties - INFO - Property 'aradhanini' (ID: 68e7b4fe28055f8855e8398d):
2025-10-11 15:39:45,367 - routes.properties - INFO -   - Raw image_urls from DB: None
2025-10-11 15:39:45,367 - routes.properties - INFO -   - Type of image_urls: <class 'NoneType'>
2025-10-11 15:39:45,368 - routes.properties - INFO -   - No image_urls field; initialized to empty list
2025-10-11 15:39:45,368 - routes.properties - INFO -   - Number of images: 0
2025-10-11 15:39:45,368 - routes.properties - INFO -   - Photos count in DB: 0
2025-10-11 15:39:45,368 - routes.properties - INFO - Property 'rameshwaram rameshwaram rameshwaram rameshwaram' (ID: 68e7b9bf28055f8855e8398e):
2025-10-11 15:39:45,368 - routes.properties - INFO -   - Raw image_urls from DB: None
2025-10-11 15:39:45,368 - routes.properties - INFO -   - Type of image_urls: <class 'NoneType'>
2025-10-11 15:39:45,368 - routes.properties - INFO -   - No image_urls field; initialized to empty list
2025-10-11 15:39:45,368 - routes.properties - INFO -   - Number of images: 0
2025-10-11 15:39:45,369 - routes.properties - INFO -   - Photos count in DB: 0
2025-10-11 15:39:45,369 - routes.properties - INFO - Property 'rameshwaram rameshwaram rameshwaram rameshwaram' (ID: 68e7bb2028055f8855e8398f):
2025-10-11 15:39:45,369 - routes.properties - INFO -   - Raw image_urls from DB: None
2025-10-11 15:39:45,369 - routes.properties - INFO -   - Type of image_urls: <class 'NoneType'>
2025-10-11 15:39:45,369 - routes.properties - INFO -   - No image_urls field; initialized to empty list
2025-10-11 15:39:45,369 - routes.properties - INFO -   - Number of images: 0
2025-10-11 15:39:45,369 - routes.properties - INFO -   - Photos count in DB: 0
2025-10-11 15:39:45,369 - routes.properties - INFO - Property 'Luxury 3 BHK Apartment' (ID: 68e8f56a31e9ca37a6773743):
2025-10-11 15:39:45,369 - routes.properties - INFO -   - Raw image_urls from DB: []
2025-10-11 15:39:45,369 - routes.properties - INFO -   - Type of image_urls: <class 'list'>
2025-10-11 15:39:45,369 - routes.properties - INFO -   - Number of images: 0
2025-10-11 15:39:45,369 - routes.properties - INFO -   - Photos count in DB: 0
2025-10-11 15:39:45,370 - routes.properties - INFO - Property 'Luxury 1 BHK Apartment' (ID: 68e8fa13e80e07cd9d303b22):
2025-10-11 15:39:45,370 - routes.properties - INFO -   - Raw image_urls from DB: []
2025-10-11 15:39:45,370 - routes.properties - INFO -   - Type of image_urls: <class 'list'>
2025-10-11 15:39:45,370 - routes.properties - INFO -   - Number of images: 0
2025-10-11 15:39:45,370 - routes.properties - INFO -   - Photos count in DB: 0
2025-10-11 15:39:45,370 - routes.properties - INFO - Property '6 bhk apartment' (ID: 68e907542e9470e12ce435ec):
2025-10-11 15:39:45,370 - routes.properties - INFO -   - Raw image_urls from DB: ['/uploads/properties/68e907542e9470e12ce435ec_bebf826a65a1496580895c380e490382.jpg']
2025-10-11 15:39:45,370 - routes.properties - INFO -   - Type of image_urls: <class 'list'>
2025-10-11 15:39:45,370 - routes.properties - INFO -   - Number of images: 1
2025-10-11 15:39:45,370 - routes.properties - INFO -     Image 0: /uploads/properties/68e907542e9470e12ce435ec_bebf826a65a1496580895c380e490382.jpg -> http://localhost:8000/uploads/properties/68e907542e9470e12ce435ec_bebf826a65a1496580895c380e490382.jpg
2025-10-11 15:39:45,370 - routes.properties - INFO -   - Photos count in DB: 1
2025-10-11 15:39:45,370 - routes.properties - INFO - Property 'beautiful 1 bhk house' (ID: 68e91cae2e9470e12ce435ed):
2025-10-11 15:39:45,370 - routes.properties - INFO -   - Raw image_urls from DB: ['/uploads/properties/68e91cae2e9470e12ce435ed_e3fa12c61a184f7fb50322450c82cc36.jpg']
2025-10-11 15:39:45,370 - routes.properties - INFO -   - Type of image_urls: <class 'list'>
2025-10-11 15:39:45,370 - routes.properties - INFO -   - Number of images: 1
2025-10-11 15:39:45,371 - routes.properties - INFO -     Image 0: /uploads/properties/68e91cae2e9470e12ce435ed_e3fa12c61a184f7fb50322450c82cc36.jpg -> http://localhost:8000/uploads/properties/68e91cae2e9470e12ce435ed_e3fa12c61a184f7fb50322450c82cc36.jpg
2025-10-11 15:39:45,371 - routes.properties - INFO -   - Photos count in DB: 1
2025-10-11 15:39:45,371 - routes.properties - INFO - Property 'asdfghjkl' (ID: 68e93de7c7eb04da4a5cdf52):
2025-10-11 15:39:45,371 - routes.properties - INFO -   - Raw image_urls from DB: ['/uploads/properties/68e93de7c7eb04da4a5cdf52_7ca12139b9fa471b9c0bcaa3e0786d8a.jpg']
2025-10-11 15:39:45,371 - routes.properties - INFO -   - Type of image_urls: <class 'list'>
2025-10-11 15:39:45,371 - routes.properties - INFO -   - Number of images: 1
2025-10-11 15:39:45,371 - routes.properties - INFO -     Image 0: /uploads/properties/68e93de7c7eb04da4a5cdf52_7ca12139b9fa471b9c0bcaa3e0786d8a.jpg -> http://localhost:8000/uploads/properties/68e93de7c7eb04da4a5cdf52_7ca12139b9fa471b9c0bcaa3e0786d8a.jpg
2025-10-11 15:39:45,371 - routes.properties - INFO -   - Photos count in DB: 1
2025-10-11 15:39:45,409 - routes.properties - INFO - GET /properties/user/my-properties - Getting user's properties
2025-10-11 15:39:45,410 - routes.properties - INFO - Role verification - User: ram@gmail.com, Role: seller, Authorized: True
2025-10-11 15:39:45,410 - routes.properties - INFO - Fetching properties for user: ram@gmail.com (ID: 68e7b3fc28055f8855e8398c)
2025-10-11 15:39:45,444 - routes.properties - INFO - Found 8 properties for user 68e7b3fc28055f8855e8398c
2025-10-11 15:39:45,444 - routes.properties - INFO - Property 'aradhanini' (ID: 68e7b4fe28055f8855e8398d):
2025-10-11 15:39:45,444 - routes.properties - INFO -   - Raw image_urls from DB: None
2025-10-11 15:39:45,444 - routes.properties - INFO -   - Type of image_urls: <class 'NoneType'>
2025-10-11 15:39:45,444 - routes.properties - INFO -   - No image_urls field; initialized to empty list
2025-10-11 15:39:45,444 - routes.properties - INFO -   - Number of images: 0
2025-10-11 15:39:45,444 - routes.properties - INFO -   - Photos count in DB: 0
2025-10-11 15:39:45,444 - routes.properties - INFO - Property 'rameshwaram rameshwaram rameshwaram rameshwaram' (ID: 68e7b9bf28055f8855e8398e):
2025-10-11 15:39:45,444 - routes.properties - INFO -   - Raw image_urls from DB: None
2025-10-11 15:39:45,444 - routes.properties - INFO -   - Type of image_urls: <class 'NoneType'>
2025-10-11 15:39:45,444 - routes.properties - INFO -   - No image_urls field; initialized to empty list
2025-10-11 15:39:45,444 - routes.properties - INFO -   - Number of images: 0
2025-10-11 15:39:45,444 - routes.properties - INFO -   - Photos count in DB: 0
2025-10-11 15:39:45,444 - routes.properties - INFO - Property 'rameshwaram rameshwaram rameshwaram rameshwaram' (ID: 68e7bb2028055f8855e8398f):
2025-10-11 15:39:45,444 - routes.properties - INFO -   - Raw image_urls from DB: None
2025-10-11 15:39:45,444 - routes.properties - INFO -   - Type of image_urls: <class 'NoneType'>
2025-10-11 15:39:45,444 - routes.properties - INFO -   - No image_urls field; initialized to empty list
2025-10-11 15:39:45,444 - routes.properties - INFO -   - Number of images: 0
2025-10-11 15:39:45,444 - routes.properties - INFO -   - Photos count in DB: 0
2025-10-11 15:39:45,444 - routes.properties - INFO - Property 'Luxury 3 BHK Apartment' (ID: 68e8f56a31e9ca37a6773743):
2025-10-11 15:39:45,444 - routes.properties - INFO -   - Raw image_urls from DB: []
2025-10-11 15:39:45,444 - routes.properties - INFO -   - Type of image_urls: <class 'list'>
2025-10-11 15:39:45,445 - routes.properties - INFO -   - Number of images: 0
2025-10-11 15:39:45,445 - routes.properties - INFO -   - Photos count in DB: 0
2025-10-11 15:39:45,445 - routes.properties - INFO - Property 'Luxury 1 BHK Apartment' (ID: 68e8fa13e80e07cd9d303b22):
2025-10-11 15:39:45,445 - routes.properties - INFO -   - Raw image_urls from DB: []
2025-10-11 15:39:45,445 - routes.properties - INFO -   - Type of image_urls: <class 'list'>
2025-10-11 15:39:45,445 - routes.properties - INFO -   - Number of images: 0
2025-10-11 15:39:45,445 - routes.properties - INFO -   - Photos count in DB: 0
2025-10-11 15:39:45,445 - routes.properties - INFO - Property '6 bhk apartment' (ID: 68e907542e9470e12ce435ec):
2025-10-11 15:39:45,445 - routes.properties - INFO -   - Raw image_urls from DB: ['/uploads/properties/68e907542e9470e12ce435ec_bebf826a65a1496580895c380e490382.jpg']
2025-10-11 15:39:45,445 - routes.properties - INFO -   - Type of image_urls: <class 'list'>
2025-10-11 15:39:45,445 - routes.properties - INFO -   - Number of images: 1
2025-10-11 15:39:45,445 - routes.properties - INFO -     Image 0: /uploads/properties/68e907542e9470e12ce435ec_bebf826a65a1496580895c380e490382.jpg -> http://localhost:8000/uploads/properties/68e907542e9470e12ce435ec_bebf826a65a1496580895c380e490382.jpg
2025-10-11 15:39:45,445 - routes.properties - INFO -   - Photos count in DB: 1
2025-10-11 15:39:45,445 - routes.properties - INFO - Property 'beautiful 1 bhk house' (ID: 68e91cae2e9470e12ce435ed):
2025-10-11 15:39:45,445 - routes.properties - INFO -   - Raw image_urls from DB: ['/uploads/properties/68e91cae2e9470e12ce435ed_e3fa12c61a184f7fb50322450c82cc36.jpg']
2025-10-11 15:39:45,445 - routes.properties - INFO -   - Type of image_urls: <class 'list'>
2025-10-11 15:39:45,445 - routes.properties - INFO -   - Number of images: 1
2025-10-11 15:39:45,445 - routes.properties - INFO -     Image 0: /uploads/properties/68e91cae2e9470e12ce435ed_e3fa12c61a184f7fb50322450c82cc36.jpg -> http://localhost:8000/uploads/properties/68e91cae2e9470e12ce435ed_e3fa12c61a184f7fb50322450c82cc36.jpg
2025-10-11 15:39:45,445 - routes.properties - INFO -   - Photos count in DB: 1
2025-10-11 15:39:45,445 - routes.properties - INFO - Property 'asdfghjkl' (ID: 68e93de7c7eb04da4a5cdf52):
2025-10-11 15:39:45,445 - routes.properties - INFO -   - Raw image_urls from DB: ['/uploads/properties/68e93de7c7eb04da4a5cdf52_7ca12139b9fa471b9c0bcaa3e0786d8a.jpg']
2025-10-11 15:39:45,445 - routes.properties - INFO -   - Type of image_urls: <class 'list'>
2025-10-11 15:39:45,445 - routes.properties - INFO -   - Number of images: 1
2025-10-11 15:39:45,445 - routes.properties - INFO -     Image 0: /uploads/properties/68e93de7c7eb04da4a5cdf52_7ca12139b9fa471b9c0bcaa3e0786d8a.jpg -> http://localhost:8000/uploads/properties/68e93de7c7eb04da4a5cdf52_7ca12139b9fa471b9c0bcaa3e0786d8a.jpg
2025-10-11 15:39:45,445 - routes.properties - INFO -   - Photos count in DB: 1
2025-10-11 15:41:41,571 - routes.properties - INFO - GET /properties/user/my-properties - Getting user's properties
2025-10-11 15:41:41,573 - routes.properties - INFO - Role verification - User: ram@gmail.com, Role: seller, Authorized: True
2025-10-11 15:41:41,573 - routes.properties - INFO - Fetching properties for user: ram@gmail.com (ID: 68e7b3fc28055f8855e8398c)
2025-10-11 15:41:42,488 - routes.properties - INFO - Found 8 properties for user 68e7b3fc28055f8855e8398c
2025-10-11 15:41:42,489 - routes.properties - INFO - Property 'aradhanini' (ID: 68e7b4fe28055f8855e8398d):
2025-10-11 15:41:42,489 - routes.properties - INFO -   - Raw image_urls from DB: None
2025-10-11 15:41:42,489 - routes.properties - INFO -   - Type of image_urls: <class 'NoneType'>
2025-10-11 15:41:42,489 - routes.properties - INFO -   - No image_urls field; initialized to empty list
2025-10-11 15:41:42,489 - routes.properties - INFO -   - Number of images: 0
2025-10-11 15:41:42,489 - routes.properties - INFO -   - Photos count in DB: 0
2025-10-11 15:41:42,489 - routes.properties - INFO - Property 'rameshwaram rameshwaram rameshwaram rameshwaram' (ID: 68e7b9bf28055f8855e8398e):
2025-10-11 15:41:42,489 - routes.properties - INFO -   - Raw image_urls from DB: None
2025-10-11 15:41:42,489 - routes.properties - INFO -   - Type of image_urls: <class 'NoneType'>
2025-10-11 15:41:42,489 - routes.properties - INFO -   - No image_urls field; initialized to empty list
2025-10-11 15:41:42,489 - routes.properties - INFO -   - Number of images: 0
2025-10-11 15:41:42,489 - routes.properties - INFO -   - Photos count in DB: 0
2025-10-11 15:41:42,489 - routes.properties - INFO - Property 'rameshwaram rameshwaram rameshwaram rameshwaram' (ID: 68e7bb2028055f8855e8398f):
2025-10-11 15:41:42,489 - routes.properties - INFO -   - Raw image_urls from DB: None
2025-10-11 15:41:42,489 - routes.properties - INFO -   - Type of image_urls: <class 'NoneType'>
2025-10-11 15:41:42,489 - routes.properties - INFO -   - No image_urls field; initialized to empty list
2025-10-11 15:41:42,489 - routes.properties - INFO -   - Number of images: 0
2025-10-11 15:41:42,489 - routes.properties - INFO -   - Photos count in DB: 0
2025-10-11 15:41:42,489 - routes.properties - INFO - Property 'Luxury 3 BHK Apartment' (ID: 68e8f56a31e9ca37a6773743):
2025-10-11 15:41:42,489 - routes.properties - INFO -   - Raw image_urls from DB: []
2025-10-11 15:41:42,489 - routes.properties - INFO -   - Type of image_urls: <class 'list'>
2025-10-11 15:41:42,489 - routes.properties - INFO -   - Number of images: 0
2025-10-11 15:41:42,489 - routes.properties - INFO -   - Photos count in DB: 0
2025-10-11 15:41:42,489 - routes.properties - INFO - Property 'Luxury 1 BHK Apartment' (ID: 68e8fa13e80e07cd9d303b22):
2025-10-11 15:41:42,489 - routes.properties - INFO -   - Raw image_urls from DB: []
2025-10-11 15:41:42,489 - routes.properties - INFO -   - Type of image_urls: <class 'list'>
2025-10-11 15:41:42,489 - routes.properties - INFO -   - Number of images: 0
2025-10-11 15:41:42,489 - routes.properties - INFO -   - Photos count in DB: 0
2025-10-11 15:41:42,489 - routes.properties - INFO - Property '6 bhk apartment' (ID: 68e907542e9470e12ce435ec):
2025-10-11 15:41:42,489 - routes.properties - INFO -   - Raw image_urls from DB: ['/uploads/properties/68e907542e9470e12ce435ec_bebf826a65a1496580895c380e490382.jpg']
2025-10-11 15:41:42,489 - routes.properties - INFO -   - Type of image_urls: <class 'list'>
2025-10-11 15:41:42,489 - routes.properties - INFO -   - Number of images: 1
2025-10-11 15:41:42,489 - routes.properties - INFO -     Image 0: /uploads/properties/68e907542e9470e12ce435ec_bebf826a65a1496580895c380e490382.jpg -> http://localhost:8000/uploads/properties/68e907542e9470e12ce435ec_bebf826a65a1496580895c380e490382.jpg
2025-10-11 15:41:42,489 - routes.properties - INFO -   - Photos count in DB: 1
2025-10-11 15:41:42,489 - routes.properties - INFO - Property 'beautiful 1 bhk house' (ID: 68e91cae2e9470e12ce435ed):
2025-10-11 15:41:42,490 - routes.properties - INFO -   - Raw image_urls from DB: ['/uploads/properties/68e91cae2e9470e12ce435ed_e3fa12c61a184f7fb50322450c82cc36.jpg']
2025-10-11 15:41:42,490 - routes.properties - INFO -   - Type of image_urls: <class 'list'>
2025-10-11 15:41:42,490 - routes.properties - INFO -   - Number of images: 1
2025-10-11 15:41:42,490 - routes.properties - INFO -     Image 0: /uploads/properties/68e91cae2e9470e12ce435ed_e3fa12c61a184f7fb50322450c82cc36.jpg -> http://localhost:8000/uploads/properties/68e91cae2e9470e12ce435ed_e3fa12c61a184f7fb50322450c82cc36.jpg
2025-10-11 15:41:42,490 - routes.properties - INFO -   - Photos count in DB: 1
2025-10-11 15:41:42,490 - routes.properties - INFO - Property 'asdfghjkl' (ID: 68e93de7c7eb04da4a5cdf52):
2025-10-11 15:41:42,490 - routes.properties - INFO -   - Raw image_urls from DB: ['/uploads/properties/68e93de7c7eb04da4a5cdf52_7ca12139b9fa471b9c0bcaa3e0786d8a.jpg']
2025-10-11 15:41:42,490 - routes.properties - INFO -   - Type of image_urls: <class 'list'>
2025-10-11 15:41:42,490 - routes.properties - INFO -   - Number of images: 1
2025-10-11 15:41:42,490 - routes.properties - INFO -     Image 0: /uploads/properties/68e93de7c7eb04da4a5cdf52_7ca12139b9fa471b9c0bcaa3e0786d8a.jpg -> http://localhost:8000/uploads/properties/68e93de7c7eb04da4a5cdf52_7ca12139b9fa471b9c0bcaa3e0786d8a.jpg
2025-10-11 15:41:42,490 - routes.properties - INFO -   - Photos count in DB: 1
2025-10-11 15:41:42,665 - routes.properties - INFO - GET /properties/user/my-properties - Getting user's properties
2025-10-11 15:41:42,665 - routes.properties - INFO - Role verification - User: ram@gmail.com, Role: seller, Authorized: True
2025-10-11 15:41:42,665 - routes.properties - INFO - Fetching properties for user: ram@gmail.com (ID: 68e7b3fc28055f8855e8398c)
2025-10-11 15:41:44,040 - routes.properties - INFO - Found 8 properties for user 68e7b3fc28055f8855e8398c
2025-10-11 15:41:44,041 - routes.properties - INFO - Property 'aradhanini' (ID: 68e7b4fe28055f8855e8398d):
2025-10-11 15:41:44,041 - routes.properties - INFO -   - Raw image_urls from DB: None
2025-10-11 15:41:44,041 - routes.properties - INFO -   - Type of image_urls: <class 'NoneType'>
2025-10-11 15:41:44,041 - routes.properties - INFO -   - No image_urls field; initialized to empty list
2025-10-11 15:41:44,041 - routes.properties - INFO -   - Number of images: 0
2025-10-11 15:41:44,041 - routes.properties - INFO -   - Photos count in DB: 0
2025-10-11 15:41:44,041 - routes.properties - INFO - Property 'rameshwaram rameshwaram rameshwaram rameshwaram' (ID: 68e7b9bf28055f8855e8398e):
2025-10-11 15:41:44,041 - routes.properties - INFO -   - Raw image_urls from DB: None
2025-10-11 15:41:44,041 - routes.properties - INFO -   - Type of image_urls: <class 'NoneType'>
2025-10-11 15:41:44,041 - routes.properties - INFO -   - No image_urls field; initialized to empty list
2025-10-11 15:41:44,041 - routes.properties - INFO -   - Number of images: 0
2025-10-11 15:41:44,041 - routes.properties - INFO -   - Photos count in DB: 0
2025-10-11 15:41:44,041 - routes.properties - INFO - Property 'rameshwaram rameshwaram rameshwaram rameshwaram' (ID: 68e7bb2028055f8855e8398f):
2025-10-11 15:41:44,041 - routes.properties - INFO -   - Raw image_urls from DB: None
2025-10-11 15:41:44,041 - routes.properties - INFO -   - Type of image_urls: <class 'NoneType'>
2025-10-11 15:41:44,042 - routes.properties - INFO -   - No image_urls field; initialized to empty list
2025-10-11 15:41:44,042 - routes.properties - INFO -   - Number of images: 0
2025-10-11 15:41:44,042 - routes.properties - INFO -   - Photos count in DB: 0
2025-10-11 15:41:44,042 - routes.properties - INFO - Property 'Luxury 3 BHK Apartment' (ID: 68e8f56a31e9ca37a6773743):
2025-10-11 15:41:44,042 - routes.properties - INFO -   - Raw image_urls from DB: []
2025-10-11 15:41:44,042 - routes.properties - INFO -   - Type of image_urls: <class 'list'>
2025-10-11 15:41:44,042 - routes.properties - INFO -   - Number of images: 0
2025-10-11 15:41:44,042 - routes.properties - INFO -   - Photos count in DB: 0
2025-10-11 15:41:44,042 - routes.properties - INFO - Property 'Luxury 1 BHK Apartment' (ID: 68e8fa13e80e07cd9d303b22):
2025-10-11 15:41:44,042 - routes.properties - INFO -   - Raw image_urls from DB: []
2025-10-11 15:41:44,042 - routes.properties - INFO -   - Type of image_urls: <class 'list'>
2025-10-11 15:41:44,042 - routes.properties - INFO -   - Number of images: 0
2025-10-11 15:41:44,042 - routes.properties - INFO -   - Photos count in DB: 0
2025-10-11 15:41:44,042 - routes.properties - INFO - Property '6 bhk apartment' (ID: 68e907542e9470e12ce435ec):
2025-10-11 15:41:44,042 - routes.properties - INFO -   - Raw image_urls from DB: ['/uploads/properties/68e907542e9470e12ce435ec_bebf826a65a1496580895c380e490382.jpg']
2025-10-11 15:41:44,042 - routes.properties - INFO -   - Type of image_urls: <class 'list'>
2025-10-11 15:41:44,042 - routes.properties - INFO -   - Number of images: 1
2025-10-11 15:41:44,042 - routes.properties - INFO -     Image 0: /uploads/properties/68e907542e9470e12ce435ec_bebf826a65a1496580895c380e490382.jpg -> http://localhost:8000/uploads/properties/68e907542e9470e12ce435ec_bebf826a65a1496580895c380e490382.jpg
2025-10-11 15:41:44,042 - routes.properties - INFO -   - Photos count in DB: 1
2025-10-11 15:41:44,042 - routes.properties - INFO - Property 'beautiful 1 bhk house' (ID: 68e91cae2e9470e12ce435ed):
2025-10-11 15:41:44,042 - routes.properties - INFO -   - Raw image_urls from DB: ['/uploads/properties/68e91cae2e9470e12ce435ed_e3fa12c61a184f7fb50322450c82cc36.jpg']
2025-10-11 15:41:44,042 - routes.properties - INFO -   - Type of image_urls: <class 'list'>
2025-10-11 15:41:44,042 - routes.properties - INFO -   - Number of images: 1
2025-10-11 15:41:44,042 - routes.properties - INFO -     Image 0: /uploads/properties/68e91cae2e9470e12ce435ed_e3fa12c61a184f7fb50322450c82cc36.jpg -> http://localhost:8000/uploads/properties/68e91cae2e9470e12ce435ed_e3fa12c61a184f7fb50322450c82cc36.jpg
2025-10-11 15:41:44,042 - routes.properties - INFO -   - Photos count in DB: 1
2025-10-11 15:41:44,042 - routes.properties - INFO - Property 'asdfghjkl' (ID: 68e93de7c7eb04da4a5cdf52):
2025-10-11 15:41:44,042 - routes.properties - INFO -   - Raw image_urls from DB: ['/uploads/properties/68e93de7c7eb04da4a5cdf52_7ca12139b9fa471b9c0bcaa3e0786d8a.jpg']
2025-10-11 15:41:44,042 - routes.properties - INFO -   - Type of image_urls: <class 'list'>
2025-10-11 15:41:44,042 - routes.properties - INFO -   - Number of images: 1
2025-10-11 15:41:44,042 - routes.properties - INFO -     Image 0: /uploads/properties/68e93de7c7eb04da4a5cdf52_7ca12139b9fa471b9c0bcaa3e0786d8a.jpg -> http://localhost:8000/uploads/properties/68e93de7c7eb04da4a5cdf52_7ca12139b9fa471b9c0bcaa3e0786d8a.jpg
2025-10-11 15:41:44,042 - routes.properties - INFO -   - Photos count in DB: 1
2025-10-11 15:41:55,306 - routes.properties - INFO - GET /properties/user/my-properties - Getting user's properties
2025-10-11 15:41:55,308 - routes.properties - INFO - Role verification - User: ram@gmail.com, Role: seller, Authorized: True
2025-10-11 15:41:55,308 - routes.properties - INFO - Fetching properties for user: ram@gmail.com (ID: 68e7b3fc28055f8855e8398c)
2025-10-11 15:41:55,638 - routes.properties - INFO - Found 8 properties for user 68e7b3fc28055f8855e8398c
2025-10-11 15:41:55,639 - routes.properties - INFO - Property 'aradhanini' (ID: 68e7b4fe28055f8855e8398d):
2025-10-11 15:41:55,639 - routes.properties - INFO -   - Raw image_urls from DB: None
2025-10-11 15:41:55,639 - routes.properties - INFO -   - Type of image_urls: <class 'NoneType'>
2025-10-11 15:41:55,639 - routes.properties - INFO -   - No image_urls field; initialized to empty list
2025-10-11 15:41:55,639 - routes.properties - INFO -   - Number of images: 0
2025-10-11 15:41:55,639 - routes.properties - INFO -   - Photos count in DB: 0
2025-10-11 15:41:55,639 - routes.properties - INFO - Property 'rameshwaram rameshwaram rameshwaram rameshwaram' (ID: 68e7b9bf28055f8855e8398e):
2025-10-11 15:41:55,640 - routes.properties - INFO -   - Raw image_urls from DB: None
2025-10-11 15:41:55,640 - routes.properties - INFO -   - Type of image_urls: <class 'NoneType'>
2025-10-11 15:41:55,640 - routes.properties - INFO -   - No image_urls field; initialized to empty list
2025-10-11 15:41:55,640 - routes.properties - INFO -   - Number of images: 0
2025-10-11 15:41:55,640 - routes.properties - INFO -   - Photos count in DB: 0
2025-10-11 15:41:55,640 - routes.properties - INFO - Property 'rameshwaram rameshwaram rameshwaram rameshwaram' (ID: 68e7bb2028055f8855e8398f):
2025-10-11 15:41:55,640 - routes.properties - INFO -   - Raw image_urls from DB: None
2025-10-11 15:41:55,640 - routes.properties - INFO -   - Type of image_urls: <class 'NoneType'>
2025-10-11 15:41:55,640 - routes.properties - INFO -   - No image_urls field; initialized to empty list
2025-10-11 15:41:55,640 - routes.properties - INFO -   - Number of images: 0
2025-10-11 15:41:55,641 - routes.properties - INFO -   - Photos count in DB: 0
2025-10-11 15:41:55,641 - routes.properties - INFO - Property 'Luxury 3 BHK Apartment' (ID: 68e8f56a31e9ca37a6773743):
2025-10-11 15:41:55,641 - routes.properties - INFO -   - Raw image_urls from DB: []
2025-10-11 15:41:55,641 - routes.properties - INFO -   - Type of image_urls: <class 'list'>
2025-10-11 15:41:55,641 - routes.properties - INFO -   - Number of images: 0
2025-10-11 15:41:55,641 - routes.properties - INFO -   - Photos count in DB: 0
2025-10-11 15:41:55,641 - routes.properties - INFO - Property 'Luxury 1 BHK Apartment' (ID: 68e8fa13e80e07cd9d303b22):
2025-10-11 15:41:55,641 - routes.properties - INFO -   - Raw image_urls from DB: []
2025-10-11 15:41:55,641 - routes.properties - INFO -   - Type of image_urls: <class 'list'>
2025-10-11 15:41:55,641 - routes.properties - INFO -   - Number of images: 0
2025-10-11 15:41:55,641 - routes.properties - INFO -   - Photos count in DB: 0
2025-10-11 15:41:55,641 - routes.properties - INFO - Property '6 bhk apartment' (ID: 68e907542e9470e12ce435ec):
2025-10-11 15:41:55,641 - routes.properties - INFO -   - Raw image_urls from DB: ['/uploads/properties/68e907542e9470e12ce435ec_bebf826a65a1496580895c380e490382.jpg']
2025-10-11 15:41:55,641 - routes.properties - INFO -   - Type of image_urls: <class 'list'>
2025-10-11 15:41:55,641 - routes.properties - INFO -   - Number of images: 1
2025-10-11 15:41:55,641 - routes.properties - INFO -     Image 0: /uploads/properties/68e907542e9470e12ce435ec_bebf826a65a1496580895c380e490382.jpg -> http://localhost:8000/uploads/properties/68e907542e9470e12ce435ec_bebf826a65a1496580895c380e490382.jpg
2025-10-11 15:41:55,642 - routes.properties - INFO -   - Photos count in DB: 1
2025-10-11 15:41:55,642 - routes.properties - INFO - Property 'beautiful 1 bhk house' (ID: 68e91cae2e9470e12ce435ed):
2025-10-11 15:41:55,642 - routes.properties - INFO -   - Raw image_urls from DB: ['/uploads/properties/68e91cae2e9470e12ce435ed_e3fa12c61a184f7fb50322450c82cc36.jpg']
2025-10-11 15:41:55,642 - routes.properties - INFO -   - Type of image_urls: <class 'list'>
2025-10-11 15:41:55,642 - routes.properties - INFO -   - Number of images: 1
2025-10-11 15:41:55,642 - routes.properties - INFO -     Image 0: /uploads/properties/68e91cae2e9470e12ce435ed_e3fa12c61a184f7fb50322450c82cc36.jpg -> http://localhost:8000/uploads/properties/68e91cae2e9470e12ce435ed_e3fa12c61a184f7fb50322450c82cc36.jpg
2025-10-11 15:41:55,642 - routes.properties - INFO -   - Photos count in DB: 1
2025-10-11 15:41:55,642 - routes.properties - INFO - Property 'asdfghjkl' (ID: 68e93de7c7eb04da4a5cdf52):
2025-10-11 15:41:55,642 - routes.properties - INFO -   - Raw image_urls from DB: ['/uploads/properties/68e93de7c7eb04da4a5cdf52_7ca12139b9fa471b9c0bcaa3e0786d8a.jpg']
2025-10-11 15:41:55,642 - routes.properties - INFO -   - Type of image_urls: <class 'list'>
2025-10-11 15:41:55,642 - routes.properties - INFO -   - Number of images: 1
2025-10-11 15:41:55,642 - routes.properties - INFO -     Image 0: /uploads/properties/68e93de7c7eb04da4a5cdf52_7ca12139b9fa471b9c0bcaa3e0786d8a.jpg -> http://localhost:8000/uploads/properties/68e93de7c7eb04da4a5cdf52_7ca12139b9fa471b9c0bcaa3e0786d8a.jpg
2025-10-11 15:41:55,642 - routes.properties - INFO -   - Photos count in DB: 1
2025-10-11 15:41:56,678 - routes.properties - INFO - GET /properties/user/my-properties - Getting user's properties
2025-10-11 15:41:56,678 - routes.properties - INFO - Role verification - User: ram@gmail.com, Role: seller, Authorized: True
2025-10-11 15:41:56,678 - routes.properties - INFO - Fetching properties for user: ram@gmail.com (ID: 68e7b3fc28055f8855e8398c)
2025-10-11 15:41:57,842 - routes.properties - INFO - Found 8 properties for user 68e7b3fc28055f8855e8398c
2025-10-11 15:41:57,842 - routes.properties - INFO - Property 'aradhanini' (ID: 68e7b4fe28055f8855e8398d):
2025-10-11 15:41:57,842 - routes.properties - INFO -   - Raw image_urls from DB: None
2025-10-11 15:41:57,842 - routes.properties - INFO -   - Type of image_urls: <class 'NoneType'>
2025-10-11 15:41:57,842 - routes.properties - INFO -   - No image_urls field; initialized to empty list
2025-10-11 15:41:57,842 - routes.properties - INFO -   - Number of images: 0
2025-10-11 15:41:57,842 - routes.properties - INFO -   - Photos count in DB: 0
2025-10-11 15:41:57,842 - routes.properties - INFO - Property 'rameshwaram rameshwaram rameshwaram rameshwaram' (ID: 68e7b9bf28055f8855e8398e):
2025-10-11 15:41:57,842 - routes.properties - INFO -   - Raw image_urls from DB: None
2025-10-11 15:41:57,842 - routes.properties - INFO -   - Type of image_urls: <class 'NoneType'>
2025-10-11 15:41:57,842 - routes.properties - INFO -   - No image_urls field; initialized to empty list
2025-10-11 15:41:57,842 - routes.properties - INFO -   - Number of images: 0
2025-10-11 15:41:57,842 - routes.properties - INFO -   - Photos count in DB: 0
2025-10-11 15:41:57,842 - routes.properties - INFO - Property 'rameshwaram rameshwaram rameshwaram rameshwaram' (ID: 68e7bb2028055f8855e8398f):
2025-10-11 15:41:57,842 - routes.properties - INFO -   - Raw image_urls from DB: None
2025-10-11 15:41:57,842 - routes.properties - INFO -   - Type of image_urls: <class 'NoneType'>
2025-10-11 15:41:57,843 - routes.properties - INFO -   - No image_urls field; initialized to empty list
2025-10-11 15:41:57,843 - routes.properties - INFO -   - Number of images: 0
2025-10-11 15:41:57,843 - routes.properties - INFO -   - Photos count in DB: 0
2025-10-11 15:41:57,843 - routes.properties - INFO - Property 'Luxury 3 BHK Apartment' (ID: 68e8f56a31e9ca37a6773743):
2025-10-11 15:41:57,843 - routes.properties - INFO -   - Raw image_urls from DB: []
2025-10-11 15:41:57,843 - routes.properties - INFO -   - Type of image_urls: <class 'list'>
2025-10-11 15:41:57,843 - routes.properties - INFO -   - Number of images: 0
2025-10-11 15:41:57,843 - routes.properties - INFO -   - Photos count in DB: 0
2025-10-11 15:41:57,843 - routes.properties - INFO - Property 'Luxury 1 BHK Apartment' (ID: 68e8fa13e80e07cd9d303b22):
2025-10-11 15:41:57,843 - routes.properties - INFO -   - Raw image_urls from DB: []
2025-10-11 15:41:57,843 - routes.properties - INFO -   - Type of image_urls: <class 'list'>
2025-10-11 15:41:57,843 - routes.properties - INFO -   - Number of images: 0
2025-10-11 15:41:57,843 - routes.properties - INFO -   - Photos count in DB: 0
2025-10-11 15:41:57,843 - routes.properties - INFO - Property '6 bhk apartment' (ID: 68e907542e9470e12ce435ec):
2025-10-11 15:41:57,843 - routes.properties - INFO -   - Raw image_urls from DB: ['/uploads/properties/68e907542e9470e12ce435ec_bebf826a65a1496580895c380e490382.jpg']
2025-10-11 15:41:57,843 - routes.properties - INFO -   - Type of image_urls: <class 'list'>
2025-10-11 15:41:57,843 - routes.properties - INFO -   - Number of images: 1
2025-10-11 15:41:57,843 - routes.properties - INFO -     Image 0: /uploads/properties/68e907542e9470e12ce435ec_bebf826a65a1496580895c380e490382.jpg -> http://localhost:8000/uploads/properties/68e907542e9470e12ce435ec_bebf826a65a1496580895c380e490382.jpg
2025-10-11 15:41:57,843 - routes.properties - INFO -   - Photos count in DB: 1
2025-10-11 15:41:57,843 - routes.properties - INFO - Property 'beautiful 1 bhk house' (ID: 68e91cae2e9470e12ce435ed):
2025-10-11 15:41:57,843 - routes.properties - INFO -   - Raw image_urls from DB: ['/uploads/properties/68e91cae2e9470e12ce435ed_e3fa12c61a184f7fb50322450c82cc36.jpg']
2025-10-11 15:41:57,843 - routes.properties - INFO -   - Type of image_urls: <class 'list'>
2025-10-11 15:41:57,843 - routes.properties - INFO -   - Number of images: 1
2025-10-11 15:41:57,843 - routes.properties - INFO -     Image 0: /uploads/properties/68e91cae2e9470e12ce435ed_e3fa12c61a184f7fb50322450c82cc36.jpg -> http://localhost:8000/uploads/properties/68e91cae2e9470e12ce435ed_e3fa12c61a184f7fb50322450c82cc36.jpg
2025-10-11 15:41:57,843 - routes.properties - INFO -   - Photos count in DB: 1
2025-10-11 15:41:57,843 - routes.properties - INFO - Property 'asdfghjkl' (ID: 68e93de7c7eb04da4a5cdf52):
2025-10-11 15:41:57,843 - routes.properties - INFO -   - Raw image_urls from DB: ['/uploads/properties/68e93de7c7eb04da4a5cdf52_7ca12139b9fa471b9c0bcaa3e0786d8a.jpg']
2025-10-11 15:41:57,843 - routes.properties - INFO -   - Type of image_urls: <class 'list'>
2025-10-11 15:41:57,843 - routes.properties - INFO -   - Number of images: 1
2025-10-11 15:41:57,843 - routes.properties - INFO -     Image 0: /uploads/properties/68e93de7c7eb04da4a5cdf52_7ca12139b9fa471b9c0bcaa3e0786d8a.jpg -> http://localhost:8000/uploads/properties/68e93de7c7eb04da4a5cdf52_7ca12139b9fa471b9c0bcaa3e0786d8a.jpg
2025-10-11 15:41:57,843 - routes.properties - INFO -   - Photos count in DB: 1
2025-10-11 15:42:12,452 - routes.properties - INFO - GET /properties/user/my-properties - Getting user's properties
2025-10-11 15:42:12,452 - routes.properties - INFO - Role verification - User: ram@gmail.com, Role: seller, Authorized: True
2025-10-11 15:42:12,452 - routes.properties - INFO - Fetching properties for user: ram@gmail.com (ID: 68e7b3fc28055f8855e8398c)
2025-10-11 15:42:12,518 - routes.properties - INFO - Found 8 properties for user 68e7b3fc28055f8855e8398c
2025-10-11 15:42:12,518 - routes.properties - INFO - Property 'aradhanini' (ID: 68e7b4fe28055f8855e8398d):
2025-10-11 15:42:12,518 - routes.properties - INFO -   - Raw image_urls from DB: None
2025-10-11 15:42:12,518 - routes.properties - INFO -   - Type of image_urls: <class 'NoneType'>
2025-10-11 15:42:12,518 - routes.properties - INFO -   - No image_urls field; initialized to empty list
2025-10-11 15:42:12,518 - routes.properties - INFO -   - Number of images: 0
2025-10-11 15:42:12,518 - routes.properties - INFO -   - Photos count in DB: 0
2025-10-11 15:42:12,518 - routes.properties - INFO - Property 'rameshwaram rameshwaram rameshwaram rameshwaram' (ID: 68e7b9bf28055f8855e8398e):
2025-10-11 15:42:12,519 - routes.properties - INFO -   - Raw image_urls from DB: None
2025-10-11 15:42:12,519 - routes.properties - INFO -   - Type of image_urls: <class 'NoneType'>
2025-10-11 15:42:12,519 - routes.properties - INFO -   - No image_urls field; initialized to empty list
2025-10-11 15:42:12,519 - routes.properties - INFO -   - Number of images: 0
2025-10-11 15:42:12,519 - routes.properties - INFO -   - Photos count in DB: 0
2025-10-11 15:42:12,519 - routes.properties - INFO - Property 'rameshwaram rameshwaram rameshwaram rameshwaram' (ID: 68e7bb2028055f8855e8398f):
2025-10-11 15:42:12,519 - routes.properties - INFO -   - Raw image_urls from DB: None
2025-10-11 15:42:12,519 - routes.properties - INFO -   - Type of image_urls: <class 'NoneType'>
2025-10-11 15:42:12,519 - routes.properties - INFO -   - No image_urls field; initialized to empty list
2025-10-11 15:42:12,519 - routes.properties - INFO -   - Number of images: 0
2025-10-11 15:42:12,519 - routes.properties - INFO -   - Photos count in DB: 0
2025-10-11 15:42:12,519 - routes.properties - INFO - Property 'Luxury 3 BHK Apartment' (ID: 68e8f56a31e9ca37a6773743):
2025-10-11 15:42:12,519 - routes.properties - INFO -   - Raw image_urls from DB: []
2025-10-11 15:42:12,519 - routes.properties - INFO -   - Type of image_urls: <class 'list'>
2025-10-11 15:42:12,519 - routes.properties - INFO -   - Number of images: 0
2025-10-11 15:42:12,519 - routes.properties - INFO -   - Photos count in DB: 0
2025-10-11 15:42:12,519 - routes.properties - INFO - Property 'Luxury 1 BHK Apartment' (ID: 68e8fa13e80e07cd9d303b22):
2025-10-11 15:42:12,519 - routes.properties - INFO -   - Raw image_urls from DB: []
2025-10-11 15:42:12,519 - routes.properties - INFO -   - Type of image_urls: <class 'list'>
2025-10-11 15:42:12,519 - routes.properties - INFO -   - Number of images: 0
2025-10-11 15:42:12,519 - routes.properties - INFO -   - Photos count in DB: 0
2025-10-11 15:42:12,519 - routes.properties - INFO - Property '6 bhk apartment' (ID: 68e907542e9470e12ce435ec):
2025-10-11 15:42:12,519 - routes.properties - INFO -   - Raw image_urls from DB: ['/uploads/properties/68e907542e9470e12ce435ec_bebf826a65a1496580895c380e490382.jpg']
2025-10-11 15:42:12,519 - routes.properties - INFO -   - Type of image_urls: <class 'list'>
2025-10-11 15:42:12,519 - routes.properties - INFO -   - Number of images: 1
2025-10-11 15:42:12,519 - routes.properties - INFO -     Image 0: /uploads/properties/68e907542e9470e12ce435ec_bebf826a65a1496580895c380e490382.jpg -> http://localhost:8000/uploads/properties/68e907542e9470e12ce435ec_bebf826a65a1496580895c380e490382.jpg
2025-10-11 15:42:12,519 - routes.properties - INFO -   - Photos count in DB: 1
2025-10-11 15:42:12,519 - routes.properties - INFO - Property 'beautiful 1 bhk house' (ID: 68e91cae2e9470e12ce435ed):
2025-10-11 15:42:12,519 - routes.properties - INFO -   - Raw image_urls from DB: ['/uploads/properties/68e91cae2e9470e12ce435ed_e3fa12c61a184f7fb50322450c82cc36.jpg']
2025-10-11 15:42:12,519 - routes.properties - INFO -   - Type of image_urls: <class 'list'>
2025-10-11 15:42:12,519 - routes.properties - INFO -   - Number of images: 1
2025-10-11 15:42:12,520 - routes.properties - INFO -     Image 0: /uploads/properties/68e91cae2e9470e12ce435ed_e3fa12c61a184f7fb50322450c82cc36.jpg -> http://localhost:8000/uploads/properties/68e91cae2e9470e12ce435ed_e3fa12c61a184f7fb50322450c82cc36.jpg
2025-10-11 15:42:12,520 - routes.properties - INFO -   - Photos count in DB: 1
2025-10-11 15:42:12,520 - routes.properties - INFO - Property 'asdfghjkl' (ID: 68e93de7c7eb04da4a5cdf52):
2025-10-11 15:42:12,520 - routes.properties - INFO -   - Raw image_urls from DB: ['/uploads/properties/68e93de7c7eb04da4a5cdf52_7ca12139b9fa471b9c0bcaa3e0786d8a.jpg']
2025-10-11 15:42:12,520 - routes.properties - INFO -   - Type of image_urls: <class 'list'>
2025-10-11 15:42:12,520 - routes.properties - INFO -   - Number of images: 1
2025-10-11 15:42:12,520 - routes.properties - INFO -     Image 0: /uploads/properties/68e93de7c7eb04da4a5cdf52_7ca12139b9fa471b9c0bcaa3e0786d8a.jpg -> http://localhost:8000/uploads/properties/68e93de7c7eb04da4a5cdf52_7ca12139b9fa471b9c0bcaa3e0786d8a.jpg
2025-10-11 15:42:12,520 - routes.properties - INFO -   - Photos count in DB: 1
2025-10-11 15:42:12,559 - routes.properties - INFO - GET /properties/user/my-properties - Getting user's properties
2025-10-11 15:42:12,559 - routes.properties - INFO - Role verification - User: ram@gmail.com, Role: seller, Authorized: True
2025-10-11 15:42:12,559 - routes.properties - INFO - Fetching properties for user: ram@gmail.com (ID: 68e7b3fc28055f8855e8398c)
2025-10-11 15:42:12,625 - routes.properties - INFO - Found 8 properties for user 68e7b3fc28055f8855e8398c
2025-10-11 15:42:12,625 - routes.properties - INFO - Property 'aradhanini' (ID: 68e7b4fe28055f8855e8398d):
2025-10-11 15:42:12,625 - routes.properties - INFO -   - Raw image_urls from DB: None
2025-10-11 15:42:12,625 - routes.properties - INFO -   - Type of image_urls: <class 'NoneType'>
2025-10-11 15:42:12,625 - routes.properties - INFO -   - No image_urls field; initialized to empty list
2025-10-11 15:42:12,625 - routes.properties - INFO -   - Number of images: 0
2025-10-11 15:42:12,625 - routes.properties - INFO -   - Photos count in DB: 0
2025-10-11 15:42:12,626 - routes.properties - INFO - Property 'rameshwaram rameshwaram rameshwaram rameshwaram' (ID: 68e7b9bf28055f8855e8398e):
2025-10-11 15:42:12,626 - routes.properties - INFO -   - Raw image_urls from DB: None
2025-10-11 15:42:12,626 - routes.properties - INFO -   - Type of image_urls: <class 'NoneType'>
2025-10-11 15:42:12,626 - routes.properties - INFO -   - No image_urls field; initialized to empty list
2025-10-11 15:42:12,626 - routes.properties - INFO -   - Number of images: 0
2025-10-11 15:42:12,626 - routes.properties - INFO -   - Photos count in DB: 0
2025-10-11 15:42:12,626 - routes.properties - INFO - Property 'rameshwaram rameshwaram rameshwaram rameshwaram' (ID: 68e7bb2028055f8855e8398f):
2025-10-11 15:42:12,626 - routes.properties - INFO -   - Raw image_urls from DB: None
2025-10-11 15:42:12,626 - routes.properties - INFO -   - Type of image_urls: <class 'NoneType'>
2025-10-11 15:42:12,626 - routes.properties - INFO -   - No image_urls field; initialized to empty list
2025-10-11 15:42:12,626 - routes.properties - INFO -   - Number of images: 0
2025-10-11 15:42:12,626 - routes.properties - INFO -   - Photos count in DB: 0
2025-10-11 15:42:12,626 - routes.properties - INFO - Property 'Luxury 3 BHK Apartment' (ID: 68e8f56a31e9ca37a6773743):
2025-10-11 15:42:12,626 - routes.properties - INFO -   - Raw image_urls from DB: []
2025-10-11 15:42:12,626 - routes.properties - INFO -   - Type of image_urls: <class 'list'>
2025-10-11 15:42:12,626 - routes.properties - INFO -   - Number of images: 0
2025-10-11 15:42:12,626 - routes.properties - INFO -   - Photos count in DB: 0
2025-10-11 15:42:12,626 - routes.properties - INFO - Property 'Luxury 1 BHK Apartment' (ID: 68e8fa13e80e07cd9d303b22):
2025-10-11 15:42:12,627 - routes.properties - INFO -   - Raw image_urls from DB: []
2025-10-11 15:42:12,627 - routes.properties - INFO -   - Type of image_urls: <class 'list'>
2025-10-11 15:42:12,627 - routes.properties - INFO -   - Number of images: 0
2025-10-11 15:42:12,627 - routes.properties - INFO -   - Photos count in DB: 0
2025-10-11 15:42:12,627 - routes.properties - INFO - Property '6 bhk apartment' (ID: 68e907542e9470e12ce435ec):
2025-10-11 15:42:12,627 - routes.properties - INFO -   - Raw image_urls from DB: ['/uploads/properties/68e907542e9470e12ce435ec_bebf826a65a1496580895c380e490382.jpg']
2025-10-11 15:42:12,627 - routes.properties - INFO -   - Type of image_urls: <class 'list'>
2025-10-11 15:42:12,627 - routes.properties - INFO -   - Number of images: 1
2025-10-11 15:42:12,627 - routes.properties - INFO -     Image 0: /uploads/properties/68e907542e9470e12ce435ec_bebf826a65a1496580895c380e490382.jpg -> http://localhost:8000/uploads/properties/68e907542e9470e12ce435ec_bebf826a65a1496580895c380e490382.jpg
2025-10-11 15:42:12,627 - routes.properties - INFO -   - Photos count in DB: 1
2025-10-11 15:42:12,627 - routes.properties - INFO - Property 'beautiful 1 bhk house' (ID: 68e91cae2e9470e12ce435ed):
2025-10-11 15:42:12,627 - routes.properties - INFO -   - Raw image_urls from DB: ['/uploads/properties/68e91cae2e9470e12ce435ed_e3fa12c61a184f7fb50322450c82cc36.jpg']
2025-10-11 15:42:12,627 - routes.properties - INFO -   - Type of image_urls: <class 'list'>
2025-10-11 15:42:12,628 - routes.properties - INFO -   - Number of images: 1
2025-10-11 15:42:12,628 - routes.properties - INFO -     Image 0: /uploads/properties/68e91cae2e9470e12ce435ed_e3fa12c61a184f7fb50322450c82cc36.jpg -> http://localhost:8000/uploads/properties/68e91cae2e9470e12ce435ed_e3fa12c61a184f7fb50322450c82cc36.jpg
2025-10-11 15:42:12,628 - routes.properties - INFO -   - Photos count in DB: 1
2025-10-11 15:42:12,628 - routes.properties - INFO - Property 'asdfghjkl' (ID: 68e93de7c7eb04da4a5cdf52):
2025-10-11 15:42:12,628 - routes.properties - INFO -   - Raw image_urls from DB: ['/uploads/properties/68e93de7c7eb04da4a5cdf52_7ca12139b9fa471b9c0bcaa3e0786d8a.jpg']
2025-10-11 15:42:12,628 - routes.properties - INFO -   - Type of image_urls: <class 'list'>
2025-10-11 15:42:12,628 - routes.properties - INFO -   - Number of images: 1
2025-10-11 15:42:12,628 - routes.properties - INFO -     Image 0: /uploads/properties/68e93de7c7eb04da4a5cdf52_7ca12139b9fa471b9c0bcaa3e0786d8a.jpg -> http://localhost:8000/uploads/properties/68e93de7c7eb04da4a5cdf52_7ca12139b9fa471b9c0bcaa3e0786d8a.jpg
2025-10-11 15:42:12,628 - routes.properties - INFO -   - Photos count in DB: 1
2025-10-11 15:43:14,737 - routes.properties - INFO - GET /properties/user/my-properties - Getting user's properties
2025-10-11 15:43:14,738 - routes.properties - INFO - Role verification - User: ram@gmail.com, Role: seller, Authorized: True
2025-10-11 15:43:14,738 - routes.properties - INFO - Fetching properties for user: ram@gmail.com (ID: 68e7b3fc28055f8855e8398c)
2025-10-11 15:43:14,770 - routes.properties - INFO - Found 8 properties for user 68e7b3fc28055f8855e8398c
2025-10-11 15:43:14,770 - routes.properties - INFO - Property 'aradhanini' (ID: 68e7b4fe28055f8855e8398d):
2025-10-11 15:43:14,770 - routes.properties - INFO -   - Raw image_urls from DB: None
2025-10-11 15:43:14,770 - routes.properties - INFO -   - Type of image_urls: <class 'NoneType'>
2025-10-11 15:43:14,770 - routes.properties - INFO -   - No image_urls field; initialized to empty list
2025-10-11 15:43:14,770 - routes.properties - INFO -   - Number of images: 0
2025-10-11 15:43:14,770 - routes.properties - INFO -   - Photos count in DB: 0
2025-10-11 15:43:14,770 - routes.properties - INFO - Property 'rameshwaram rameshwaram rameshwaram rameshwaram' (ID: 68e7b9bf28055f8855e8398e):
2025-10-11 15:43:14,770 - routes.properties - INFO -   - Raw image_urls from DB: None
2025-10-11 15:43:14,770 - routes.properties - INFO -   - Type of image_urls: <class 'NoneType'>
2025-10-11 15:43:14,770 - routes.properties - INFO -   - No image_urls field; initialized to empty list
2025-10-11 15:43:14,770 - routes.properties - INFO -   - Number of images: 0
2025-10-11 15:43:14,770 - routes.properties - INFO -   - Photos count in DB: 0
2025-10-11 15:43:14,770 - routes.properties - INFO - Property 'rameshwaram rameshwaram rameshwaram rameshwaram' (ID: 68e7bb2028055f8855e8398f):
2025-10-11 15:43:14,770 - routes.properties - INFO -   - Raw image_urls from DB: None
2025-10-11 15:43:14,770 - routes.properties - INFO -   - Type of image_urls: <class 'NoneType'>
2025-10-11 15:43:14,770 - routes.properties - INFO -   - No image_urls field; initialized to empty list
2025-10-11 15:43:14,770 - routes.properties - INFO -   - Number of images: 0
2025-10-11 15:43:14,771 - routes.properties - INFO -   - Photos count in DB: 0
2025-10-11 15:43:14,771 - routes.properties - INFO - Property 'Luxury 3 BHK Apartment' (ID: 68e8f56a31e9ca37a6773743):
2025-10-11 15:43:14,771 - routes.properties - INFO -   - Raw image_urls from DB: []
2025-10-11 15:43:14,771 - routes.properties - INFO -   - Type of image_urls: <class 'list'>
2025-10-11 15:43:14,771 - routes.properties - INFO -   - Number of images: 0
2025-10-11 15:43:14,771 - routes.properties - INFO -   - Photos count in DB: 0
2025-10-11 15:43:14,771 - routes.properties - INFO - Property 'Luxury 1 BHK Apartment' (ID: 68e8fa13e80e07cd9d303b22):
2025-10-11 15:43:14,771 - routes.properties - INFO -   - Raw image_urls from DB: []
2025-10-11 15:43:14,771 - routes.properties - INFO -   - Type of image_urls: <class 'list'>
2025-10-11 15:43:14,771 - routes.properties - INFO -   - Number of images: 0
2025-10-11 15:43:14,771 - routes.properties - INFO -   - Photos count in DB: 0
2025-10-11 15:43:14,771 - routes.properties - INFO - Property '6 bhk apartment' (ID: 68e907542e9470e12ce435ec):
2025-10-11 15:43:14,771 - routes.properties - INFO -   - Raw image_urls from DB: ['/uploads/properties/68e907542e9470e12ce435ec_bebf826a65a1496580895c380e490382.jpg']
2025-10-11 15:43:14,771 - routes.properties - INFO -   - Type of image_urls: <class 'list'>
2025-10-11 15:43:14,771 - routes.properties - INFO -   - Number of images: 1
2025-10-11 15:43:14,771 - routes.properties - INFO -     Image 0: /uploads/properties/68e907542e9470e12ce435ec_bebf826a65a1496580895c380e490382.jpg -> http://localhost:8000/uploads/properties/68e907542e9470e12ce435ec_bebf826a65a1496580895c380e490382.jpg
2025-10-11 15:43:14,771 - routes.properties - INFO -   - Photos count in DB: 1
2025-10-11 15:43:14,771 - routes.properties - INFO - Property 'beautiful 1 bhk house' (ID: 68e91cae2e9470e12ce435ed):
2025-10-11 15:43:14,771 - routes.properties - INFO -   - Raw image_urls from DB: ['/uploads/properties/68e91cae2e9470e12ce435ed_e3fa12c61a184f7fb50322450c82cc36.jpg']
2025-10-11 15:43:14,771 - routes.properties - INFO -   - Type of image_urls: <class 'list'>
2025-10-11 15:43:14,771 - routes.properties - INFO -   - Number of images: 1
2025-10-11 15:43:14,771 - routes.properties - INFO -     Image 0: /uploads/properties/68e91cae2e9470e12ce435ed_e3fa12c61a184f7fb50322450c82cc36.jpg -> http://localhost:8000/uploads/properties/68e91cae2e9470e12ce435ed_e3fa12c61a184f7fb50322450c82cc36.jpg
2025-10-11 15:43:14,771 - routes.properties - INFO -   - Photos count in DB: 1
2025-10-11 15:43:14,771 - routes.properties - INFO - Property 'asdfghjkl' (ID: 68e93de7c7eb04da4a5cdf52):
2025-10-11 15:43:14,771 - routes.properties - INFO -   - Raw image_urls from DB: ['/uploads/properties/68e93de7c7eb04da4a5cdf52_7ca12139b9fa471b9c0bcaa3e0786d8a.jpg']
2025-10-11 15:43:14,771 - routes.properties - INFO -   - Type of image_urls: <class 'list'>
2025-10-11 15:43:14,771 - routes.properties - INFO -   - Number of images: 1
2025-10-11 15:43:14,771 - routes.properties - INFO -     Image 0: /uploads/properties/68e93de7c7eb04da4a5cdf52_7ca12139b9fa471b9c0bcaa3e0786d8a.jpg -> http://localhost:8000/uploads/properties/68e93de7c7eb04da4a5cdf52_7ca12139b9fa471b9c0bcaa3e0786d8a.jpg
2025-10-11 15:43:14,771 - routes.properties - INFO -   - Photos count in DB: 1
2025-10-11 15:43:14,808 - routes.properties - INFO - GET /properties/user/my-properties - Getting user's properties
2025-10-11 15:43:14,808 - routes.properties - INFO - Role verification - User: ram@gmail.com, Role: seller, Authorized: True
2025-10-11 15:43:14,808 - routes.properties - INFO - Fetching properties for user: ram@gmail.com (ID: 68e7b3fc28055f8855e8398c)
2025-10-11 15:43:14,841 - routes.properties - INFO - Found 8 properties for user 68e7b3fc28055f8855e8398c
2025-10-11 15:43:14,841 - routes.properties - INFO - Property 'aradhanini' (ID: 68e7b4fe28055f8855e8398d):
2025-10-11 15:43:14,841 - routes.properties - INFO -   - Raw image_urls from DB: None
2025-10-11 15:43:14,841 - routes.properties - INFO -   - Type of image_urls: <class 'NoneType'>
2025-10-11 15:43:14,841 - routes.properties - INFO -   - No image_urls field; initialized to empty list
2025-10-11 15:43:14,841 - routes.properties - INFO -   - Number of images: 0
2025-10-11 15:43:14,841 - routes.properties - INFO -   - Photos count in DB: 0
2025-10-11 15:43:14,841 - routes.properties - INFO - Property 'rameshwaram rameshwaram rameshwaram rameshwaram' (ID: 68e7b9bf28055f8855e8398e):
2025-10-11 15:43:14,841 - routes.properties - INFO -   - Raw image_urls from DB: None
2025-10-11 15:43:14,841 - routes.properties - INFO -   - Type of image_urls: <class 'NoneType'>
2025-10-11 15:43:14,841 - routes.properties - INFO -   - No image_urls field; initialized to empty list
2025-10-11 15:43:14,841 - routes.properties - INFO -   - Number of images: 0
2025-10-11 15:43:14,841 - routes.properties - INFO -   - Photos count in DB: 0
2025-10-11 15:43:14,841 - routes.properties - INFO - Property 'rameshwaram rameshwaram rameshwaram rameshwaram' (ID: 68e7bb2028055f8855e8398f):
2025-10-11 15:43:14,841 - routes.properties - INFO -   - Raw image_urls from DB: None
2025-10-11 15:43:14,841 - routes.properties - INFO -   - Type of image_urls: <class 'NoneType'>
2025-10-11 15:43:14,842 - routes.properties - INFO -   - No image_urls field; initialized to empty list
2025-10-11 15:43:14,842 - routes.properties - INFO -   - Number of images: 0
2025-10-11 15:43:14,842 - routes.properties - INFO -   - Photos count in DB: 0
2025-10-11 15:43:14,842 - routes.properties - INFO - Property 'Luxury 3 BHK Apartment' (ID: 68e8f56a31e9ca37a6773743):
2025-10-11 15:43:14,842 - routes.properties - INFO -   - Raw image_urls from DB: []
2025-10-11 15:43:14,842 - routes.properties - INFO -   - Type of image_urls: <class 'list'>
2025-10-11 15:43:14,842 - routes.properties - INFO -   - Number of images: 0
2025-10-11 15:43:14,842 - routes.properties - INFO -   - Photos count in DB: 0
2025-10-11 15:43:14,842 - routes.properties - INFO - Property 'Luxury 1 BHK Apartment' (ID: 68e8fa13e80e07cd9d303b22):
2025-10-11 15:43:14,842 - routes.properties - INFO -   - Raw image_urls from DB: []
2025-10-11 15:43:14,842 - routes.properties - INFO -   - Type of image_urls: <class 'list'>
2025-10-11 15:43:14,842 - routes.properties - INFO -   - Number of images: 0
2025-10-11 15:43:14,842 - routes.properties - INFO -   - Photos count in DB: 0
2025-10-11 15:43:14,842 - routes.properties - INFO - Property '6 bhk apartment' (ID: 68e907542e9470e12ce435ec):
2025-10-11 15:43:14,842 - routes.properties - INFO -   - Raw image_urls from DB: ['/uploads/properties/68e907542e9470e12ce435ec_bebf826a65a1496580895c380e490382.jpg']
2025-10-11 15:43:14,842 - routes.properties - INFO -   - Type of image_urls: <class 'list'>
2025-10-11 15:43:14,842 - routes.properties - INFO -   - Number of images: 1
2025-10-11 15:43:14,842 - routes.properties - INFO -     Image 0: /uploads/properties/68e907542e9470e12ce435ec_bebf826a65a1496580895c380e490382.jpg -> http://localhost:8000/uploads/properties/68e907542e9470e12ce435ec_bebf826a65a1496580895c380e490382.jpg
2025-10-11 15:43:14,842 - routes.properties - INFO -   - Photos count in DB: 1
2025-10-11 15:43:14,842 - routes.properties - INFO - Property 'beautiful 1 bhk house' (ID: 68e91cae2e9470e12ce435ed):
2025-10-11 15:43:14,842 - routes.properties - INFO -   - Raw image_urls from DB: ['/uploads/properties/68e91cae2e9470e12ce435ed_e3fa12c61a184f7fb50322450c82cc36.jpg']
2025-10-11 15:43:14,842 - routes.properties - INFO -   - Type of image_urls: <class 'list'>
2025-10-11 15:43:14,842 - routes.properties - INFO -   - Number of images: 1
2025-10-11 15:43:14,842 - routes.properties - INFO -     Image 0: /uploads/properties/68e91cae2e9470e12ce435ed_e3fa12c61a184f7fb50322450c82cc36.jpg -> http://localhost:8000/uploads/properties/68e91cae2e9470e12ce435ed_e3fa12c61a184f7fb50322450c82cc36.jpg
2025-10-11 15:43:14,842 - routes.properties - INFO -   - Photos count in DB: 1
2025-10-11 15:43:14,842 - routes.properties - INFO - Property 'asdfghjkl' (ID: 68e93de7c7eb04da4a5cdf52):
2025-10-11 15:43:14,842 - routes.properties - INFO -   - Raw image_urls from DB: ['/uploads/properties/68e93de7c7eb04da4a5cdf52_7ca12139b9fa471b9c0bcaa3e0786d8a.jpg']
2025-10-11 15:43:14,842 - routes.properties - INFO -   - Type of image_urls: <class 'list'>
2025-10-11 15:43:14,842 - routes.properties - INFO -   - Number of images: 1
2025-10-11 15:43:14,842 - routes.properties - INFO -     Image 0: /uploads/properties/68e93de7c7eb04da4a5cdf52_7ca12139b9fa471b9c0bcaa3e0786d8a.jpg -> http://localhost:8000/uploads/properties/68e93de7c7eb04da4a5cdf52_7ca12139b9fa471b9c0bcaa3e0786d8a.jpg
2025-10-11 15:43:14,842 - routes.properties - INFO -   - Photos count in DB: 1
2025-10-11 15:44:15,550 - routes.properties - INFO - GET /properties/user/my-properties - Getting user's properties
2025-10-11 15:44:15,550 - routes.properties - INFO - Role verification - User: ram@gmail.com, Role: seller, Authorized: True
2025-10-11 15:44:15,550 - routes.properties - INFO - Fetching properties for user: ram@gmail.com (ID: 68e7b3fc28055f8855e8398c)
2025-10-11 15:44:15,581 - routes.properties - INFO - Found 8 properties for user 68e7b3fc28055f8855e8398c
2025-10-11 15:44:15,582 - routes.properties - INFO - Property 'aradhanini' (ID: 68e7b4fe28055f8855e8398d):
2025-10-11 15:44:15,582 - routes.properties - INFO -   - Raw image_urls from DB: None
2025-10-11 15:44:15,582 - routes.properties - INFO -   - Type of image_urls: <class 'NoneType'>
2025-10-11 15:44:15,582 - routes.properties - INFO -   - No image_urls field; initialized to empty list
2025-10-11 15:44:15,582 - routes.properties - INFO -   - Number of images: 0
2025-10-11 15:44:15,582 - routes.properties - INFO -   - Photos count in DB: 0
2025-10-11 15:44:15,582 - routes.properties - INFO - Property 'rameshwaram rameshwaram rameshwaram rameshwaram' (ID: 68e7b9bf28055f8855e8398e):
2025-10-11 15:44:15,582 - routes.properties - INFO -   - Raw image_urls from DB: None
2025-10-11 15:44:15,582 - routes.properties - INFO -   - Type of image_urls: <class 'NoneType'>
2025-10-11 15:44:15,582 - routes.properties - INFO -   - No image_urls field; initialized to empty list
2025-10-11 15:44:15,582 - routes.properties - INFO -   - Number of images: 0
2025-10-11 15:44:15,582 - routes.properties - INFO -   - Photos count in DB: 0
2025-10-11 15:44:15,582 - routes.properties - INFO - Property 'rameshwaram rameshwaram rameshwaram rameshwaram' (ID: 68e7bb2028055f8855e8398f):
2025-10-11 15:44:15,582 - routes.properties - INFO -   - Raw image_urls from DB: None
2025-10-11 15:44:15,582 - routes.properties - INFO -   - Type of image_urls: <class 'NoneType'>
2025-10-11 15:44:15,582 - routes.properties - INFO -   - No image_urls field; initialized to empty list
2025-10-11 15:44:15,582 - routes.properties - INFO -   - Number of images: 0
2025-10-11 15:44:15,582 - routes.properties - INFO -   - Photos count in DB: 0
2025-10-11 15:44:15,582 - routes.properties - INFO - Property 'Luxury 3 BHK Apartment' (ID: 68e8f56a31e9ca37a6773743):
2025-10-11 15:44:15,582 - routes.properties - INFO -   - Raw image_urls from DB: []
2025-10-11 15:44:15,582 - routes.properties - INFO -   - Type of image_urls: <class 'list'>
2025-10-11 15:44:15,582 - routes.properties - INFO -   - Number of images: 0
2025-10-11 15:44:15,582 - routes.properties - INFO -   - Photos count in DB: 0
2025-10-11 15:44:15,582 - routes.properties - INFO - Property 'Luxury 1 BHK Apartment' (ID: 68e8fa13e80e07cd9d303b22):
2025-10-11 15:44:15,582 - routes.properties - INFO -   - Raw image_urls from DB: []
2025-10-11 15:44:15,582 - routes.properties - INFO -   - Type of image_urls: <class 'list'>
2025-10-11 15:44:15,582 - routes.properties - INFO -   - Number of images: 0
2025-10-11 15:44:15,582 - routes.properties - INFO -   - Photos count in DB: 0
2025-10-11 15:44:15,582 - routes.properties - INFO - Property '6 bhk apartment' (ID: 68e907542e9470e12ce435ec):
2025-10-11 15:44:15,582 - routes.properties - INFO -   - Raw image_urls from DB: ['/uploads/properties/68e907542e9470e12ce435ec_bebf826a65a1496580895c380e490382.jpg']
2025-10-11 15:44:15,582 - routes.properties - INFO -   - Type of image_urls: <class 'list'>
2025-10-11 15:44:15,582 - routes.properties - INFO -   - Number of images: 1
2025-10-11 15:44:15,582 - routes.properties - INFO -     Image 0: /uploads/properties/68e907542e9470e12ce435ec_bebf826a65a1496580895c380e490382.jpg -> http://localhost:8000/uploads/properties/68e907542e9470e12ce435ec_bebf826a65a1496580895c380e490382.jpg
2025-10-11 15:44:15,582 - routes.properties - INFO -   - Photos count in DB: 1
2025-10-11 15:44:15,582 - routes.properties - INFO - Property 'beautiful 1 bhk house' (ID: 68e91cae2e9470e12ce435ed):
2025-10-11 15:44:15,582 - routes.properties - INFO -   - Raw image_urls from DB: ['/uploads/properties/68e91cae2e9470e12ce435ed_e3fa12c61a184f7fb50322450c82cc36.jpg']
2025-10-11 15:44:15,582 - routes.properties - INFO -   - Type of image_urls: <class 'list'>
2025-10-11 15:44:15,582 - routes.properties - INFO -   - Number of images: 1
2025-10-11 15:44:15,582 - routes.properties - INFO -     Image 0: /uploads/properties/68e91cae2e9470e12ce435ed_e3fa12c61a184f7fb50322450c82cc36.jpg -> http://localhost:8000/uploads/properties/68e91cae2e9470e12ce435ed_e3fa12c61a184f7fb50322450c82cc36.jpg
2025-10-11 15:44:15,582 - routes.properties - INFO -   - Photos count in DB: 1
2025-10-11 15:44:15,582 - routes.properties - INFO - Property 'asdfghjkl' (ID: 68e93de7c7eb04da4a5cdf52):
2025-10-11 15:44:15,582 - routes.properties - INFO -   - Raw image_urls from DB: ['/uploads/properties/68e93de7c7eb04da4a5cdf52_7ca12139b9fa471b9c0bcaa3e0786d8a.jpg']
2025-10-11 15:44:15,582 - routes.properties - INFO -   - Type of image_urls: <class 'list'>
2025-10-11 15:44:15,582 - routes.properties - INFO -   - Number of images: 1
2025-10-11 15:44:15,582 - routes.properties - INFO -     Image 0: /uploads/properties/68e93de7c7eb04da4a5cdf52_7ca12139b9fa471b9c0bcaa3e0786d8a.jpg -> http://localhost:8000/uploads/properties/68e93de7c7eb04da4a5cdf52_7ca12139b9fa471b9c0bcaa3e0786d8a.jpg
2025-10-11 15:44:15,582 - routes.properties - INFO -   - Photos count in DB: 1
2025-10-11 15:44:15,617 - routes.properties - INFO - GET /properties/user/my-properties - Getting user's properties
2025-10-11 15:44:15,617 - routes.properties - INFO - Role verification - User: ram@gmail.com, Role: seller, Authorized: True
2025-10-11 15:44:15,617 - routes.properties - INFO - Fetching properties for user: ram@gmail.com (ID: 68e7b3fc28055f8855e8398c)
2025-10-11 15:44:15,653 - routes.properties - INFO - Found 8 properties for user 68e7b3fc28055f8855e8398c
2025-10-11 15:44:15,653 - routes.properties - INFO - Property 'aradhanini' (ID: 68e7b4fe28055f8855e8398d):
2025-10-11 15:44:15,653 - routes.properties - INFO -   - Raw image_urls from DB: None
2025-10-11 15:44:15,653 - routes.properties - INFO -   - Type of image_urls: <class 'NoneType'>
2025-10-11 15:44:15,653 - routes.properties - INFO -   - No image_urls field; initialized to empty list
2025-10-11 15:44:15,653 - routes.properties - INFO -   - Number of images: 0
2025-10-11 15:44:15,653 - routes.properties - INFO -   - Photos count in DB: 0
2025-10-11 15:44:15,653 - routes.properties - INFO - Property 'rameshwaram rameshwaram rameshwaram rameshwaram' (ID: 68e7b9bf28055f8855e8398e):
2025-10-11 15:44:15,653 - routes.properties - INFO -   - Raw image_urls from DB: None
2025-10-11 15:44:15,653 - routes.properties - INFO -   - Type of image_urls: <class 'NoneType'>
2025-10-11 15:44:15,653 - routes.properties - INFO -   - No image_urls field; initialized to empty list
2025-10-11 15:44:15,653 - routes.properties - INFO -   - Number of images: 0
2025-10-11 15:44:15,653 - routes.properties - INFO -   - Photos count in DB: 0
2025-10-11 15:44:15,653 - routes.properties - INFO - Property 'rameshwaram rameshwaram rameshwaram rameshwaram' (ID: 68e7bb2028055f8855e8398f):
2025-10-11 15:44:15,653 - routes.properties - INFO -   - Raw image_urls from DB: None
2025-10-11 15:44:15,653 - routes.properties - INFO -   - Type of image_urls: <class 'NoneType'>
2025-10-11 15:44:15,653 - routes.properties - INFO -   - No image_urls field; initialized to empty list
2025-10-11 15:44:15,653 - routes.properties - INFO -   - Number of images: 0
2025-10-11 15:44:15,653 - routes.properties - INFO -   - Photos count in DB: 0
2025-10-11 15:44:15,653 - routes.properties - INFO - Property 'Luxury 3 BHK Apartment' (ID: 68e8f56a31e9ca37a6773743):
2025-10-11 15:44:15,653 - routes.properties - INFO -   - Raw image_urls from DB: []
2025-10-11 15:44:15,653 - routes.properties - INFO -   - Type of image_urls: <class 'list'>
2025-10-11 15:44:15,653 - routes.properties - INFO -   - Number of images: 0
2025-10-11 15:44:15,653 - routes.properties - INFO -   - Photos count in DB: 0
2025-10-11 15:44:15,653 - routes.properties - INFO - Property 'Luxury 1 BHK Apartment' (ID: 68e8fa13e80e07cd9d303b22):
2025-10-11 15:44:15,653 - routes.properties - INFO -   - Raw image_urls from DB: []
2025-10-11 15:44:15,653 - routes.properties - INFO -   - Type of image_urls: <class 'list'>
2025-10-11 15:44:15,653 - routes.properties - INFO -   - Number of images: 0
2025-10-11 15:44:15,653 - routes.properties - INFO -   - Photos count in DB: 0
2025-10-11 15:44:15,653 - routes.properties - INFO - Property '6 bhk apartment' (ID: 68e907542e9470e12ce435ec):
2025-10-11 15:44:15,653 - routes.properties - INFO -   - Raw image_urls from DB: ['/uploads/properties/68e907542e9470e12ce435ec_bebf826a65a1496580895c380e490382.jpg']
2025-10-11 15:44:15,653 - routes.properties - INFO -   - Type of image_urls: <class 'list'>
2025-10-11 15:44:15,653 - routes.properties - INFO -   - Number of images: 1
2025-10-11 15:44:15,654 - routes.properties - INFO -     Image 0: /uploads/properties/68e907542e9470e12ce435ec_bebf826a65a1496580895c380e490382.jpg -> http://localhost:8000/uploads/properties/68e907542e9470e12ce435ec_bebf826a65a1496580895c380e490382.jpg
2025-10-11 15:44:15,654 - routes.properties - INFO -   - Photos count in DB: 1
2025-10-11 15:44:15,654 - routes.properties - INFO - Property 'beautiful 1 bhk house' (ID: 68e91cae2e9470e12ce435ed):
2025-10-11 15:44:15,654 - routes.properties - INFO -   - Raw image_urls from DB: ['/uploads/properties/68e91cae2e9470e12ce435ed_e3fa12c61a184f7fb50322450c82cc36.jpg']
2025-10-11 15:44:15,654 - routes.properties - INFO -   - Type of image_urls: <class 'list'>
2025-10-11 15:44:15,654 - routes.properties - INFO -   - Number of images: 1
2025-10-11 15:44:15,654 - routes.properties - INFO -     Image 0: /uploads/properties/68e91cae2e9470e12ce435ed_e3fa12c61a184f7fb50322450c82cc36.jpg -> http://localhost:8000/uploads/properties/68e91cae2e9470e12ce435ed_e3fa12c61a184f7fb50322450c82cc36.jpg
2025-10-11 15:44:15,654 - routes.properties - INFO -   - Photos count in DB: 1
2025-10-11 15:44:15,654 - routes.properties - INFO - Property 'asdfghjkl' (ID: 68e93de7c7eb04da4a5cdf52):
2025-10-11 15:44:15,654 - routes.properties - INFO -   - Raw image_urls from DB: ['/uploads/properties/68e93de7c7eb04da4a5cdf52_7ca12139b9fa471b9c0bcaa3e0786d8a.jpg']
2025-10-11 15:44:15,654 - routes.properties - INFO -   - Type of image_urls: <class 'list'>
2025-10-11 15:44:15,654 - routes.properties - INFO -   - Number of images: 1
2025-10-11 15:44:15,654 - routes.properties - INFO -     Image 0: /uploads/properties/68e93de7c7eb04da4a5cdf52_7ca12139b9fa471b9c0bcaa3e0786d8a.jpg -> http://localhost:8000/uploads/properties/68e93de7c7eb04da4a5cdf52_7ca12139b9fa471b9c0bcaa3e0786d8a.jpg
2025-10-11 15:44:15,654 - routes.properties - INFO -   - Photos count in DB: 1
2025-10-11 15:44:52,773 - routes.properties - INFO - GET /properties/user/my-properties - Getting user's properties
2025-10-11 15:44:52,773 - routes.properties - INFO - Role verification - User: ram@gmail.com, Role: seller, Authorized: True
2025-10-11 15:44:52,774 - routes.properties - INFO - Fetching properties for user: ram@gmail.com (ID: 68e7b3fc28055f8855e8398c)
2025-10-11 15:44:52,806 - routes.properties - INFO - Found 8 properties for user 68e7b3fc28055f8855e8398c
2025-10-11 15:44:52,806 - routes.properties - INFO - Property 'aradhanini' (ID: 68e7b4fe28055f8855e8398d):
2025-10-11 15:44:52,806 - routes.properties - INFO -   - Raw image_urls from DB: None
2025-10-11 15:44:52,806 - routes.properties - INFO -   - Type of image_urls: <class 'NoneType'>
2025-10-11 15:44:52,806 - routes.properties - INFO -   - No image_urls field; initialized to empty list
2025-10-11 15:44:52,806 - routes.properties - INFO -   - Number of images: 0
2025-10-11 15:44:52,806 - routes.properties - INFO -   - Photos count in DB: 0
2025-10-11 15:44:52,806 - routes.properties - INFO - Property 'rameshwaram rameshwaram rameshwaram rameshwaram' (ID: 68e7b9bf28055f8855e8398e):
2025-10-11 15:44:52,806 - routes.properties - INFO -   - Raw image_urls from DB: None
2025-10-11 15:44:52,806 - routes.properties - INFO -   - Type of image_urls: <class 'NoneType'>
2025-10-11 15:44:52,806 - routes.properties - INFO -   - No image_urls field; initialized to empty list
2025-10-11 15:44:52,806 - routes.properties - INFO -   - Number of images: 0
2025-10-11 15:44:52,806 - routes.properties - INFO -   - Photos count in DB: 0
2025-10-11 15:44:52,807 - routes.properties - INFO - Property 'rameshwaram rameshwaram rameshwaram rameshwaram' (ID: 68e7bb2028055f8855e8398f):
2025-10-11 15:44:52,807 - routes.properties - INFO -   - Raw image_urls from DB: None
2025-10-11 15:44:52,807 - routes.properties - INFO -   - Type of image_urls: <class 'NoneType'>
2025-10-11 15:44:52,807 - routes.properties - INFO -   - No image_urls field; initialized to empty list
2025-10-11 15:44:52,807 - routes.properties - INFO -   - Number of images: 0
2025-10-11 15:44:52,807 - routes.properties - INFO -   - Photos count in DB: 0
2025-10-11 15:44:52,807 - routes.properties - INFO - Property 'Luxury 3 BHK Apartment' (ID: 68e8f56a31e9ca37a6773743):
2025-10-11 15:44:52,807 - routes.properties - INFO -   - Raw image_urls from DB: []
2025-10-11 15:44:52,807 - routes.properties - INFO -   - Type of image_urls: <class 'list'>
2025-10-11 15:44:52,807 - routes.properties - INFO -   - Number of images: 0
2025-10-11 15:44:52,807 - routes.properties - INFO -   - Photos count in DB: 0
2025-10-11 15:44:52,807 - routes.properties - INFO - Property 'Luxury 1 BHK Apartment' (ID: 68e8fa13e80e07cd9d303b22):
2025-10-11 15:44:52,807 - routes.properties - INFO -   - Raw image_urls from DB: []
2025-10-11 15:44:52,807 - routes.properties - INFO -   - Type of image_urls: <class 'list'>
2025-10-11 15:44:52,807 - routes.properties - INFO -   - Number of images: 0
2025-10-11 15:44:52,807 - routes.properties - INFO -   - Photos count in DB: 0
2025-10-11 15:44:52,807 - routes.properties - INFO - Property '6 bhk apartment' (ID: 68e907542e9470e12ce435ec):
2025-10-11 15:44:52,807 - routes.properties - INFO -   - Raw image_urls from DB: ['/uploads/properties/68e907542e9470e12ce435ec_bebf826a65a1496580895c380e490382.jpg']
2025-10-11 15:44:52,807 - routes.properties - INFO -   - Type of image_urls: <class 'list'>
2025-10-11 15:44:52,807 - routes.properties - INFO -   - Number of images: 1
2025-10-11 15:44:52,807 - routes.properties - INFO -     Image 0: /uploads/properties/68e907542e9470e12ce435ec_bebf826a65a1496580895c380e490382.jpg -> http://localhost:8000/uploads/properties/68e907542e9470e12ce435ec_bebf826a65a1496580895c380e490382.jpg
2025-10-11 15:44:52,807 - routes.properties - INFO -   - Photos count in DB: 1
2025-10-11 15:44:52,807 - routes.properties - INFO - Property 'beautiful 1 bhk house' (ID: 68e91cae2e9470e12ce435ed):
2025-10-11 15:44:52,807 - routes.properties - INFO -   - Raw image_urls from DB: ['/uploads/properties/68e91cae2e9470e12ce435ed_e3fa12c61a184f7fb50322450c82cc36.jpg']
2025-10-11 15:44:52,807 - routes.properties - INFO -   - Type of image_urls: <class 'list'>
2025-10-11 15:44:52,807 - routes.properties - INFO -   - Number of images: 1
2025-10-11 15:44:52,807 - routes.properties - INFO -     Image 0: /uploads/properties/68e91cae2e9470e12ce435ed_e3fa12c61a184f7fb50322450c82cc36.jpg -> http://localhost:8000/uploads/properties/68e91cae2e9470e12ce435ed_e3fa12c61a184f7fb50322450c82cc36.jpg
2025-10-11 15:44:52,807 - routes.properties - INFO -   - Photos count in DB: 1
2025-10-11 15:44:52,807 - routes.properties - INFO - Property 'asdfghjkl' (ID: 68e93de7c7eb04da4a5cdf52):
2025-10-11 15:44:52,808 - routes.properties - INFO -   - Raw image_urls from DB: ['/uploads/properties/68e93de7c7eb04da4a5cdf52_7ca12139b9fa471b9c0bcaa3e0786d8a.jpg']
2025-10-11 15:44:52,808 - routes.properties - INFO -   - Type of image_urls: <class 'list'>
2025-10-11 15:44:52,808 - routes.properties - INFO -   - Number of images: 1
2025-10-11 15:44:52,808 - routes.properties - INFO -     Image 0: /uploads/properties/68e93de7c7eb04da4a5cdf52_7ca12139b9fa471b9c0bcaa3e0786d8a.jpg -> http://localhost:8000/uploads/properties/68e93de7c7eb04da4a5cdf52_7ca12139b9fa471b9c0bcaa3e0786d8a.jpg
2025-10-11 15:44:52,808 - routes.properties - INFO -   - Photos count in DB: 1
2025-10-11 15:44:55,738 - routes.properties - INFO - GET /properties/user/my-properties - Getting user's properties
2025-10-11 15:44:55,738 - routes.properties - INFO - Role verification - User: ram@gmail.com, Role: seller, Authorized: True
2025-10-11 15:44:55,738 - routes.properties - INFO - Fetching properties for user: ram@gmail.com (ID: 68e7b3fc28055f8855e8398c)
2025-10-11 15:44:55,773 - routes.properties - INFO - Found 8 properties for user 68e7b3fc28055f8855e8398c
2025-10-11 15:44:55,773 - routes.properties - INFO - Property 'aradhanini' (ID: 68e7b4fe28055f8855e8398d):
2025-10-11 15:44:55,774 - routes.properties - INFO -   - Raw image_urls from DB: None
2025-10-11 15:44:55,774 - routes.properties - INFO -   - Type of image_urls: <class 'NoneType'>
2025-10-11 15:44:55,774 - routes.properties - INFO -   - No image_urls field; initialized to empty list
2025-10-11 15:44:55,774 - routes.properties - INFO -   - Number of images: 0
2025-10-11 15:44:55,774 - routes.properties - INFO -   - Photos count in DB: 0
2025-10-11 15:44:55,774 - routes.properties - INFO - Property 'rameshwaram rameshwaram rameshwaram rameshwaram' (ID: 68e7b9bf28055f8855e8398e):
2025-10-11 15:44:55,774 - routes.properties - INFO -   - Raw image_urls from DB: None
2025-10-11 15:44:55,774 - routes.properties - INFO -   - Type of image_urls: <class 'NoneType'>
2025-10-11 15:44:55,774 - routes.properties - INFO -   - No image_urls field; initialized to empty list
2025-10-11 15:44:55,774 - routes.properties - INFO -   - Number of images: 0
2025-10-11 15:44:55,774 - routes.properties - INFO -   - Photos count in DB: 0
2025-10-11 15:44:55,774 - routes.properties - INFO - Property 'rameshwaram rameshwaram rameshwaram rameshwaram' (ID: 68e7bb2028055f8855e8398f):
2025-10-11 15:44:55,774 - routes.properties - INFO -   - Raw image_urls from DB: None
2025-10-11 15:44:55,774 - routes.properties - INFO -   - Type of image_urls: <class 'NoneType'>
2025-10-11 15:44:55,774 - routes.properties - INFO -   - No image_urls field; initialized to empty list
2025-10-11 15:44:55,774 - routes.properties - INFO -   - Number of images: 0
2025-10-11 15:44:55,774 - routes.properties - INFO -   - Photos count in DB: 0
2025-10-11 15:44:55,774 - routes.properties - INFO - Property 'Luxury 3 BHK Apartment' (ID: 68e8f56a31e9ca37a6773743):
2025-10-11 15:44:55,774 - routes.properties - INFO -   - Raw image_urls from DB: []
2025-10-11 15:44:55,774 - routes.properties - INFO -   - Type of image_urls: <class 'list'>
2025-10-11 15:44:55,774 - routes.properties - INFO -   - Number of images: 0
2025-10-11 15:44:55,774 - routes.properties - INFO -   - Photos count in DB: 0
2025-10-11 15:44:55,774 - routes.properties - INFO - Property 'Luxury 1 BHK Apartment' (ID: 68e8fa13e80e07cd9d303b22):
2025-10-11 15:44:55,774 - routes.properties - INFO -   - Raw image_urls from DB: []
2025-10-11 15:44:55,774 - routes.properties - INFO -   - Type of image_urls: <class 'list'>
2025-10-11 15:44:55,774 - routes.properties - INFO -   - Number of images: 0
2025-10-11 15:44:55,774 - routes.properties - INFO -   - Photos count in DB: 0
2025-10-11 15:44:55,774 - routes.properties - INFO - Property '6 bhk apartment' (ID: 68e907542e9470e12ce435ec):
2025-10-11 15:44:55,774 - routes.properties - INFO -   - Raw image_urls from DB: ['/uploads/properties/68e907542e9470e12ce435ec_bebf826a65a1496580895c380e490382.jpg']
2025-10-11 15:44:55,774 - routes.properties - INFO -   - Type of image_urls: <class 'list'>
2025-10-11 15:44:55,774 - routes.properties - INFO -   - Number of images: 1
2025-10-11 15:44:55,774 - routes.properties - INFO -     Image 0: /uploads/properties/68e907542e9470e12ce435ec_bebf826a65a1496580895c380e490382.jpg -> http://localhost:8000/uploads/properties/68e907542e9470e12ce435ec_bebf826a65a1496580895c380e490382.jpg
2025-10-11 15:44:55,774 - routes.properties - INFO -   - Photos count in DB: 1
2025-10-11 15:44:55,774 - routes.properties - INFO - Property 'beautiful 1 bhk house' (ID: 68e91cae2e9470e12ce435ed):
2025-10-11 15:44:55,774 - routes.properties - INFO -   - Raw image_urls from DB: ['/uploads/properties/68e91cae2e9470e12ce435ed_e3fa12c61a184f7fb50322450c82cc36.jpg']
2025-10-11 15:44:55,774 - routes.properties - INFO -   - Type of image_urls: <class 'list'>
2025-10-11 15:44:55,774 - routes.properties - INFO -   - Number of images: 1
2025-10-11 15:44:55,774 - routes.properties - INFO -     Image 0: /uploads/properties/68e91cae2e9470e12ce435ed_e3fa12c61a184f7fb50322450c82cc36.jpg -> http://localhost:8000/uploads/properties/68e91cae2e9470e12ce435ed_e3fa12c61a184f7fb50322450c82cc36.jpg
2025-10-11 15:44:55,774 - routes.properties - INFO -   - Photos count in DB: 1
2025-10-11 15:44:55,774 - routes.properties - INFO - Property 'asdfghjkl' (ID: 68e93de7c7eb04da4a5cdf52):
2025-10-11 15:44:55,774 - routes.properties - INFO -   - Raw image_urls from DB: ['/uploads/properties/68e93de7c7eb04da4a5cdf52_7ca12139b9fa471b9c0bcaa3e0786d8a.jpg']
2025-10-11 15:44:55,774 - routes.properties - INFO -   - Type of image_urls: <class 'list'>
2025-10-11 15:44:55,774 - routes.properties - INFO -   - Number of images: 1
2025-10-11 15:44:55,774 - routes.properties - INFO -     Image 0: /uploads/properties/68e93de7c7eb04da4a5cdf52_7ca12139b9fa471b9c0bcaa3e0786d8a.jpg -> http://localhost:8000/uploads/properties/68e93de7c7eb04da4a5cdf52_7ca12139b9fa471b9c0bcaa3e0786d8a.jpg
2025-10-11 15:44:55,774 - routes.properties - INFO -   - Photos count in DB: 1
2025-10-11 15:44:59,743 - routes.properties - INFO - GET /properties/user/my-properties - Getting user's properties
2025-10-11 15:44:59,744 - routes.properties - INFO - Role verification - User: ram@gmail.com, Role: seller, Authorized: True
2025-10-11 15:44:59,744 - routes.properties - INFO - Fetching properties for user: ram@gmail.com (ID: 68e7b3fc28055f8855e8398c)
2025-10-11 15:44:59,777 - routes.properties - INFO - Found 8 properties for user 68e7b3fc28055f8855e8398c
2025-10-11 15:44:59,777 - routes.properties - INFO - Property 'aradhanini' (ID: 68e7b4fe28055f8855e8398d):
2025-10-11 15:44:59,778 - routes.properties - INFO -   - Raw image_urls from DB: None
2025-10-11 15:44:59,778 - routes.properties - INFO -   - Type of image_urls: <class 'NoneType'>
2025-10-11 15:44:59,778 - routes.properties - INFO -   - No image_urls field; initialized to empty list
2025-10-11 15:44:59,778 - routes.properties - INFO -   - Number of images: 0
2025-10-11 15:44:59,778 - routes.properties - INFO -   - Photos count in DB: 0
2025-10-11 15:44:59,778 - routes.properties - INFO - Property 'rameshwaram rameshwaram rameshwaram rameshwaram' (ID: 68e7b9bf28055f8855e8398e):
2025-10-11 15:44:59,778 - routes.properties - INFO -   - Raw image_urls from DB: None
2025-10-11 15:44:59,778 - routes.properties - INFO -   - Type of image_urls: <class 'NoneType'>
2025-10-11 15:44:59,778 - routes.properties - INFO -   - No image_urls field; initialized to empty list
2025-10-11 15:44:59,778 - routes.properties - INFO -   - Number of images: 0
2025-10-11 15:44:59,779 - routes.properties - INFO -   - Photos count in DB: 0
2025-10-11 15:44:59,779 - routes.properties - INFO - Property 'rameshwaram rameshwaram rameshwaram rameshwaram' (ID: 68e7bb2028055f8855e8398f):
2025-10-11 15:44:59,779 - routes.properties - INFO -   - Raw image_urls from DB: None
2025-10-11 15:44:59,779 - routes.properties - INFO -   - Type of image_urls: <class 'NoneType'>
2025-10-11 15:44:59,779 - routes.properties - INFO -   - No image_urls field; initialized to empty list
2025-10-11 15:44:59,779 - routes.properties - INFO -   - Number of images: 0
2025-10-11 15:44:59,779 - routes.properties - INFO -   - Photos count in DB: 0
2025-10-11 15:44:59,779 - routes.properties - INFO - Property 'Luxury 3 BHK Apartment' (ID: 68e8f56a31e9ca37a6773743):
2025-10-11 15:44:59,779 - routes.properties - INFO -   - Raw image_urls from DB: []
2025-10-11 15:44:59,779 - routes.properties - INFO -   - Type of image_urls: <class 'list'>
2025-10-11 15:44:59,779 - routes.properties - INFO -   - Number of images: 0
2025-10-11 15:44:59,779 - routes.properties - INFO -   - Photos count in DB: 0
2025-10-11 15:44:59,779 - routes.properties - INFO - Property 'Luxury 1 BHK Apartment' (ID: 68e8fa13e80e07cd9d303b22):
2025-10-11 15:44:59,779 - routes.properties - INFO -   - Raw image_urls from DB: []
2025-10-11 15:44:59,779 - routes.properties - INFO -   - Type of image_urls: <class 'list'>
2025-10-11 15:44:59,779 - routes.properties - INFO -   - Number of images: 0
2025-10-11 15:44:59,779 - routes.properties - INFO -   - Photos count in DB: 0
2025-10-11 15:44:59,780 - routes.properties - INFO - Property '6 bhk apartment' (ID: 68e907542e9470e12ce435ec):
2025-10-11 15:44:59,780 - routes.properties - INFO -   - Raw image_urls from DB: ['/uploads/properties/68e907542e9470e12ce435ec_bebf826a65a1496580895c380e490382.jpg']
2025-10-11 15:44:59,780 - routes.properties - INFO -   - Type of image_urls: <class 'list'>
2025-10-11 15:44:59,780 - routes.properties - INFO -   - Number of images: 1
2025-10-11 15:44:59,780 - routes.properties - INFO -     Image 0: /uploads/properties/68e907542e9470e12ce435ec_bebf826a65a1496580895c380e490382.jpg -> http://localhost:8000/uploads/properties/68e907542e9470e12ce435ec_bebf826a65a1496580895c380e490382.jpg
2025-10-11 15:44:59,780 - routes.properties - INFO -   - Photos count in DB: 1
2025-10-11 15:44:59,780 - routes.properties - INFO - Property 'beautiful 1 bhk house' (ID: 68e91cae2e9470e12ce435ed):
2025-10-11 15:44:59,780 - routes.properties - INFO -   - Raw image_urls from DB: ['/uploads/properties/68e91cae2e9470e12ce435ed_e3fa12c61a184f7fb50322450c82cc36.jpg']
2025-10-11 15:44:59,780 - routes.properties - INFO -   - Type of image_urls: <class 'list'>
2025-10-11 15:44:59,780 - routes.properties - INFO -   - Number of images: 1
2025-10-11 15:44:59,780 - routes.properties - INFO -     Image 0: /uploads/properties/68e91cae2e9470e12ce435ed_e3fa12c61a184f7fb50322450c82cc36.jpg -> http://localhost:8000/uploads/properties/68e91cae2e9470e12ce435ed_e3fa12c61a184f7fb50322450c82cc36.jpg
2025-10-11 15:44:59,780 - routes.properties - INFO -   - Photos count in DB: 1
2025-10-11 15:44:59,780 - routes.properties - INFO - Property 'asdfghjkl' (ID: 68e93de7c7eb04da4a5cdf52):
2025-10-11 15:44:59,780 - routes.properties - INFO -   - Raw image_urls from DB: ['/uploads/properties/68e93de7c7eb04da4a5cdf52_7ca12139b9fa471b9c0bcaa3e0786d8a.jpg']
2025-10-11 15:44:59,780 - routes.properties - INFO -   - Type of image_urls: <class 'list'>
2025-10-11 15:44:59,780 - routes.properties - INFO -   - Number of images: 1
2025-10-11 15:44:59,780 - routes.properties - INFO -     Image 0: /uploads/properties/68e93de7c7eb04da4a5cdf52_7ca12139b9fa471b9c0bcaa3e0786d8a.jpg -> http://localhost:8000/uploads/properties/68e93de7c7eb04da4a5cdf52_7ca12139b9fa471b9c0bcaa3e0786d8a.jpg
2025-10-11 15:44:59,780 - routes.properties - INFO -   - Photos count in DB: 1
2025-10-11 15:45:02,739 - routes.properties - INFO - GET /properties/user/my-properties - Getting user's properties
2025-10-11 15:45:02,740 - routes.properties - INFO - Role verification - User: ram@gmail.com, Role: seller, Authorized: True
2025-10-11 15:45:02,740 - routes.properties - INFO - Fetching properties for user: ram@gmail.com (ID: 68e7b3fc28055f8855e8398c)
2025-10-11 15:45:02,775 - routes.properties - INFO - Found 8 properties for user 68e7b3fc28055f8855e8398c
2025-10-11 15:45:02,775 - routes.properties - INFO - Property 'aradhanini' (ID: 68e7b4fe28055f8855e8398d):
2025-10-11 15:45:02,775 - routes.properties - INFO -   - Raw image_urls from DB: None
2025-10-11 15:45:02,775 - routes.properties - INFO -   - Type of image_urls: <class 'NoneType'>
2025-10-11 15:45:02,775 - routes.properties - INFO -   - No image_urls field; initialized to empty list
2025-10-11 15:45:02,775 - routes.properties - INFO -   - Number of images: 0
2025-10-11 15:45:02,775 - routes.properties - INFO -   - Photos count in DB: 0
2025-10-11 15:45:02,775 - routes.properties - INFO - Property 'rameshwaram rameshwaram rameshwaram rameshwaram' (ID: 68e7b9bf28055f8855e8398e):
2025-10-11 15:45:02,775 - routes.properties - INFO -   - Raw image_urls from DB: None
2025-10-11 15:45:02,775 - routes.properties - INFO -   - Type of image_urls: <class 'NoneType'>
2025-10-11 15:45:02,775 - routes.properties - INFO -   - No image_urls field; initialized to empty list
2025-10-11 15:45:02,775 - routes.properties - INFO -   - Number of images: 0
2025-10-11 15:45:02,775 - routes.properties - INFO -   - Photos count in DB: 0
2025-10-11 15:45:02,775 - routes.properties - INFO - Property 'rameshwaram rameshwaram rameshwaram rameshwaram' (ID: 68e7bb2028055f8855e8398f):
2025-10-11 15:45:02,775 - routes.properties - INFO -   - Raw image_urls from DB: None
2025-10-11 15:45:02,775 - routes.properties - INFO -   - Type of image_urls: <class 'NoneType'>
2025-10-11 15:45:02,775 - routes.properties - INFO -   - No image_urls field; initialized to empty list
2025-10-11 15:45:02,775 - routes.properties - INFO -   - Number of images: 0
2025-10-11 15:45:02,775 - routes.properties - INFO -   - Photos count in DB: 0
2025-10-11 15:45:02,775 - routes.properties - INFO - Property 'Luxury 3 BHK Apartment' (ID: 68e8f56a31e9ca37a6773743):
2025-10-11 15:45:02,775 - routes.properties - INFO -   - Raw image_urls from DB: []
2025-10-11 15:45:02,775 - routes.properties - INFO -   - Type of image_urls: <class 'list'>
2025-10-11 15:45:02,775 - routes.properties - INFO -   - Number of images: 0
2025-10-11 15:45:02,775 - routes.properties - INFO -   - Photos count in DB: 0
2025-10-11 15:45:02,775 - routes.properties - INFO - Property 'Luxury 1 BHK Apartment' (ID: 68e8fa13e80e07cd9d303b22):
2025-10-11 15:45:02,775 - routes.properties - INFO -   - Raw image_urls from DB: []
2025-10-11 15:45:02,775 - routes.properties - INFO -   - Type of image_urls: <class 'list'>
2025-10-11 15:45:02,776 - routes.properties - INFO -   - Number of images: 0
2025-10-11 15:45:02,776 - routes.properties - INFO -   - Photos count in DB: 0
2025-10-11 15:45:02,776 - routes.properties - INFO - Property '6 bhk apartment' (ID: 68e907542e9470e12ce435ec):
2025-10-11 15:45:02,776 - routes.properties - INFO -   - Raw image_urls from DB: ['/uploads/properties/68e907542e9470e12ce435ec_bebf826a65a1496580895c380e490382.jpg']
2025-10-11 15:45:02,776 - routes.properties - INFO -   - Type of image_urls: <class 'list'>
2025-10-11 15:45:02,776 - routes.properties - INFO -   - Number of images: 1
2025-10-11 15:45:02,776 - routes.properties - INFO -     Image 0: /uploads/properties/68e907542e9470e12ce435ec_bebf826a65a1496580895c380e490382.jpg -> http://localhost:8000/uploads/properties/68e907542e9470e12ce435ec_bebf826a65a1496580895c380e490382.jpg
2025-10-11 15:45:02,776 - routes.properties - INFO -   - Photos count in DB: 1
2025-10-11 15:45:02,776 - routes.properties - INFO - Property 'beautiful 1 bhk house' (ID: 68e91cae2e9470e12ce435ed):
2025-10-11 15:45:02,776 - routes.properties - INFO -   - Raw image_urls from DB: ['/uploads/properties/68e91cae2e9470e12ce435ed_e3fa12c61a184f7fb50322450c82cc36.jpg']
2025-10-11 15:45:02,776 - routes.properties - INFO -   - Type of image_urls: <class 'list'>
2025-10-11 15:45:02,776 - routes.properties - INFO -   - Number of images: 1
2025-10-11 15:45:02,776 - routes.properties - INFO -     Image 0: /uploads/properties/68e91cae2e9470e12ce435ed_e3fa12c61a184f7fb50322450c82cc36.jpg -> http://localhost:8000/uploads/properties/68e91cae2e9470e12ce435ed_e3fa12c61a184f7fb50322450c82cc36.jpg
2025-10-11 15:45:02,776 - routes.properties - INFO -   - Photos count in DB: 1
2025-10-11 15:45:02,776 - routes.properties - INFO - Property 'asdfghjkl' (ID: 68e93de7c7eb04da4a5cdf52):
2025-10-11 15:45:02,776 - routes.properties - INFO -   - Raw image_urls from DB: ['/uploads/properties/68e93de7c7eb04da4a5cdf52_7ca12139b9fa471b9c0bcaa3e0786d8a.jpg']
2025-10-11 15:45:02,776 - routes.properties - INFO -   - Type of image_urls: <class 'list'>
2025-10-11 15:45:02,776 - routes.properties - INFO -   - Number of images: 1
2025-10-11 15:45:02,776 - routes.properties - INFO -     Image 0: /uploads/properties/68e93de7c7eb04da4a5cdf52_7ca12139b9fa471b9c0bcaa3e0786d8a.jpg -> http://localhost:8000/uploads/properties/68e93de7c7eb04da4a5cdf52_7ca12139b9fa471b9c0bcaa3e0786d8a.jpg
2025-10-11 15:45:02,776 - routes.properties - INFO -   - Photos count in DB: 1
2025-10-11 15:45:27,902 - routes.properties - INFO - GET /properties/user/my-properties - Getting user's properties
2025-10-11 15:45:27,902 - routes.properties - INFO - Role verification - User: ram@gmail.com, Role: seller, Authorized: True
2025-10-11 15:45:27,902 - routes.properties - INFO - Fetching properties for user: ram@gmail.com (ID: 68e7b3fc28055f8855e8398c)
2025-10-11 15:45:27,934 - routes.properties - INFO - Found 8 properties for user 68e7b3fc28055f8855e8398c
2025-10-11 15:45:27,934 - routes.properties - INFO - Property 'aradhanini' (ID: 68e7b4fe28055f8855e8398d):
2025-10-11 15:45:27,934 - routes.properties - INFO -   - Raw image_urls from DB: None
2025-10-11 15:45:27,934 - routes.properties - INFO -   - Type of image_urls: <class 'NoneType'>
2025-10-11 15:45:27,934 - routes.properties - INFO -   - No image_urls field; initialized to empty list
2025-10-11 15:45:27,934 - routes.properties - INFO -   - Number of images: 0
2025-10-11 15:45:27,934 - routes.properties - INFO -   - Photos count in DB: 0
2025-10-11 15:45:27,934 - routes.properties - INFO - Property 'rameshwaram rameshwaram rameshwaram rameshwaram' (ID: 68e7b9bf28055f8855e8398e):
2025-10-11 15:45:27,934 - routes.properties - INFO -   - Raw image_urls from DB: None
2025-10-11 15:45:27,935 - routes.properties - INFO -   - Type of image_urls: <class 'NoneType'>
2025-10-11 15:45:27,935 - routes.properties - INFO -   - No image_urls field; initialized to empty list
2025-10-11 15:45:27,935 - routes.properties - INFO -   - Number of images: 0
2025-10-11 15:45:27,935 - routes.properties - INFO -   - Photos count in DB: 0
2025-10-11 15:45:27,935 - routes.properties - INFO - Property 'rameshwaram rameshwaram rameshwaram rameshwaram' (ID: 68e7bb2028055f8855e8398f):
2025-10-11 15:45:27,935 - routes.properties - INFO -   - Raw image_urls from DB: None
2025-10-11 15:45:27,935 - routes.properties - INFO -   - Type of image_urls: <class 'NoneType'>
2025-10-11 15:45:27,935 - routes.properties - INFO -   - No image_urls field; initialized to empty list
2025-10-11 15:45:27,935 - routes.properties - INFO -   - Number of images: 0
2025-10-11 15:45:27,935 - routes.properties - INFO -   - Photos count in DB: 0
2025-10-11 15:45:27,935 - routes.properties - INFO - Property 'Luxury 3 BHK Apartment' (ID: 68e8f56a31e9ca37a6773743):
2025-10-11 15:45:27,935 - routes.properties - INFO -   - Raw image_urls from DB: []
2025-10-11 15:45:27,935 - routes.properties - INFO -   - Type of image_urls: <class 'list'>
2025-10-11 15:45:27,935 - routes.properties - INFO -   - Number of images: 0
2025-10-11 15:45:27,935 - routes.properties - INFO -   - Photos count in DB: 0
2025-10-11 15:45:27,935 - routes.properties - INFO - Property 'Luxury 1 BHK Apartment' (ID: 68e8fa13e80e07cd9d303b22):
2025-10-11 15:45:27,935 - routes.properties - INFO -   - Raw image_urls from DB: []
2025-10-11 15:45:27,935 - routes.properties - INFO -   - Type of image_urls: <class 'list'>
2025-10-11 15:45:27,935 - routes.properties - INFO -   - Number of images: 0
2025-10-11 15:45:27,935 - routes.properties - INFO -   - Photos count in DB: 0
2025-10-11 15:45:27,935 - routes.properties - INFO - Property '6 bhk apartment' (ID: 68e907542e9470e12ce435ec):
2025-10-11 15:45:27,935 - routes.properties - INFO -   - Raw image_urls from DB: ['/uploads/properties/68e907542e9470e12ce435ec_bebf826a65a1496580895c380e490382.jpg']
2025-10-11 15:45:27,935 - routes.properties - INFO -   - Type of image_urls: <class 'list'>
2025-10-11 15:45:27,935 - routes.properties - INFO -   - Number of images: 1
2025-10-11 15:45:27,935 - routes.properties - INFO -     Image 0: /uploads/properties/68e907542e9470e12ce435ec_bebf826a65a1496580895c380e490382.jpg -> http://localhost:8000/uploads/properties/68e907542e9470e12ce435ec_bebf826a65a1496580895c380e490382.jpg
2025-10-11 15:45:27,935 - routes.properties - INFO -   - Photos count in DB: 1
2025-10-11 15:45:27,935 - routes.properties - INFO - Property 'beautiful 1 bhk house' (ID: 68e91cae2e9470e12ce435ed):
2025-10-11 15:45:27,935 - routes.properties - INFO -   - Raw image_urls from DB: ['/uploads/properties/68e91cae2e9470e12ce435ed_e3fa12c61a184f7fb50322450c82cc36.jpg']
2025-10-11 15:45:27,935 - routes.properties - INFO -   - Type of image_urls: <class 'list'>
2025-10-11 15:45:27,935 - routes.properties - INFO -   - Number of images: 1
2025-10-11 15:45:27,935 - routes.properties - INFO -     Image 0: /uploads/properties/68e91cae2e9470e12ce435ed_e3fa12c61a184f7fb50322450c82cc36.jpg -> http://localhost:8000/uploads/properties/68e91cae2e9470e12ce435ed_e3fa12c61a184f7fb50322450c82cc36.jpg
2025-10-11 15:45:27,935 - routes.properties - INFO -   - Photos count in DB: 1
2025-10-11 15:45:27,935 - routes.properties - INFO - Property 'asdfghjkl' (ID: 68e93de7c7eb04da4a5cdf52):
2025-10-11 15:45:27,935 - routes.properties - INFO -   - Raw image_urls from DB: ['/uploads/properties/68e93de7c7eb04da4a5cdf52_7ca12139b9fa471b9c0bcaa3e0786d8a.jpg']
2025-10-11 15:45:27,935 - routes.properties - INFO -   - Type of image_urls: <class 'list'>
2025-10-11 15:45:27,935 - routes.properties - INFO -   - Number of images: 1
2025-10-11 15:45:27,935 - routes.properties - INFO -     Image 0: /uploads/properties/68e93de7c7eb04da4a5cdf52_7ca12139b9fa471b9c0bcaa3e0786d8a.jpg -> http://localhost:8000/uploads/properties/68e93de7c7eb04da4a5cdf52_7ca12139b9fa471b9c0bcaa3e0786d8a.jpg
2025-10-11 15:45:27,935 - routes.properties - INFO -   - Photos count in DB: 1
2025-10-11 15:45:27,969 - routes.properties - INFO - GET /properties/user/my-properties - Getting user's properties
2025-10-11 15:45:27,969 - routes.properties - INFO - Role verification - User: ram@gmail.com, Role: seller, Authorized: True
2025-10-11 15:45:27,969 - routes.properties - INFO - Fetching properties for user: ram@gmail.com (ID: 68e7b3fc28055f8855e8398c)
2025-10-11 15:45:28,002 - routes.properties - INFO - Found 8 properties for user 68e7b3fc28055f8855e8398c
2025-10-11 15:45:28,002 - routes.properties - INFO - Property 'aradhanini' (ID: 68e7b4fe28055f8855e8398d):
2025-10-11 15:45:28,002 - routes.properties - INFO -   - Raw image_urls from DB: None
2025-10-11 15:45:28,002 - routes.properties - INFO -   - Type of image_urls: <class 'NoneType'>
2025-10-11 15:45:28,002 - routes.properties - INFO -   - No image_urls field; initialized to empty list
2025-10-11 15:45:28,002 - routes.properties - INFO -   - Number of images: 0
2025-10-11 15:45:28,002 - routes.properties - INFO -   - Photos count in DB: 0
2025-10-11 15:45:28,002 - routes.properties - INFO - Property 'rameshwaram rameshwaram rameshwaram rameshwaram' (ID: 68e7b9bf28055f8855e8398e):
2025-10-11 15:45:28,002 - routes.properties - INFO -   - Raw image_urls from DB: None
2025-10-11 15:45:28,002 - routes.properties - INFO -   - Type of image_urls: <class 'NoneType'>
2025-10-11 15:45:28,002 - routes.properties - INFO -   - No image_urls field; initialized to empty list
2025-10-11 15:45:28,002 - routes.properties - INFO -   - Number of images: 0
2025-10-11 15:45:28,002 - routes.properties - INFO -   - Photos count in DB: 0
2025-10-11 15:45:28,002 - routes.properties - INFO - Property 'rameshwaram rameshwaram rameshwaram rameshwaram' (ID: 68e7bb2028055f8855e8398f):
2025-10-11 15:45:28,002 - routes.properties - INFO -   - Raw image_urls from DB: None
2025-10-11 15:45:28,002 - routes.properties - INFO -   - Type of image_urls: <class 'NoneType'>
2025-10-11 15:45:28,002 - routes.properties - INFO -   - No image_urls field; initialized to empty list
2025-10-11 15:45:28,002 - routes.properties - INFO -   - Number of images: 0
2025-10-11 15:45:28,002 - routes.properties - INFO -   - Photos count in DB: 0
2025-10-11 15:45:28,002 - routes.properties - INFO - Property 'Luxury 3 BHK Apartment' (ID: 68e8f56a31e9ca37a6773743):
2025-10-11 15:45:28,002 - routes.properties - INFO -   - Raw image_urls from DB: []
2025-10-11 15:45:28,002 - routes.properties - INFO -   - Type of image_urls: <class 'list'>
2025-10-11 15:45:28,002 - routes.properties - INFO -   - Number of images: 0
2025-10-11 15:45:28,002 - routes.properties - INFO -   - Photos count in DB: 0
2025-10-11 15:45:28,002 - routes.properties - INFO - Property 'Luxury 1 BHK Apartment' (ID: 68e8fa13e80e07cd9d303b22):
2025-10-11 15:45:28,002 - routes.properties - INFO -   - Raw image_urls from DB: []
2025-10-11 15:45:28,002 - routes.properties - INFO -   - Type of image_urls: <class 'list'>
2025-10-11 15:45:28,002 - routes.properties - INFO -   - Number of images: 0
2025-10-11 15:45:28,002 - routes.properties - INFO -   - Photos count in DB: 0
2025-10-11 15:45:28,002 - routes.properties - INFO - Property '6 bhk apartment' (ID: 68e907542e9470e12ce435ec):
2025-10-11 15:45:28,002 - routes.properties - INFO -   - Raw image_urls from DB: ['/uploads/properties/68e907542e9470e12ce435ec_bebf826a65a1496580895c380e490382.jpg']
2025-10-11 15:45:28,003 - routes.properties - INFO -   - Type of image_urls: <class 'list'>
2025-10-11 15:45:28,003 - routes.properties - INFO -   - Number of images: 1
2025-10-11 15:45:28,003 - routes.properties - INFO -     Image 0: /uploads/properties/68e907542e9470e12ce435ec_bebf826a65a1496580895c380e490382.jpg -> http://localhost:8000/uploads/properties/68e907542e9470e12ce435ec_bebf826a65a1496580895c380e490382.jpg
2025-10-11 15:45:28,003 - routes.properties - INFO -   - Photos count in DB: 1
2025-10-11 15:45:28,003 - routes.properties - INFO - Property 'beautiful 1 bhk house' (ID: 68e91cae2e9470e12ce435ed):
2025-10-11 15:45:28,003 - routes.properties - INFO -   - Raw image_urls from DB: ['/uploads/properties/68e91cae2e9470e12ce435ed_e3fa12c61a184f7fb50322450c82cc36.jpg']
2025-10-11 15:45:28,003 - routes.properties - INFO -   - Type of image_urls: <class 'list'>
2025-10-11 15:45:28,003 - routes.properties - INFO -   - Number of images: 1
2025-10-11 15:45:28,003 - routes.properties - INFO -     Image 0: /uploads/properties/68e91cae2e9470e12ce435ed_e3fa12c61a184f7fb50322450c82cc36.jpg -> http://localhost:8000/uploads/properties/68e91cae2e9470e12ce435ed_e3fa12c61a184f7fb50322450c82cc36.jpg
2025-10-11 15:45:28,003 - routes.properties - INFO -   - Photos count in DB: 1
2025-10-11 15:45:28,003 - routes.properties - INFO - Property 'asdfghjkl' (ID: 68e93de7c7eb04da4a5cdf52):
2025-10-11 15:45:28,003 - routes.properties - INFO -   - Raw image_urls from DB: ['/uploads/properties/68e93de7c7eb04da4a5cdf52_7ca12139b9fa471b9c0bcaa3e0786d8a.jpg']
2025-10-11 15:45:28,003 - routes.properties - INFO -   - Type of image_urls: <class 'list'>
2025-10-11 15:45:28,003 - routes.properties - INFO -   - Number of images: 1
2025-10-11 15:45:28,003 - routes.properties - INFO -     Image 0: /uploads/properties/68e93de7c7eb04da4a5cdf52_7ca12139b9fa471b9c0bcaa3e0786d8a.jpg -> http://localhost:8000/uploads/properties/68e93de7c7eb04da4a5cdf52_7ca12139b9fa471b9c0bcaa3e0786d8a.jpg
2025-10-11 15:45:28,003 - routes.properties - INFO -   - Photos count in DB: 1
2025-10-11 15:45:46,746 - routes.properties - INFO - GET /properties/user/my-properties - Getting user's properties
2025-10-11 15:45:46,747 - routes.properties - INFO - Role verification - User: ram@gmail.com, Role: seller, Authorized: True
2025-10-11 15:45:46,747 - routes.properties - INFO - Fetching properties for user: ram@gmail.com (ID: 68e7b3fc28055f8855e8398c)
2025-10-11 15:45:46,780 - routes.properties - INFO - Found 8 properties for user 68e7b3fc28055f8855e8398c
2025-10-11 15:45:46,780 - routes.properties - INFO - Property 'aradhanini' (ID: 68e7b4fe28055f8855e8398d):
2025-10-11 15:45:46,780 - routes.properties - INFO -   - Raw image_urls from DB: None
2025-10-11 15:45:46,780 - routes.properties - INFO -   - Type of image_urls: <class 'NoneType'>
2025-10-11 15:45:46,780 - routes.properties - INFO -   - No image_urls field; initialized to empty list
2025-10-11 15:45:46,780 - routes.properties - INFO -   - Number of images: 0
2025-10-11 15:45:46,780 - routes.properties - INFO -   - Photos count in DB: 0
2025-10-11 15:45:46,780 - routes.properties - INFO - Property 'rameshwaram rameshwaram rameshwaram rameshwaram' (ID: 68e7b9bf28055f8855e8398e):
2025-10-11 15:45:46,780 - routes.properties - INFO -   - Raw image_urls from DB: None
2025-10-11 15:45:46,780 - routes.properties - INFO -   - Type of image_urls: <class 'NoneType'>
2025-10-11 15:45:46,780 - routes.properties - INFO -   - No image_urls field; initialized to empty list
2025-10-11 15:45:46,780 - routes.properties - INFO -   - Number of images: 0
2025-10-11 15:45:46,780 - routes.properties - INFO -   - Photos count in DB: 0
2025-10-11 15:45:46,780 - routes.properties - INFO - Property 'rameshwaram rameshwaram rameshwaram rameshwaram' (ID: 68e7bb2028055f8855e8398f):
2025-10-11 15:45:46,780 - routes.properties - INFO -   - Raw image_urls from DB: None
2025-10-11 15:45:46,780 - routes.properties - INFO -   - Type of image_urls: <class 'NoneType'>
2025-10-11 15:45:46,780 - routes.properties - INFO -   - No image_urls field; initialized to empty list
2025-10-11 15:45:46,780 - routes.properties - INFO -   - Number of images: 0
2025-10-11 15:45:46,780 - routes.properties - INFO -   - Photos count in DB: 0
2025-10-11 15:45:46,780 - routes.properties - INFO - Property 'Luxury 3 BHK Apartment' (ID: 68e8f56a31e9ca37a6773743):
2025-10-11 15:45:46,780 - routes.properties - INFO -   - Raw image_urls from DB: []
2025-10-11 15:45:46,780 - routes.properties - INFO -   - Type of image_urls: <class 'list'>
2025-10-11 15:45:46,780 - routes.properties - INFO -   - Number of images: 0
2025-10-11 15:45:46,780 - routes.properties - INFO -   - Photos count in DB: 0
2025-10-11 15:45:46,780 - routes.properties - INFO - Property 'Luxury 1 BHK Apartment' (ID: 68e8fa13e80e07cd9d303b22):
2025-10-11 15:45:46,780 - routes.properties - INFO -   - Raw image_urls from DB: []
2025-10-11 15:45:46,780 - routes.properties - INFO -   - Type of image_urls: <class 'list'>
2025-10-11 15:45:46,780 - routes.properties - INFO -   - Number of images: 0
2025-10-11 15:45:46,780 - routes.properties - INFO -   - Photos count in DB: 0
2025-10-11 15:45:46,780 - routes.properties - INFO - Property '6 bhk apartment' (ID: 68e907542e9470e12ce435ec):
2025-10-11 15:45:46,780 - routes.properties - INFO -   - Raw image_urls from DB: ['/uploads/properties/68e907542e9470e12ce435ec_bebf826a65a1496580895c380e490382.jpg']
2025-10-11 15:45:46,780 - routes.properties - INFO -   - Type of image_urls: <class 'list'>
2025-10-11 15:45:46,780 - routes.properties - INFO -   - Number of images: 1
2025-10-11 15:45:46,780 - routes.properties - INFO -     Image 0: /uploads/properties/68e907542e9470e12ce435ec_bebf826a65a1496580895c380e490382.jpg -> http://localhost:8000/uploads/properties/68e907542e9470e12ce435ec_bebf826a65a1496580895c380e490382.jpg
2025-10-11 15:45:46,781 - routes.properties - INFO -   - Photos count in DB: 1
2025-10-11 15:45:46,781 - routes.properties - INFO - Property 'beautiful 1 bhk house' (ID: 68e91cae2e9470e12ce435ed):
2025-10-11 15:45:46,781 - routes.properties - INFO -   - Raw image_urls from DB: ['/uploads/properties/68e91cae2e9470e12ce435ed_e3fa12c61a184f7fb50322450c82cc36.jpg']
2025-10-11 15:45:46,781 - routes.properties - INFO -   - Type of image_urls: <class 'list'>
2025-10-11 15:45:46,781 - routes.properties - INFO -   - Number of images: 1
2025-10-11 15:45:46,781 - routes.properties - INFO -     Image 0: /uploads/properties/68e91cae2e9470e12ce435ed_e3fa12c61a184f7fb50322450c82cc36.jpg -> http://localhost:8000/uploads/properties/68e91cae2e9470e12ce435ed_e3fa12c61a184f7fb50322450c82cc36.jpg
2025-10-11 15:45:46,781 - routes.properties - INFO -   - Photos count in DB: 1
2025-10-11 15:45:46,781 - routes.properties - INFO - Property 'asdfghjkl' (ID: 68e93de7c7eb04da4a5cdf52):
2025-10-11 15:45:46,781 - routes.properties - INFO -   - Raw image_urls from DB: ['/uploads/properties/68e93de7c7eb04da4a5cdf52_7ca12139b9fa471b9c0bcaa3e0786d8a.jpg']
2025-10-11 15:45:46,781 - routes.properties - INFO -   - Type of image_urls: <class 'list'>
2025-10-11 15:45:46,781 - routes.properties - INFO -   - Number of images: 1
2025-10-11 15:45:46,781 - routes.properties - INFO -     Image 0: /uploads/properties/68e93de7c7eb04da4a5cdf52_7ca12139b9fa471b9c0bcaa3e0786d8a.jpg -> http://localhost:8000/uploads/properties/68e93de7c7eb04da4a5cdf52_7ca12139b9fa471b9c0bcaa3e0786d8a.jpg
2025-10-11 15:45:46,781 - routes.properties - INFO -   - Photos count in DB: 1
2025-10-11 15:45:48,748 - routes.properties - INFO - GET /properties/user/my-properties - Getting user's properties
2025-10-11 15:45:48,748 - routes.properties - INFO - Role verification - User: ram@gmail.com, Role: seller, Authorized: True
2025-10-11 15:45:48,748 - routes.properties - INFO - Fetching properties for user: ram@gmail.com (ID: 68e7b3fc28055f8855e8398c)
2025-10-11 15:45:48,782 - routes.properties - INFO - Found 8 properties for user 68e7b3fc28055f8855e8398c
2025-10-11 15:45:48,782 - routes.properties - INFO - Property 'aradhanini' (ID: 68e7b4fe28055f8855e8398d):
2025-10-11 15:45:48,782 - routes.properties - INFO -   - Raw image_urls from DB: None
2025-10-11 15:45:48,782 - routes.properties - INFO -   - Type of image_urls: <class 'NoneType'>
2025-10-11 15:45:48,782 - routes.properties - INFO -   - No image_urls field; initialized to empty list
2025-10-11 15:45:48,782 - routes.properties - INFO -   - Number of images: 0
2025-10-11 15:45:48,782 - routes.properties - INFO -   - Photos count in DB: 0
2025-10-11 15:45:48,782 - routes.properties - INFO - Property 'rameshwaram rameshwaram rameshwaram rameshwaram' (ID: 68e7b9bf28055f8855e8398e):
2025-10-11 15:45:48,782 - routes.properties - INFO -   - Raw image_urls from DB: None
2025-10-11 15:45:48,782 - routes.properties - INFO -   - Type of image_urls: <class 'NoneType'>
2025-10-11 15:45:48,782 - routes.properties - INFO -   - No image_urls field; initialized to empty list
2025-10-11 15:45:48,782 - routes.properties - INFO -   - Number of images: 0
2025-10-11 15:45:48,782 - routes.properties - INFO -   - Photos count in DB: 0
2025-10-11 15:45:48,782 - routes.properties - INFO - Property 'rameshwaram rameshwaram rameshwaram rameshwaram' (ID: 68e7bb2028055f8855e8398f):
2025-10-11 15:45:48,782 - routes.properties - INFO -   - Raw image_urls from DB: None
2025-10-11 15:45:48,782 - routes.properties - INFO -   - Type of image_urls: <class 'NoneType'>
2025-10-11 15:45:48,782 - routes.properties - INFO -   - No image_urls field; initialized to empty list
2025-10-11 15:45:48,782 - routes.properties - INFO -   - Number of images: 0
2025-10-11 15:45:48,782 - routes.properties - INFO -   - Photos count in DB: 0
2025-10-11 15:45:48,782 - routes.properties - INFO - Property 'Luxury 3 BHK Apartment' (ID: 68e8f56a31e9ca37a6773743):
2025-10-11 15:45:48,782 - routes.properties - INFO -   - Raw image_urls from DB: []
2025-10-11 15:45:48,782 - routes.properties - INFO -   - Type of image_urls: <class 'list'>
2025-10-11 15:45:48,782 - routes.properties - INFO -   - Number of images: 0
2025-10-11 15:45:48,782 - routes.properties - INFO -   - Photos count in DB: 0
2025-10-11 15:45:48,782 - routes.properties - INFO - Property 'Luxury 1 BHK Apartment' (ID: 68e8fa13e80e07cd9d303b22):
2025-10-11 15:45:48,782 - routes.properties - INFO -   - Raw image_urls from DB: []
2025-10-11 15:45:48,782 - routes.properties - INFO -   - Type of image_urls: <class 'list'>
2025-10-11 15:45:48,782 - routes.properties - INFO -   - Number of images: 0
2025-10-11 15:45:48,782 - routes.properties - INFO -   - Photos count in DB: 0
2025-10-11 15:45:48,782 - routes.properties - INFO - Property '6 bhk apartment' (ID: 68e907542e9470e12ce435ec):
2025-10-11 15:45:48,782 - routes.properties - INFO -   - Raw image_urls from DB: ['/uploads/properties/68e907542e9470e12ce435ec_bebf826a65a1496580895c380e490382.jpg']
2025-10-11 15:45:48,782 - routes.properties - INFO -   - Type of image_urls: <class 'list'>
2025-10-11 15:45:48,782 - routes.properties - INFO -   - Number of images: 1
2025-10-11 15:45:48,782 - routes.properties - INFO -     Image 0: /uploads/properties/68e907542e9470e12ce435ec_bebf826a65a1496580895c380e490382.jpg -> http://localhost:8000/uploads/properties/68e907542e9470e12ce435ec_bebf826a65a1496580895c380e490382.jpg
2025-10-11 15:45:48,782 - routes.properties - INFO -   - Photos count in DB: 1
2025-10-11 15:45:48,782 - routes.properties - INFO - Property 'beautiful 1 bhk house' (ID: 68e91cae2e9470e12ce435ed):
2025-10-11 15:45:48,783 - routes.properties - INFO -   - Raw image_urls from DB: ['/uploads/properties/68e91cae2e9470e12ce435ed_e3fa12c61a184f7fb50322450c82cc36.jpg']
2025-10-11 15:45:48,783 - routes.properties - INFO -   - Type of image_urls: <class 'list'>
2025-10-11 15:45:48,783 - routes.properties - INFO -   - Number of images: 1
2025-10-11 15:45:48,783 - routes.properties - INFO -     Image 0: /uploads/properties/68e91cae2e9470e12ce435ed_e3fa12c61a184f7fb50322450c82cc36.jpg -> http://localhost:8000/uploads/properties/68e91cae2e9470e12ce435ed_e3fa12c61a184f7fb50322450c82cc36.jpg
2025-10-11 15:45:48,783 - routes.properties - INFO -   - Photos count in DB: 1
2025-10-11 15:45:48,783 - routes.properties - INFO - Property 'asdfghjkl' (ID: 68e93de7c7eb04da4a5cdf52):
2025-10-11 15:45:48,783 - routes.properties - INFO -   - Raw image_urls from DB: ['/uploads/properties/68e93de7c7eb04da4a5cdf52_7ca12139b9fa471b9c0bcaa3e0786d8a.jpg']
2025-10-11 15:45:48,783 - routes.properties - INFO -   - Type of image_urls: <class 'list'>
2025-10-11 15:45:48,783 - routes.properties - INFO -   - Number of images: 1
2025-10-11 15:45:48,783 - routes.properties - INFO -     Image 0: /uploads/properties/68e93de7c7eb04da4a5cdf52_7ca12139b9fa471b9c0bcaa3e0786d8a.jpg -> http://localhost:8000/uploads/properties/68e93de7c7eb04da4a5cdf52_7ca12139b9fa471b9c0bcaa3e0786d8a.jpg
2025-10-11 15:45:48,783 - routes.properties - INFO -   - Photos count in DB: 1
2025-10-11 15:46:16,745 - routes.properties - INFO - GET /properties/user/my-properties - Getting user's properties
2025-10-11 15:46:16,745 - routes.properties - INFO - Role verification - User: ram@gmail.com, Role: seller, Authorized: True
2025-10-11 15:46:16,745 - routes.properties - INFO - Fetching properties for user: ram@gmail.com (ID: 68e7b3fc28055f8855e8398c)
2025-10-11 15:46:16,777 - routes.properties - INFO - Found 8 properties for user 68e7b3fc28055f8855e8398c
2025-10-11 15:46:16,777 - routes.properties - INFO - Property 'aradhanini' (ID: 68e7b4fe28055f8855e8398d):
2025-10-11 15:46:16,777 - routes.properties - INFO -   - Raw image_urls from DB: None
2025-10-11 15:46:16,777 - routes.properties - INFO -   - Type of image_urls: <class 'NoneType'>
2025-10-11 15:46:16,777 - routes.properties - INFO -   - No image_urls field; initialized to empty list
2025-10-11 15:46:16,777 - routes.properties - INFO -   - Number of images: 0
2025-10-11 15:46:16,777 - routes.properties - INFO -   - Photos count in DB: 0
2025-10-11 15:46:16,777 - routes.properties - INFO - Property 'rameshwaram rameshwaram rameshwaram rameshwaram' (ID: 68e7b9bf28055f8855e8398e):
2025-10-11 15:46:16,777 - routes.properties - INFO -   - Raw image_urls from DB: None
2025-10-11 15:46:16,777 - routes.properties - INFO -   - Type of image_urls: <class 'NoneType'>
2025-10-11 15:46:16,777 - routes.properties - INFO -   - No image_urls field; initialized to empty list
2025-10-11 15:46:16,777 - routes.properties - INFO -   - Number of images: 0
2025-10-11 15:46:16,777 - routes.properties - INFO -   - Photos count in DB: 0
2025-10-11 15:46:16,777 - routes.properties - INFO - Property 'rameshwaram rameshwaram rameshwaram rameshwaram' (ID: 68e7bb2028055f8855e8398f):
2025-10-11 15:46:16,778 - routes.properties - INFO -   - Raw image_urls from DB: None
2025-10-11 15:46:16,778 - routes.properties - INFO -   - Type of image_urls: <class 'NoneType'>
2025-10-11 15:46:16,778 - routes.properties - INFO -   - No image_urls field; initialized to empty list
2025-10-11 15:46:16,778 - routes.properties - INFO -   - Number of images: 0
2025-10-11 15:46:16,778 - routes.properties - INFO -   - Photos count in DB: 0
2025-10-11 15:46:16,778 - routes.properties - INFO - Property 'Luxury 3 BHK Apartment' (ID: 68e8f56a31e9ca37a6773743):
2025-10-11 15:46:16,778 - routes.properties - INFO -   - Raw image_urls from DB: []
2025-10-11 15:46:16,778 - routes.properties - INFO -   - Type of image_urls: <class 'list'>
2025-10-11 15:46:16,778 - routes.properties - INFO -   - Number of images: 0
2025-10-11 15:46:16,778 - routes.properties - INFO -   - Photos count in DB: 0
2025-10-11 15:46:16,778 - routes.properties - INFO - Property 'Luxury 1 BHK Apartment' (ID: 68e8fa13e80e07cd9d303b22):
2025-10-11 15:46:16,778 - routes.properties - INFO -   - Raw image_urls from DB: []
2025-10-11 15:46:16,778 - routes.properties - INFO -   - Type of image_urls: <class 'list'>
2025-10-11 15:46:16,778 - routes.properties - INFO -   - Number of images: 0
2025-10-11 15:46:16,778 - routes.properties - INFO -   - Photos count in DB: 0
2025-10-11 15:46:16,778 - routes.properties - INFO - Property '6 bhk apartment' (ID: 68e907542e9470e12ce435ec):
2025-10-11 15:46:16,778 - routes.properties - INFO -   - Raw image_urls from DB: ['/uploads/properties/68e907542e9470e12ce435ec_bebf826a65a1496580895c380e490382.jpg']
2025-10-11 15:46:16,778 - routes.properties - INFO -   - Type of image_urls: <class 'list'>
2025-10-11 15:46:16,778 - routes.properties - INFO -   - Number of images: 1
2025-10-11 15:46:16,778 - routes.properties - INFO -     Image 0: /uploads/properties/68e907542e9470e12ce435ec_bebf826a65a1496580895c380e490382.jpg -> http://localhost:8000/uploads/properties/68e907542e9470e12ce435ec_bebf826a65a1496580895c380e490382.jpg
2025-10-11 15:46:16,778 - routes.properties - INFO -   - Photos count in DB: 1
2025-10-11 15:46:16,778 - routes.properties - INFO - Property 'beautiful 1 bhk house' (ID: 68e91cae2e9470e12ce435ed):
2025-10-11 15:46:16,778 - routes.properties - INFO -   - Raw image_urls from DB: ['/uploads/properties/68e91cae2e9470e12ce435ed_e3fa12c61a184f7fb50322450c82cc36.jpg']
2025-10-11 15:46:16,778 - routes.properties - INFO -   - Type of image_urls: <class 'list'>
2025-10-11 15:46:16,778 - routes.properties - INFO -   - Number of images: 1
2025-10-11 15:46:16,778 - routes.properties - INFO -     Image 0: /uploads/properties/68e91cae2e9470e12ce435ed_e3fa12c61a184f7fb50322450c82cc36.jpg -> http://localhost:8000/uploads/properties/68e91cae2e9470e12ce435ed_e3fa12c61a184f7fb50322450c82cc36.jpg
2025-10-11 15:46:16,778 - routes.properties - INFO -   - Photos count in DB: 1
2025-10-11 15:46:16,778 - routes.properties - INFO - Property 'asdfghjkl' (ID: 68e93de7c7eb04da4a5cdf52):
2025-10-11 15:46:16,778 - routes.properties - INFO -   - Raw image_urls from DB: ['/uploads/properties/68e93de7c7eb04da4a5cdf52_7ca12139b9fa471b9c0bcaa3e0786d8a.jpg']
2025-10-11 15:46:16,778 - routes.properties - INFO -   - Type of image_urls: <class 'list'>
2025-10-11 15:46:16,778 - routes.properties - INFO -   - Number of images: 1
2025-10-11 15:46:16,778 - routes.properties - INFO -     Image 0: /uploads/properties/68e93de7c7eb04da4a5cdf52_7ca12139b9fa471b9c0bcaa3e0786d8a.jpg -> http://localhost:8000/uploads/properties/68e93de7c7eb04da4a5cdf52_7ca12139b9fa471b9c0bcaa3e0786d8a.jpg
2025-10-11 15:46:16,778 - routes.properties - INFO -   - Photos count in DB: 1
2025-10-11 15:46:16,815 - routes.properties - INFO - GET /properties/user/my-properties - Getting user's properties
2025-10-11 15:46:16,815 - routes.properties - INFO - Role verification - User: ram@gmail.com, Role: seller, Authorized: True
2025-10-11 15:46:16,815 - routes.properties - INFO - Fetching properties for user: ram@gmail.com (ID: 68e7b3fc28055f8855e8398c)
2025-10-11 15:46:16,849 - routes.properties - INFO - Found 8 properties for user 68e7b3fc28055f8855e8398c
2025-10-11 15:46:16,849 - routes.properties - INFO - Property 'aradhanini' (ID: 68e7b4fe28055f8855e8398d):
2025-10-11 15:46:16,849 - routes.properties - INFO -   - Raw image_urls from DB: None
2025-10-11 15:46:16,849 - routes.properties - INFO -   - Type of image_urls: <class 'NoneType'>
2025-10-11 15:46:16,849 - routes.properties - INFO -   - No image_urls field; initialized to empty list
2025-10-11 15:46:16,849 - routes.properties - INFO -   - Number of images: 0
2025-10-11 15:46:16,849 - routes.properties - INFO -   - Photos count in DB: 0
2025-10-11 15:46:16,849 - routes.properties - INFO - Property 'rameshwaram rameshwaram rameshwaram rameshwaram' (ID: 68e7b9bf28055f8855e8398e):
2025-10-11 15:46:16,849 - routes.properties - INFO -   - Raw image_urls from DB: None
2025-10-11 15:46:16,849 - routes.properties - INFO -   - Type of image_urls: <class 'NoneType'>
2025-10-11 15:46:16,849 - routes.properties - INFO -   - No image_urls field; initialized to empty list
2025-10-11 15:46:16,849 - routes.properties - INFO -   - Number of images: 0
2025-10-11 15:46:16,849 - routes.properties - INFO -   - Photos count in DB: 0
2025-10-11 15:46:16,850 - routes.properties - INFO - Property 'rameshwaram rameshwaram rameshwaram rameshwaram' (ID: 68e7bb2028055f8855e8398f):
2025-10-11 15:46:16,850 - routes.properties - INFO -   - Raw image_urls from DB: None
2025-10-11 15:46:16,850 - routes.properties - INFO -   - Type of image_urls: <class 'NoneType'>
2025-10-11 15:46:16,850 - routes.properties - INFO -   - No image_urls field; initialized to empty list
2025-10-11 15:46:16,850 - routes.properties - INFO -   - Number of images: 0
2025-10-11 15:46:16,850 - routes.properties - INFO -   - Photos count in DB: 0
2025-10-11 15:46:16,850 - routes.properties - INFO - Property 'Luxury 3 BHK Apartment' (ID: 68e8f56a31e9ca37a6773743):
2025-10-11 15:46:16,850 - routes.properties - INFO -   - Raw image_urls from DB: []
2025-10-11 15:46:16,850 - routes.properties - INFO -   - Type of image_urls: <class 'list'>
2025-10-11 15:46:16,850 - routes.properties - INFO -   - Number of images: 0
2025-10-11 15:46:16,850 - routes.properties - INFO -   - Photos count in DB: 0
2025-10-11 15:46:16,850 - routes.properties - INFO - Property 'Luxury 1 BHK Apartment' (ID: 68e8fa13e80e07cd9d303b22):
2025-10-11 15:46:16,850 - routes.properties - INFO -   - Raw image_urls from DB: []
2025-10-11 15:46:16,850 - routes.properties - INFO -   - Type of image_urls: <class 'list'>
2025-10-11 15:46:16,850 - routes.properties - INFO -   - Number of images: 0
2025-10-11 15:46:16,850 - routes.properties - INFO -   - Photos count in DB: 0
2025-10-11 15:46:16,850 - routes.properties - INFO - Property '6 bhk apartment' (ID: 68e907542e9470e12ce435ec):
2025-10-11 15:46:16,850 - routes.properties - INFO -   - Raw image_urls from DB: ['/uploads/properties/68e907542e9470e12ce435ec_bebf826a65a1496580895c380e490382.jpg']
2025-10-11 15:46:16,850 - routes.properties - INFO -   - Type of image_urls: <class 'list'>
2025-10-11 15:46:16,850 - routes.properties - INFO -   - Number of images: 1
2025-10-11 15:46:16,850 - routes.properties - INFO -     Image 0: /uploads/properties/68e907542e9470e12ce435ec_bebf826a65a1496580895c380e490382.jpg -> http://localhost:8000/uploads/properties/68e907542e9470e12ce435ec_bebf826a65a1496580895c380e490382.jpg
2025-10-11 15:46:16,850 - routes.properties - INFO -   - Photos count in DB: 1
2025-10-11 15:46:16,850 - routes.properties - INFO - Property 'beautiful 1 bhk house' (ID: 68e91cae2e9470e12ce435ed):
2025-10-11 15:46:16,850 - routes.properties - INFO -   - Raw image_urls from DB: ['/uploads/properties/68e91cae2e9470e12ce435ed_e3fa12c61a184f7fb50322450c82cc36.jpg']
2025-10-11 15:46:16,850 - routes.properties - INFO -   - Type of image_urls: <class 'list'>
2025-10-11 15:46:16,850 - routes.properties - INFO -   - Number of images: 1
2025-10-11 15:46:16,850 - routes.properties - INFO -     Image 0: /uploads/properties/68e91cae2e9470e12ce435ed_e3fa12c61a184f7fb50322450c82cc36.jpg -> http://localhost:8000/uploads/properties/68e91cae2e9470e12ce435ed_e3fa12c61a184f7fb50322450c82cc36.jpg
2025-10-11 15:46:16,850 - routes.properties - INFO -   - Photos count in DB: 1
2025-10-11 15:46:16,850 - routes.properties - INFO - Property 'asdfghjkl' (ID: 68e93de7c7eb04da4a5cdf52):
2025-10-11 15:46:16,850 - routes.properties - INFO -   - Raw image_urls from DB: ['/uploads/properties/68e93de7c7eb04da4a5cdf52_7ca12139b9fa471b9c0bcaa3e0786d8a.jpg']
2025-10-11 15:46:16,850 - routes.properties - INFO -   - Type of image_urls: <class 'list'>
2025-10-11 15:46:16,850 - routes.properties - INFO -   - Number of images: 1
2025-10-11 15:46:16,850 - routes.properties - INFO -     Image 0: /uploads/properties/68e93de7c7eb04da4a5cdf52_7ca12139b9fa471b9c0bcaa3e0786d8a.jpg -> http://localhost:8000/uploads/properties/68e93de7c7eb04da4a5cdf52_7ca12139b9fa471b9c0bcaa3e0786d8a.jpg
2025-10-11 15:46:16,850 - routes.properties - INFO -   - Photos count in DB: 1
2025-10-11 15:47:04,200 - routes.properties - INFO - GET /properties/user/my-properties - Getting user's properties
2025-10-11 15:47:04,200 - routes.properties - INFO - Role verification - User: ram@gmail.com, Role: seller, Authorized: True
2025-10-11 15:47:04,200 - routes.properties - INFO - Fetching properties for user: ram@gmail.com (ID: 68e7b3fc28055f8855e8398c)
2025-10-11 15:47:04,234 - routes.properties - INFO - Found 8 properties for user 68e7b3fc28055f8855e8398c
2025-10-11 15:47:04,234 - routes.properties - INFO - Property 'aradhanini' (ID: 68e7b4fe28055f8855e8398d):
2025-10-11 15:47:04,234 - routes.properties - INFO -   - Raw image_urls from DB: None
2025-10-11 15:47:04,234 - routes.properties - INFO -   - Type of image_urls: <class 'NoneType'>
2025-10-11 15:47:04,234 - routes.properties - INFO -   - No image_urls field; initialized to empty list
2025-10-11 15:47:04,234 - routes.properties - INFO -   - Number of images: 0
2025-10-11 15:47:04,234 - routes.properties - INFO -   - Photos count in DB: 0
2025-10-11 15:47:04,234 - routes.properties - INFO - Property 'rameshwaram rameshwaram rameshwaram rameshwaram' (ID: 68e7b9bf28055f8855e8398e):
2025-10-11 15:47:04,234 - routes.properties - INFO -   - Raw image_urls from DB: None
2025-10-11 15:47:04,234 - routes.properties - INFO -   - Type of image_urls: <class 'NoneType'>
2025-10-11 15:47:04,234 - routes.properties - INFO -   - No image_urls field; initialized to empty list
2025-10-11 15:47:04,234 - routes.properties - INFO -   - Number of images: 0
2025-10-11 15:47:04,234 - routes.properties - INFO -   - Photos count in DB: 0
2025-10-11 15:47:04,234 - routes.properties - INFO - Property 'rameshwaram rameshwaram rameshwaram rameshwaram' (ID: 68e7bb2028055f8855e8398f):
2025-10-11 15:47:04,234 - routes.properties - INFO -   - Raw image_urls from DB: None
2025-10-11 15:47:04,234 - routes.properties - INFO -   - Type of image_urls: <class 'NoneType'>
2025-10-11 15:47:04,234 - routes.properties - INFO -   - No image_urls field; initialized to empty list
2025-10-11 15:47:04,234 - routes.properties - INFO -   - Number of images: 0
2025-10-11 15:47:04,234 - routes.properties - INFO -   - Photos count in DB: 0
2025-10-11 15:47:04,234 - routes.properties - INFO - Property 'Luxury 3 BHK Apartment' (ID: 68e8f56a31e9ca37a6773743):
2025-10-11 15:47:04,234 - routes.properties - INFO -   - Raw image_urls from DB: []
2025-10-11 15:47:04,234 - routes.properties - INFO -   - Type of image_urls: <class 'list'>
2025-10-11 15:47:04,234 - routes.properties - INFO -   - Number of images: 0
2025-10-11 15:47:04,234 - routes.properties - INFO -   - Photos count in DB: 0
2025-10-11 15:47:04,234 - routes.properties - INFO - Property 'Luxury 1 BHK Apartment' (ID: 68e8fa13e80e07cd9d303b22):
2025-10-11 15:47:04,234 - routes.properties - INFO -   - Raw image_urls from DB: []
2025-10-11 15:47:04,234 - routes.properties - INFO -   - Type of image_urls: <class 'list'>
2025-10-11 15:47:04,234 - routes.properties - INFO -   - Number of images: 0
2025-10-11 15:47:04,234 - routes.properties - INFO -   - Photos count in DB: 0
2025-10-11 15:47:04,234 - routes.properties - INFO - Property '6 bhk apartment' (ID: 68e907542e9470e12ce435ec):
2025-10-11 15:47:04,234 - routes.properties - INFO -   - Raw image_urls from DB: ['/uploads/properties/68e907542e9470e12ce435ec_bebf826a65a1496580895c380e490382.jpg']
2025-10-11 15:47:04,234 - routes.properties - INFO -   - Type of image_urls: <class 'list'>
2025-10-11 15:47:04,234 - routes.properties - INFO -   - Number of images: 1
2025-10-11 15:47:04,234 - routes.properties - INFO -     Image 0: /uploads/properties/68e907542e9470e12ce435ec_bebf826a65a1496580895c380e490382.jpg -> http://localhost:8000/uploads/properties/68e907542e9470e12ce435ec_bebf826a65a1496580895c380e490382.jpg
2025-10-11 15:47:04,234 - routes.properties - INFO -   - Photos count in DB: 1
2025-10-11 15:47:04,234 - routes.properties - INFO - Property 'beautiful 1 bhk house' (ID: 68e91cae2e9470e12ce435ed):
2025-10-11 15:47:04,234 - routes.properties - INFO -   - Raw image_urls from DB: ['/uploads/properties/68e91cae2e9470e12ce435ed_e3fa12c61a184f7fb50322450c82cc36.jpg']
2025-10-11 15:47:04,234 - routes.properties - INFO -   - Type of image_urls: <class 'list'>
2025-10-11 15:47:04,234 - routes.properties - INFO -   - Number of images: 1
2025-10-11 15:47:04,234 - routes.properties - INFO -     Image 0: /uploads/properties/68e91cae2e9470e12ce435ed_e3fa12c61a184f7fb50322450c82cc36.jpg -> http://localhost:8000/uploads/properties/68e91cae2e9470e12ce435ed_e3fa12c61a184f7fb50322450c82cc36.jpg
2025-10-11 15:47:04,235 - routes.properties - INFO -   - Photos count in DB: 1
2025-10-11 15:47:04,235 - routes.properties - INFO - Property 'asdfghjkl' (ID: 68e93de7c7eb04da4a5cdf52):
2025-10-11 15:47:04,235 - routes.properties - INFO -   - Raw image_urls from DB: ['/uploads/properties/68e93de7c7eb04da4a5cdf52_7ca12139b9fa471b9c0bcaa3e0786d8a.jpg']
2025-10-11 15:47:04,235 - routes.properties - INFO -   - Type of image_urls: <class 'list'>
2025-10-11 15:47:04,235 - routes.properties - INFO -   - Number of images: 1
2025-10-11 15:47:04,235 - routes.properties - INFO -     Image 0: /uploads/properties/68e93de7c7eb04da4a5cdf52_7ca12139b9fa471b9c0bcaa3e0786d8a.jpg -> http://localhost:8000/uploads/properties/68e93de7c7eb04da4a5cdf52_7ca12139b9fa471b9c0bcaa3e0786d8a.jpg
2025-10-11 15:47:04,235 - routes.properties - INFO -   - Photos count in DB: 1
2025-10-11 15:47:04,270 - routes.properties - INFO - GET /properties/user/my-properties - Getting user's properties
2025-10-11 15:47:04,270 - routes.properties - INFO - Role verification - User: ram@gmail.com, Role: seller, Authorized: True
2025-10-11 15:47:04,270 - routes.properties - INFO - Fetching properties for user: ram@gmail.com (ID: 68e7b3fc28055f8855e8398c)
2025-10-11 15:47:04,304 - routes.properties - INFO - Found 8 properties for user 68e7b3fc28055f8855e8398c
2025-10-11 15:47:04,304 - routes.properties - INFO - Property 'aradhanini' (ID: 68e7b4fe28055f8855e8398d):
2025-10-11 15:47:04,304 - routes.properties - INFO -   - Raw image_urls from DB: None
2025-10-11 15:47:04,304 - routes.properties - INFO -   - Type of image_urls: <class 'NoneType'>
2025-10-11 15:47:04,304 - routes.properties - INFO -   - No image_urls field; initialized to empty list
2025-10-11 15:47:04,305 - routes.properties - INFO -   - Number of images: 0
2025-10-11 15:47:04,305 - routes.properties - INFO -   - Photos count in DB: 0
2025-10-11 15:47:04,305 - routes.properties - INFO - Property 'rameshwaram rameshwaram rameshwaram rameshwaram' (ID: 68e7b9bf28055f8855e8398e):
2025-10-11 15:47:04,305 - routes.properties - INFO -   - Raw image_urls from DB: None
2025-10-11 15:47:04,305 - routes.properties - INFO -   - Type of image_urls: <class 'NoneType'>
2025-10-11 15:47:04,305 - routes.properties - INFO -   - No image_urls field; initialized to empty list
2025-10-11 15:47:04,305 - routes.properties - INFO -   - Number of images: 0
2025-10-11 15:47:04,305 - routes.properties - INFO -   - Photos count in DB: 0
2025-10-11 15:47:04,305 - routes.properties - INFO - Property 'rameshwaram rameshwaram rameshwaram rameshwaram' (ID: 68e7bb2028055f8855e8398f):
2025-10-11 15:47:04,305 - routes.properties - INFO -   - Raw image_urls from DB: None
2025-10-11 15:47:04,305 - routes.properties - INFO -   - Type of image_urls: <class 'NoneType'>
2025-10-11 15:47:04,305 - routes.properties - INFO -   - No image_urls field; initialized to empty list
2025-10-11 15:47:04,305 - routes.properties - INFO -   - Number of images: 0
2025-10-11 15:47:04,305 - routes.properties - INFO -   - Photos count in DB: 0
2025-10-11 15:47:04,305 - routes.properties - INFO - Property 'Luxury 3 BHK Apartment' (ID: 68e8f56a31e9ca37a6773743):
2025-10-11 15:47:04,305 - routes.properties - INFO -   - Raw image_urls from DB: []
2025-10-11 15:47:04,305 - routes.properties - INFO -   - Type of image_urls: <class 'list'>
2025-10-11 15:47:04,305 - routes.properties - INFO -   - Number of images: 0
2025-10-11 15:47:04,305 - routes.properties - INFO -   - Photos count in DB: 0
2025-10-11 15:47:04,305 - routes.properties - INFO - Property 'Luxury 1 BHK Apartment' (ID: 68e8fa13e80e07cd9d303b22):
2025-10-11 15:47:04,305 - routes.properties - INFO -   - Raw image_urls from DB: []
2025-10-11 15:47:04,305 - routes.properties - INFO -   - Type of image_urls: <class 'list'>
2025-10-11 15:47:04,305 - routes.properties - INFO -   - Number of images: 0
2025-10-11 15:47:04,305 - routes.properties - INFO -   - Photos count in DB: 0
2025-10-11 15:47:04,305 - routes.properties - INFO - Property '6 bhk apartment' (ID: 68e907542e9470e12ce435ec):
2025-10-11 15:47:04,305 - routes.properties - INFO -   - Raw image_urls from DB: ['/uploads/properties/68e907542e9470e12ce435ec_bebf826a65a1496580895c380e490382.jpg']
2025-10-11 15:47:04,305 - routes.properties - INFO -   - Type of image_urls: <class 'list'>
2025-10-11 15:47:04,305 - routes.properties - INFO -   - Number of images: 1
2025-10-11 15:47:04,305 - routes.properties - INFO -     Image 0: /uploads/properties/68e907542e9470e12ce435ec_bebf826a65a1496580895c380e490382.jpg -> http://localhost:8000/uploads/properties/68e907542e9470e12ce435ec_bebf826a65a1496580895c380e490382.jpg
2025-10-11 15:47:04,305 - routes.properties - INFO -   - Photos count in DB: 1
2025-10-11 15:47:04,305 - routes.properties - INFO - Property 'beautiful 1 bhk house' (ID: 68e91cae2e9470e12ce435ed):
2025-10-11 15:47:04,305 - routes.properties - INFO -   - Raw image_urls from DB: ['/uploads/properties/68e91cae2e9470e12ce435ed_e3fa12c61a184f7fb50322450c82cc36.jpg']
2025-10-11 15:47:04,305 - routes.properties - INFO -   - Type of image_urls: <class 'list'>
2025-10-11 15:47:04,305 - routes.properties - INFO -   - Number of images: 1
2025-10-11 15:47:04,306 - routes.properties - INFO -     Image 0: /uploads/properties/68e91cae2e9470e12ce435ed_e3fa12c61a184f7fb50322450c82cc36.jpg -> http://localhost:8000/uploads/properties/68e91cae2e9470e12ce435ed_e3fa12c61a184f7fb50322450c82cc36.jpg
2025-10-11 15:47:04,306 - routes.properties - INFO -   - Photos count in DB: 1
2025-10-11 15:47:04,306 - routes.properties - INFO - Property 'asdfghjkl' (ID: 68e93de7c7eb04da4a5cdf52):
2025-10-11 15:47:04,306 - routes.properties - INFO -   - Raw image_urls from DB: ['/uploads/properties/68e93de7c7eb04da4a5cdf52_7ca12139b9fa471b9c0bcaa3e0786d8a.jpg']
2025-10-11 15:47:04,306 - routes.properties - INFO -   - Type of image_urls: <class 'list'>
2025-10-11 15:47:04,306 - routes.properties - INFO -   - Number of images: 1
2025-10-11 15:47:04,306 - routes.properties - INFO -     Image 0: /uploads/properties/68e93de7c7eb04da4a5cdf52_7ca12139b9fa471b9c0bcaa3e0786d8a.jpg -> http://localhost:8000/uploads/properties/68e93de7c7eb04da4a5cdf52_7ca12139b9fa471b9c0bcaa3e0786d8a.jpg
2025-10-11 15:47:04,306 - routes.properties - INFO -   - Photos count in DB: 1
2025-10-11 15:52:58,739 - routes.properties - INFO - GET /properties/user/my-properties - Getting user's properties
2025-10-11 15:52:58,740 - routes.properties - INFO - Role verification - User: ram@gmail.com, Role: seller, Authorized: True
2025-10-11 15:52:58,740 - routes.properties - INFO - Fetching properties for user: ram@gmail.com (ID: 68e7b3fc28055f8855e8398c)
2025-10-11 15:52:58,772 - routes.properties - INFO - Found 8 properties for user 68e7b3fc28055f8855e8398c
2025-10-11 15:52:58,772 - routes.properties - INFO - Property 'aradhanini' (ID: 68e7b4fe28055f8855e8398d):
2025-10-11 15:52:58,772 - routes.properties - INFO -   - Raw image_urls from DB: None
2025-10-11 15:52:58,772 - routes.properties - INFO -   - Type of image_urls: <class 'NoneType'>
2025-10-11 15:52:58,772 - routes.properties - INFO -   - No image_urls field; initialized to empty list
2025-10-11 15:52:58,772 - routes.properties - INFO -   - Number of images: 0
2025-10-11 15:52:58,772 - routes.properties - INFO -   - Photos count in DB: 0
2025-10-11 15:52:58,772 - routes.properties - INFO - Property 'rameshwaram rameshwaram rameshwaram rameshwaram' (ID: 68e7b9bf28055f8855e8398e):
2025-10-11 15:52:58,772 - routes.properties - INFO -   - Raw image_urls from DB: None
2025-10-11 15:52:58,772 - routes.properties - INFO -   - Type of image_urls: <class 'NoneType'>
2025-10-11 15:52:58,772 - routes.properties - INFO -   - No image_urls field; initialized to empty list
2025-10-11 15:52:58,772 - routes.properties - INFO -   - Number of images: 0
2025-10-11 15:52:58,772 - routes.properties - INFO -   - Photos count in DB: 0
2025-10-11 15:52:58,772 - routes.properties - INFO - Property 'rameshwaram rameshwaram rameshwaram rameshwaram' (ID: 68e7bb2028055f8855e8398f):
2025-10-11 15:52:58,772 - routes.properties - INFO -   - Raw image_urls from DB: None
2025-10-11 15:52:58,772 - routes.properties - INFO -   - Type of image_urls: <class 'NoneType'>
2025-10-11 15:52:58,773 - routes.properties - INFO -   - No image_urls field; initialized to empty list
2025-10-11 15:52:58,773 - routes.properties - INFO -   - Number of images: 0
2025-10-11 15:52:58,773 - routes.properties - INFO -   - Photos count in DB: 0
2025-10-11 15:52:58,773 - routes.properties - INFO - Property 'Luxury 3 BHK Apartment' (ID: 68e8f56a31e9ca37a6773743):
2025-10-11 15:52:58,773 - routes.properties - INFO -   - Raw image_urls from DB: []
2025-10-11 15:52:58,773 - routes.properties - INFO -   - Type of image_urls: <class 'list'>
2025-10-11 15:52:58,773 - routes.properties - INFO -   - Number of images: 0
2025-10-11 15:52:58,773 - routes.properties - INFO -   - Photos count in DB: 0
2025-10-11 15:52:58,773 - routes.properties - INFO - Property 'Luxury 1 BHK Apartment' (ID: 68e8fa13e80e07cd9d303b22):
2025-10-11 15:52:58,773 - routes.properties - INFO -   - Raw image_urls from DB: []
2025-10-11 15:52:58,773 - routes.properties - INFO -   - Type of image_urls: <class 'list'>
2025-10-11 15:52:58,773 - routes.properties - INFO -   - Number of images: 0
2025-10-11 15:52:58,773 - routes.properties - INFO -   - Photos count in DB: 0
2025-10-11 15:52:58,773 - routes.properties - INFO - Property '6 bhk apartment' (ID: 68e907542e9470e12ce435ec):
2025-10-11 15:52:58,773 - routes.properties - INFO -   - Raw image_urls from DB: ['/uploads/properties/68e907542e9470e12ce435ec_bebf826a65a1496580895c380e490382.jpg']
2025-10-11 15:52:58,773 - routes.properties - INFO -   - Type of image_urls: <class 'list'>
2025-10-11 15:52:58,773 - routes.properties - INFO -   - Number of images: 1
2025-10-11 15:52:58,773 - routes.properties - INFO -     Image 0: /uploads/properties/68e907542e9470e12ce435ec_bebf826a65a1496580895c380e490382.jpg -> http://localhost:8000/uploads/properties/68e907542e9470e12ce435ec_bebf826a65a1496580895c380e490382.jpg
2025-10-11 15:52:58,773 - routes.properties - INFO -   - Photos count in DB: 1
2025-10-11 15:52:58,773 - routes.properties - INFO - Property 'beautiful 1 bhk house' (ID: 68e91cae2e9470e12ce435ed):
2025-10-11 15:52:58,773 - routes.properties - INFO -   - Raw image_urls from DB: ['/uploads/properties/68e91cae2e9470e12ce435ed_e3fa12c61a184f7fb50322450c82cc36.jpg']
2025-10-11 15:52:58,773 - routes.properties - INFO -   - Type of image_urls: <class 'list'>
2025-10-11 15:52:58,773 - routes.properties - INFO -   - Number of images: 1
2025-10-11 15:52:58,773 - routes.properties - INFO -     Image 0: /uploads/properties/68e91cae2e9470e12ce435ed_e3fa12c61a184f7fb50322450c82cc36.jpg -> http://localhost:8000/uploads/properties/68e91cae2e9470e12ce435ed_e3fa12c61a184f7fb50322450c82cc36.jpg
2025-10-11 15:52:58,774 - routes.properties - INFO -   - Photos count in DB: 1
2025-10-11 15:52:58,774 - routes.properties - INFO - Property 'asdfghjkl' (ID: 68e93de7c7eb04da4a5cdf52):
2025-10-11 15:52:58,774 - routes.properties - INFO -   - Raw image_urls from DB: ['/uploads/properties/68e93de7c7eb04da4a5cdf52_7ca12139b9fa471b9c0bcaa3e0786d8a.jpg']
2025-10-11 15:52:58,774 - routes.properties - INFO -   - Type of image_urls: <class 'list'>
2025-10-11 15:52:58,774 - routes.properties - INFO -   - Number of images: 1
2025-10-11 15:52:58,774 - routes.properties - INFO -     Image 0: /uploads/properties/68e93de7c7eb04da4a5cdf52_7ca12139b9fa471b9c0bcaa3e0786d8a.jpg -> http://localhost:8000/uploads/properties/68e93de7c7eb04da4a5cdf52_7ca12139b9fa471b9c0bcaa3e0786d8a.jpg
2025-10-11 15:52:58,774 - routes.properties - INFO -   - Photos count in DB: 1
2025-10-11 15:52:58,810 - routes.properties - INFO - GET /properties/user/my-properties - Getting user's properties
2025-10-11 15:52:58,810 - routes.properties - INFO - Role verification - User: ram@gmail.com, Role: seller, Authorized: True
2025-10-11 15:52:58,810 - routes.properties - INFO - Fetching properties for user: ram@gmail.com (ID: 68e7b3fc28055f8855e8398c)
2025-10-11 15:52:58,843 - routes.properties - INFO - Found 8 properties for user 68e7b3fc28055f8855e8398c
2025-10-11 15:52:58,843 - routes.properties - INFO - Property 'aradhanini' (ID: 68e7b4fe28055f8855e8398d):
2025-10-11 15:52:58,843 - routes.properties - INFO -   - Raw image_urls from DB: None
2025-10-11 15:52:58,843 - routes.properties - INFO -   - Type of image_urls: <class 'NoneType'>
2025-10-11 15:52:58,843 - routes.properties - INFO -   - No image_urls field; initialized to empty list
2025-10-11 15:52:58,843 - routes.properties - INFO -   - Number of images: 0
2025-10-11 15:52:58,843 - routes.properties - INFO -   - Photos count in DB: 0
2025-10-11 15:52:58,843 - routes.properties - INFO - Property 'rameshwaram rameshwaram rameshwaram rameshwaram' (ID: 68e7b9bf28055f8855e8398e):
2025-10-11 15:52:58,843 - routes.properties - INFO -   - Raw image_urls from DB: None
2025-10-11 15:52:58,843 - routes.properties - INFO -   - Type of image_urls: <class 'NoneType'>
2025-10-11 15:52:58,843 - routes.properties - INFO -   - No image_urls field; initialized to empty list
2025-10-11 15:52:58,843 - routes.properties - INFO -   - Number of images: 0
2025-10-11 15:52:58,843 - routes.properties - INFO -   - Photos count in DB: 0
2025-10-11 15:52:58,843 - routes.properties - INFO - Property 'rameshwaram rameshwaram rameshwaram rameshwaram' (ID: 68e7bb2028055f8855e8398f):
2025-10-11 15:52:58,843 - routes.properties - INFO -   - Raw image_urls from DB: None
2025-10-11 15:52:58,843 - routes.properties - INFO -   - Type of image_urls: <class 'NoneType'>
2025-10-11 15:52:58,843 - routes.properties - INFO -   - No image_urls field; initialized to empty list
2025-10-11 15:52:58,843 - routes.properties - INFO -   - Number of images: 0
2025-10-11 15:52:58,843 - routes.properties - INFO -   - Photos count in DB: 0
2025-10-11 15:52:58,843 - routes.properties - INFO - Property 'Luxury 3 BHK Apartment' (ID: 68e8f56a31e9ca37a6773743):
2025-10-11 15:52:58,843 - routes.properties - INFO -   - Raw image_urls from DB: []
2025-10-11 15:52:58,843 - routes.properties - INFO -   - Type of image_urls: <class 'list'>
2025-10-11 15:52:58,843 - routes.properties - INFO -   - Number of images: 0
2025-10-11 15:52:58,843 - routes.properties - INFO -   - Photos count in DB: 0
2025-10-11 15:52:58,843 - routes.properties - INFO - Property 'Luxury 1 BHK Apartment' (ID: 68e8fa13e80e07cd9d303b22):
2025-10-11 15:52:58,843 - routes.properties - INFO -   - Raw image_urls from DB: []
2025-10-11 15:52:58,843 - routes.properties - INFO -   - Type of image_urls: <class 'list'>
2025-10-11 15:52:58,843 - routes.properties - INFO -   - Number of images: 0
2025-10-11 15:52:58,843 - routes.properties - INFO -   - Photos count in DB: 0
2025-10-11 15:52:58,843 - routes.properties - INFO - Property '6 bhk apartment' (ID: 68e907542e9470e12ce435ec):
2025-10-11 15:52:58,843 - routes.properties - INFO -   - Raw image_urls from DB: ['/uploads/properties/68e907542e9470e12ce435ec_bebf826a65a1496580895c380e490382.jpg']
2025-10-11 15:52:58,843 - routes.properties - INFO -   - Type of image_urls: <class 'list'>
2025-10-11 15:52:58,843 - routes.properties - INFO -   - Number of images: 1
2025-10-11 15:52:58,843 - routes.properties - INFO -     Image 0: /uploads/properties/68e907542e9470e12ce435ec_bebf826a65a1496580895c380e490382.jpg -> http://localhost:8000/uploads/properties/68e907542e9470e12ce435ec_bebf826a65a1496580895c380e490382.jpg
2025-10-11 15:52:58,843 - routes.properties - INFO -   - Photos count in DB: 1
2025-10-11 15:52:58,843 - routes.properties - INFO - Property 'beautiful 1 bhk house' (ID: 68e91cae2e9470e12ce435ed):
2025-10-11 15:52:58,843 - routes.properties - INFO -   - Raw image_urls from DB: ['/uploads/properties/68e91cae2e9470e12ce435ed_e3fa12c61a184f7fb50322450c82cc36.jpg']
2025-10-11 15:52:58,843 - routes.properties - INFO -   - Type of image_urls: <class 'list'>
2025-10-11 15:52:58,843 - routes.properties - INFO -   - Number of images: 1
2025-10-11 15:52:58,843 - routes.properties - INFO -     Image 0: /uploads/properties/68e91cae2e9470e12ce435ed_e3fa12c61a184f7fb50322450c82cc36.jpg -> http://localhost:8000/uploads/properties/68e91cae2e9470e12ce435ed_e3fa12c61a184f7fb50322450c82cc36.jpg
2025-10-11 15:52:58,843 - routes.properties - INFO -   - Photos count in DB: 1
2025-10-11 15:52:58,844 - routes.properties - INFO - Property 'asdfghjkl' (ID: 68e93de7c7eb04da4a5cdf52):
2025-10-11 15:52:58,844 - routes.properties - INFO -   - Raw image_urls from DB: ['/uploads/properties/68e93de7c7eb04da4a5cdf52_7ca12139b9fa471b9c0bcaa3e0786d8a.jpg']
2025-10-11 15:52:58,844 - routes.properties - INFO -   - Type of image_urls: <class 'list'>
2025-10-11 15:52:58,844 - routes.properties - INFO -   - Number of images: 1
2025-10-11 15:52:58,844 - routes.properties - INFO -     Image 0: /uploads/properties/68e93de7c7eb04da4a5cdf52_7ca12139b9fa471b9c0bcaa3e0786d8a.jpg -> http://localhost:8000/uploads/properties/68e93de7c7eb04da4a5cdf52_7ca12139b9fa471b9c0bcaa3e0786d8a.jpg
2025-10-11 15:52:58,844 - routes.properties - INFO -   - Photos count in DB: 1
2025-10-11 15:56:06,940 - routes.properties - INFO - GET /properties/user/my-properties - Getting user's properties
2025-10-11 15:56:06,941 - routes.properties - INFO - Role verification - User: ram@gmail.com, Role: seller, Authorized: True
2025-10-11 15:56:06,941 - routes.properties - INFO - Fetching properties for user: ram@gmail.com (ID: 68e7b3fc28055f8855e8398c)
2025-10-11 15:56:06,975 - routes.properties - INFO - Found 8 properties for user 68e7b3fc28055f8855e8398c
2025-10-11 15:56:06,975 - routes.properties - INFO - Property 'aradhanini' (ID: 68e7b4fe28055f8855e8398d):
2025-10-11 15:56:06,975 - routes.properties - INFO -   - Raw image_urls from DB: None
2025-10-11 15:56:06,975 - routes.properties - INFO -   - Type of image_urls: <class 'NoneType'>
2025-10-11 15:56:06,975 - routes.properties - INFO -   - No image_urls field; initialized to empty list
2025-10-11 15:56:06,975 - routes.properties - INFO -   - Number of images: 0
2025-10-11 15:56:06,975 - routes.properties - INFO -   - Photos count in DB: 0
2025-10-11 15:56:06,975 - routes.properties - INFO - Property 'rameshwaram rameshwaram rameshwaram rameshwaram' (ID: 68e7b9bf28055f8855e8398e):
2025-10-11 15:56:06,975 - routes.properties - INFO -   - Raw image_urls from DB: None
2025-10-11 15:56:06,975 - routes.properties - INFO -   - Type of image_urls: <class 'NoneType'>
2025-10-11 15:56:06,975 - routes.properties - INFO -   - No image_urls field; initialized to empty list
2025-10-11 15:56:06,975 - routes.properties - INFO -   - Number of images: 0
2025-10-11 15:56:06,975 - routes.properties - INFO -   - Photos count in DB: 0
2025-10-11 15:56:06,975 - routes.properties - INFO - Property 'rameshwaram rameshwaram rameshwaram rameshwaram' (ID: 68e7bb2028055f8855e8398f):
2025-10-11 15:56:06,975 - routes.properties - INFO -   - Raw image_urls from DB: None
2025-10-11 15:56:06,975 - routes.properties - INFO -   - Type of image_urls: <class 'NoneType'>
2025-10-11 15:56:06,975 - routes.properties - INFO -   - No image_urls field; initialized to empty list
2025-10-11 15:56:06,975 - routes.properties - INFO -   - Number of images: 0
2025-10-11 15:56:06,975 - routes.properties - INFO -   - Photos count in DB: 0
2025-10-11 15:56:06,975 - routes.properties - INFO - Property 'Luxury 3 BHK Apartment' (ID: 68e8f56a31e9ca37a6773743):
2025-10-11 15:56:06,975 - routes.properties - INFO -   - Raw image_urls from DB: []
2025-10-11 15:56:06,975 - routes.properties - INFO -   - Type of image_urls: <class 'list'>
2025-10-11 15:56:06,975 - routes.properties - INFO -   - Number of images: 0
2025-10-11 15:56:06,975 - routes.properties - INFO -   - Photos count in DB: 0
2025-10-11 15:56:06,975 - routes.properties - INFO - Property 'Luxury 1 BHK Apartment' (ID: 68e8fa13e80e07cd9d303b22):
2025-10-11 15:56:06,975 - routes.properties - INFO -   - Raw image_urls from DB: []
2025-10-11 15:56:06,975 - routes.properties - INFO -   - Type of image_urls: <class 'list'>
2025-10-11 15:56:06,975 - routes.properties - INFO -   - Number of images: 0
2025-10-11 15:56:06,975 - routes.properties - INFO -   - Photos count in DB: 0
2025-10-11 15:56:06,975 - routes.properties - INFO - Property '6 bhk apartment' (ID: 68e907542e9470e12ce435ec):
2025-10-11 15:56:06,975 - routes.properties - INFO -   - Raw image_urls from DB: ['/uploads/properties/68e907542e9470e12ce435ec_bebf826a65a1496580895c380e490382.jpg']
2025-10-11 15:56:06,975 - routes.properties - INFO -   - Type of image_urls: <class 'list'>
2025-10-11 15:56:06,975 - routes.properties - INFO -   - Number of images: 1
2025-10-11 15:56:06,975 - routes.properties - INFO -     Image 0: /uploads/properties/68e907542e9470e12ce435ec_bebf826a65a1496580895c380e490382.jpg -> http://localhost:8000/uploads/properties/68e907542e9470e12ce435ec_bebf826a65a1496580895c380e490382.jpg
2025-10-11 15:56:06,975 - routes.properties - INFO -   - Photos count in DB: 1
2025-10-11 15:56:06,975 - routes.properties - INFO - Property 'beautiful 1 bhk house' (ID: 68e91cae2e9470e12ce435ed):
2025-10-11 15:56:06,975 - routes.properties - INFO -   - Raw image_urls from DB: ['/uploads/properties/68e91cae2e9470e12ce435ed_e3fa12c61a184f7fb50322450c82cc36.jpg']
2025-10-11 15:56:06,975 - routes.properties - INFO -   - Type of image_urls: <class 'list'>
2025-10-11 15:56:06,975 - routes.properties - INFO -   - Number of images: 1
2025-10-11 15:56:06,975 - routes.properties - INFO -     Image 0: /uploads/properties/68e91cae2e9470e12ce435ed_e3fa12c61a184f7fb50322450c82cc36.jpg -> http://localhost:8000/uploads/properties/68e91cae2e9470e12ce435ed_e3fa12c61a184f7fb50322450c82cc36.jpg
2025-10-11 15:56:06,975 - routes.properties - INFO -   - Photos count in DB: 1
2025-10-11 15:56:06,975 - routes.properties - INFO - Property 'asdfghjkl' (ID: 68e93de7c7eb04da4a5cdf52):
2025-10-11 15:56:06,975 - routes.properties - INFO -   - Raw image_urls from DB: ['/uploads/properties/68e93de7c7eb04da4a5cdf52_7ca12139b9fa471b9c0bcaa3e0786d8a.jpg']
2025-10-11 15:56:06,975 - routes.properties - INFO -   - Type of image_urls: <class 'list'>
2025-10-11 15:56:06,975 - routes.properties - INFO -   - Number of images: 1
2025-10-11 15:56:06,975 - routes.properties - INFO -     Image 0: /uploads/properties/68e93de7c7eb04da4a5cdf52_7ca12139b9fa471b9c0bcaa3e0786d8a.jpg -> http://localhost:8000/uploads/properties/68e93de7c7eb04da4a5cdf52_7ca12139b9fa471b9c0bcaa3e0786d8a.jpg
2025-10-11 15:56:06,975 - routes.properties - INFO -   - Photos count in DB: 1
2025-10-11 15:56:07,010 - routes.properties - INFO - GET /properties/user/my-properties - Getting user's properties
2025-10-11 15:56:07,010 - routes.properties - INFO - Role verification - User: ram@gmail.com, Role: seller, Authorized: True
2025-10-11 15:56:07,010 - routes.properties - INFO - Fetching properties for user: ram@gmail.com (ID: 68e7b3fc28055f8855e8398c)
2025-10-11 15:56:07,043 - routes.properties - INFO - Found 8 properties for user 68e7b3fc28055f8855e8398c
2025-10-11 15:56:07,043 - routes.properties - INFO - Property 'aradhanini' (ID: 68e7b4fe28055f8855e8398d):
2025-10-11 15:56:07,043 - routes.properties - INFO -   - Raw image_urls from DB: None
2025-10-11 15:56:07,043 - routes.properties - INFO -   - Type of image_urls: <class 'NoneType'>
2025-10-11 15:56:07,043 - routes.properties - INFO -   - No image_urls field; initialized to empty list
2025-10-11 15:56:07,043 - routes.properties - INFO -   - Number of images: 0
2025-10-11 15:56:07,043 - routes.properties - INFO -   - Photos count in DB: 0
2025-10-11 15:56:07,043 - routes.properties - INFO - Property 'rameshwaram rameshwaram rameshwaram rameshwaram' (ID: 68e7b9bf28055f8855e8398e):
2025-10-11 15:56:07,043 - routes.properties - INFO -   - Raw image_urls from DB: None
2025-10-11 15:56:07,043 - routes.properties - INFO -   - Type of image_urls: <class 'NoneType'>
2025-10-11 15:56:07,043 - routes.properties - INFO -   - No image_urls field; initialized to empty list
2025-10-11 15:56:07,043 - routes.properties - INFO -   - Number of images: 0
2025-10-11 15:56:07,043 - routes.properties - INFO -   - Photos count in DB: 0
2025-10-11 15:56:07,043 - routes.properties - INFO - Property 'rameshwaram rameshwaram rameshwaram rameshwaram' (ID: 68e7bb2028055f8855e8398f):
2025-10-11 15:56:07,043 - routes.properties - INFO -   - Raw image_urls from DB: None
2025-10-11 15:56:07,043 - routes.properties - INFO -   - Type of image_urls: <class 'NoneType'>
2025-10-11 15:56:07,043 - routes.properties - INFO -   - No image_urls field; initialized to empty list
2025-10-11 15:56:07,043 - routes.properties - INFO -   - Number of images: 0
2025-10-11 15:56:07,043 - routes.properties - INFO -   - Photos count in DB: 0
2025-10-11 15:56:07,043 - routes.properties - INFO - Property 'Luxury 3 BHK Apartment' (ID: 68e8f56a31e9ca37a6773743):
2025-10-11 15:56:07,043 - routes.properties - INFO -   - Raw image_urls from DB: []
2025-10-11 15:56:07,043 - routes.properties - INFO -   - Type of image_urls: <class 'list'>
2025-10-11 15:56:07,043 - routes.properties - INFO -   - Number of images: 0
2025-10-11 15:56:07,043 - routes.properties - INFO -   - Photos count in DB: 0
2025-10-11 15:56:07,043 - routes.properties - INFO - Property 'Luxury 1 BHK Apartment' (ID: 68e8fa13e80e07cd9d303b22):
2025-10-11 15:56:07,043 - routes.properties - INFO -   - Raw image_urls from DB: []
2025-10-11 15:56:07,043 - routes.properties - INFO -   - Type of image_urls: <class 'list'>
2025-10-11 15:56:07,043 - routes.properties - INFO -   - Number of images: 0
2025-10-11 15:56:07,043 - routes.properties - INFO -   - Photos count in DB: 0
2025-10-11 15:56:07,043 - routes.properties - INFO - Property '6 bhk apartment' (ID: 68e907542e9470e12ce435ec):
2025-10-11 15:56:07,043 - routes.properties - INFO -   - Raw image_urls from DB: ['/uploads/properties/68e907542e9470e12ce435ec_bebf826a65a1496580895c380e490382.jpg']
2025-10-11 15:56:07,043 - routes.properties - INFO -   - Type of image_urls: <class 'list'>
2025-10-11 15:56:07,043 - routes.properties - INFO -   - Number of images: 1
2025-10-11 15:56:07,043 - routes.properties - INFO -     Image 0: /uploads/properties/68e907542e9470e12ce435ec_bebf826a65a1496580895c380e490382.jpg -> http://localhost:8000/uploads/properties/68e907542e9470e12ce435ec_bebf826a65a1496580895c380e490382.jpg
2025-10-11 15:56:07,043 - routes.properties - INFO -   - Photos count in DB: 1
2025-10-11 15:56:07,043 - routes.properties - INFO - Property 'beautiful 1 bhk house' (ID: 68e91cae2e9470e12ce435ed):
2025-10-11 15:56:07,043 - routes.properties - INFO -   - Raw image_urls from DB: ['/uploads/properties/68e91cae2e9470e12ce435ed_e3fa12c61a184f7fb50322450c82cc36.jpg']
2025-10-11 15:56:07,043 - routes.properties - INFO -   - Type of image_urls: <class 'list'>
2025-10-11 15:56:07,043 - routes.properties - INFO -   - Number of images: 1
2025-10-11 15:56:07,043 - routes.properties - INFO -     Image 0: /uploads/properties/68e91cae2e9470e12ce435ed_e3fa12c61a184f7fb50322450c82cc36.jpg -> http://localhost:8000/uploads/properties/68e91cae2e9470e12ce435ed_e3fa12c61a184f7fb50322450c82cc36.jpg
2025-10-11 15:56:07,043 - routes.properties - INFO -   - Photos count in DB: 1
2025-10-11 15:56:07,043 - routes.properties - INFO - Property 'asdfghjkl' (ID: 68e93de7c7eb04da4a5cdf52):
2025-10-11 15:56:07,044 - routes.properties - INFO -   - Raw image_urls from DB: ['/uploads/properties/68e93de7c7eb04da4a5cdf52_7ca12139b9fa471b9c0bcaa3e0786d8a.jpg']
2025-10-11 15:56:07,044 - routes.properties - INFO -   - Type of image_urls: <class 'list'>
2025-10-11 15:56:07,044 - routes.properties - INFO -   - Number of images: 1
2025-10-11 15:56:07,044 - routes.properties - INFO -     Image 0: /uploads/properties/68e93de7c7eb04da4a5cdf52_7ca12139b9fa471b9c0bcaa3e0786d8a.jpg -> http://localhost:8000/uploads/properties/68e93de7c7eb04da4a5cdf52_7ca12139b9fa471b9c0bcaa3e0786d8a.jpg
2025-10-11 15:56:07,044 - routes.properties - INFO -   - Photos count in DB: 1
2025-10-11 15:57:28,329 - routes.properties - INFO - POST /properties - Adding new property
2025-10-11 15:57:28,330 - routes.properties - INFO - Role verification - User: ram@gmail.com, Role: seller, Authorized: True
2025-10-11 15:57:28,331 - routes.properties - INFO - Received image_urls: [UploadFile(filename='property-3.jpg', size=117733, headers=Headers({'content-disposition': 'form-data; name="image_urls"; filename="property-3.jpg"', 'content-type': 'image/jpeg'}))]
2025-10-11 15:57:28,384 - routes.properties - INFO - Saved image: property-3.jpg -> /uploads/properties/68ea311081859ebfcc9ecbf9_5725302a5dc54a52ae21a988d90da938.jpg
2025-10-11 15:57:28,455 - routes.properties - INFO - Property inserted successfully with ID: 68ea311081859ebfcc9ecbf9
2025-10-11 15:57:30,145 - routes.properties - INFO - GET /properties/user/my-properties - Getting user's properties
2025-10-11 15:57:30,145 - routes.properties - INFO - Role verification - User: ram@gmail.com, Role: seller, Authorized: True
2025-10-11 15:57:30,145 - routes.properties - INFO - Fetching properties for user: ram@gmail.com (ID: 68e7b3fc28055f8855e8398c)
2025-10-11 15:57:30,182 - routes.properties - INFO - Found 9 properties for user 68e7b3fc28055f8855e8398c
2025-10-11 15:57:30,182 - routes.properties - INFO - Property 'aradhanini' (ID: 68e7b4fe28055f8855e8398d):
2025-10-11 15:57:30,182 - routes.properties - INFO -   - Raw image_urls from DB: None
2025-10-11 15:57:30,182 - routes.properties - INFO -   - Type of image_urls: <class 'NoneType'>
2025-10-11 15:57:30,182 - routes.properties - INFO -   - No image_urls field; initialized to empty list
2025-10-11 15:57:30,182 - routes.properties - INFO -   - Number of images: 0
2025-10-11 15:57:30,182 - routes.properties - INFO -   - Photos count in DB: 0
2025-10-11 15:57:30,182 - routes.properties - INFO - Property 'rameshwaram rameshwaram rameshwaram rameshwaram' (ID: 68e7b9bf28055f8855e8398e):
2025-10-11 15:57:30,182 - routes.properties - INFO -   - Raw image_urls from DB: None
2025-10-11 15:57:30,182 - routes.properties - INFO -   - Type of image_urls: <class 'NoneType'>
2025-10-11 15:57:30,182 - routes.properties - INFO -   - No image_urls field; initialized to empty list
2025-10-11 15:57:30,182 - routes.properties - INFO -   - Number of images: 0
2025-10-11 15:57:30,182 - routes.properties - INFO -   - Photos count in DB: 0
2025-10-11 15:57:30,182 - routes.properties - INFO - Property 'rameshwaram rameshwaram rameshwaram rameshwaram' (ID: 68e7bb2028055f8855e8398f):
2025-10-11 15:57:30,182 - routes.properties - INFO -   - Raw image_urls from DB: None
2025-10-11 15:57:30,182 - routes.properties - INFO -   - Type of image_urls: <class 'NoneType'>
2025-10-11 15:57:30,183 - routes.properties - INFO -   - No image_urls field; initialized to empty list
2025-10-11 15:57:30,183 - routes.properties - INFO -   - Number of images: 0
2025-10-11 15:57:30,183 - routes.properties - INFO -   - Photos count in DB: 0
2025-10-11 15:57:30,183 - routes.properties - INFO - Property 'Luxury 3 BHK Apartment' (ID: 68e8f56a31e9ca37a6773743):
2025-10-11 15:57:30,183 - routes.properties - INFO -   - Raw image_urls from DB: []
2025-10-11 15:57:30,183 - routes.properties - INFO -   - Type of image_urls: <class 'list'>
2025-10-11 15:57:30,183 - routes.properties - INFO -   - Number of images: 0
2025-10-11 15:57:30,183 - routes.properties - INFO -   - Photos count in DB: 0
2025-10-11 15:57:30,183 - routes.properties - INFO - Property 'Luxury 1 BHK Apartment' (ID: 68e8fa13e80e07cd9d303b22):
2025-10-11 15:57:30,183 - routes.properties - INFO -   - Raw image_urls from DB: []
2025-10-11 15:57:30,183 - routes.properties - INFO -   - Type of image_urls: <class 'list'>
2025-10-11 15:57:30,183 - routes.properties - INFO -   - Number of images: 0
2025-10-11 15:57:30,183 - routes.properties - INFO -   - Photos count in DB: 0
2025-10-11 15:57:30,183 - routes.properties - INFO - Property '6 bhk apartment' (ID: 68e907542e9470e12ce435ec):
2025-10-11 15:57:30,183 - routes.properties - INFO -   - Raw image_urls from DB: ['/uploads/properties/68e907542e9470e12ce435ec_bebf826a65a1496580895c380e490382.jpg']
2025-10-11 15:57:30,183 - routes.properties - INFO -   - Type of image_urls: <class 'list'>
2025-10-11 15:57:30,183 - routes.properties - INFO -   - Number of images: 1
2025-10-11 15:57:30,183 - routes.properties - INFO -     Image 0: /uploads/properties/68e907542e9470e12ce435ec_bebf826a65a1496580895c380e490382.jpg -> http://localhost:8000/uploads/properties/68e907542e9470e12ce435ec_bebf826a65a1496580895c380e490382.jpg
2025-10-11 15:57:30,183 - routes.properties - INFO -   - Photos count in DB: 1
2025-10-11 15:57:30,183 - routes.properties - INFO - Property 'beautiful 1 bhk house' (ID: 68e91cae2e9470e12ce435ed):
2025-10-11 15:57:30,183 - routes.properties - INFO -   - Raw image_urls from DB: ['/uploads/properties/68e91cae2e9470e12ce435ed_e3fa12c61a184f7fb50322450c82cc36.jpg']
2025-10-11 15:57:30,184 - routes.properties - INFO -   - Type of image_urls: <class 'list'>
2025-10-11 15:57:30,184 - routes.properties - INFO -   - Number of images: 1
2025-10-11 15:57:30,184 - routes.properties - INFO -     Image 0: /uploads/properties/68e91cae2e9470e12ce435ed_e3fa12c61a184f7fb50322450c82cc36.jpg -> http://localhost:8000/uploads/properties/68e91cae2e9470e12ce435ed_e3fa12c61a184f7fb50322450c82cc36.jpg
2025-10-11 15:57:30,184 - routes.properties - INFO -   - Photos count in DB: 1
2025-10-11 15:57:30,184 - routes.properties - INFO - Property 'asdfghjkl' (ID: 68e93de7c7eb04da4a5cdf52):
2025-10-11 15:57:30,184 - routes.properties - INFO -   - Raw image_urls from DB: ['/uploads/properties/68e93de7c7eb04da4a5cdf52_7ca12139b9fa471b9c0bcaa3e0786d8a.jpg']
2025-10-11 15:57:30,184 - routes.properties - INFO -   - Type of image_urls: <class 'list'>
2025-10-11 15:57:30,184 - routes.properties - INFO -   - Number of images: 1
2025-10-11 15:57:30,184 - routes.properties - INFO -     Image 0: /uploads/properties/68e93de7c7eb04da4a5cdf52_7ca12139b9fa471b9c0bcaa3e0786d8a.jpg -> http://localhost:8000/uploads/properties/68e93de7c7eb04da4a5cdf52_7ca12139b9fa471b9c0bcaa3e0786d8a.jpg
2025-10-11 15:57:30,184 - routes.properties - INFO -   - Photos count in DB: 1
2025-10-11 15:57:30,184 - routes.properties - INFO - Property 'wonderful property' (ID: 68ea311081859ebfcc9ecbf9):
2025-10-11 15:57:30,184 - routes.properties - INFO -   - Raw image_urls from DB: ['/uploads/properties/68ea311081859ebfcc9ecbf9_5725302a5dc54a52ae21a988d90da938.jpg']
2025-10-11 15:57:30,184 - routes.properties - INFO -   - Type of image_urls: <class 'list'>
2025-10-11 15:57:30,184 - routes.properties - INFO -   - Number of images: 1
2025-10-11 15:57:30,184 - routes.properties - INFO -     Image 0: /uploads/properties/68ea311081859ebfcc9ecbf9_5725302a5dc54a52ae21a988d90da938.jpg -> http://localhost:8000/uploads/properties/68ea311081859ebfcc9ecbf9_5725302a5dc54a52ae21a988d90da938.jpg
2025-10-11 15:57:30,184 - routes.properties - INFO -   - Photos count in DB: 1
2025-10-11 15:57:43,740 - routes.properties - INFO - GET /properties - Listing all properties
2025-10-11 15:57:43,776 - routes.properties - INFO - Found 10 properties in database
2025-10-11 15:57:43,777 - routes.properties - INFO - Successfully retrieved and formatted properties
2025-10-11 15:57:43,779 - routes.properties - INFO - GET /properties - Listing all properties
2025-10-11 15:57:43,812 - routes.properties - INFO - Found 10 properties in database
2025-10-11 15:57:43,812 - routes.properties - INFO - Successfully retrieved and formatted properties
2025-10-11 15:57:46,539 - routes.properties - INFO - GET /properties - Listing all properties
2025-10-11 15:57:46,572 - routes.properties - INFO - Found 10 properties in database
2025-10-11 15:57:46,572 - routes.properties - INFO - Successfully retrieved and formatted properties
2025-10-11 15:57:46,574 - routes.properties - INFO - GET /properties - Listing all properties
2025-10-11 15:57:46,606 - routes.properties - INFO - Found 10 properties in database
2025-10-11 15:57:46,607 - routes.properties - INFO - Successfully retrieved and formatted properties
2025-10-11 16:01:27,797 - routes.properties - INFO - GET /properties - Listing all properties
2025-10-11 16:01:27,838 - routes.properties - INFO - Found 10 properties in database
2025-10-11 16:01:27,838 - routes.properties - INFO - Successfully retrieved and formatted properties
2025-10-11 16:01:27,841 - routes.properties - INFO - GET /properties - Listing all properties
2025-10-11 16:01:27,875 - routes.properties - INFO - Found 10 properties in database
2025-10-11 16:01:27,875 - routes.properties - INFO - Successfully retrieved and formatted properties
2025-10-11 16:13:42,820 - routes.properties - INFO - GET /properties - Listing all properties
2025-10-11 16:13:42,862 - routes.properties - INFO - Found 10 properties in database
2025-10-11 16:13:42,863 - routes.properties - INFO - Successfully retrieved and formatted properties
2025-10-11 16:13:42,868 - routes.properties - INFO - GET /properties - Listing all properties
2025-10-11 16:13:42,906 - routes.properties - INFO - Found 10 properties in database
2025-10-11 16:13:42,906 - routes.properties - INFO - Successfully retrieved and formatted properties
2025-10-11 16:17:56,537 - routes.properties - INFO - GET /properties - Listing all properties
2025-10-11 16:17:56,575 - routes.properties - INFO - Found 10 properties in database
2025-10-11 16:17:56,576 - routes.properties - INFO - Successfully retrieved and formatted properties
2025-10-11 16:17:56,588 - routes.properties - INFO - GET /properties - Listing all properties
2025-10-11 16:17:56,644 - routes.properties - INFO - Found 10 properties in database
2025-10-11 16:17:56,646 - routes.properties - INFO - Successfully retrieved and formatted properties
2025-10-11 16:17:59,120 - routes.properties - INFO - GET /properties - Listing all properties
2025-10-11 16:17:59,162 - routes.properties - INFO - Found 10 properties in database
2025-10-11 16:17:59,162 - routes.properties - INFO - Successfully retrieved and formatted properties
2025-10-11 16:17:59,165 - routes.properties - INFO - GET /properties - Listing all properties
2025-10-11 16:17:59,200 - routes.properties - INFO - Found 10 properties in database
2025-10-11 16:17:59,200 - routes.properties - INFO - Successfully retrieved and formatted properties
2025-10-11 16:18:11,725 - routes.properties - INFO - GET /properties - Listing all properties
2025-10-11 16:18:11,763 - routes.properties - INFO - Found 10 properties in database
2025-10-11 16:18:11,763 - routes.properties - INFO - Successfully retrieved and formatted properties
2025-10-11 16:18:11,766 - routes.properties - INFO - GET /properties - Listing all properties
2025-10-11 16:18:11,801 - routes.properties - INFO - Found 10 properties in database
2025-10-11 16:18:11,801 - routes.properties - INFO - Successfully retrieved and formatted properties
2025-10-11 16:24:24,721 - routes.properties - INFO - GET /properties - Listing all properties
2025-10-11 16:24:24,759 - routes.properties - INFO - Found 10 properties in database
2025-10-11 16:24:24,761 - routes.properties - INFO - Successfully retrieved and formatted properties
2025-10-11 16:24:24,766 - routes.properties - INFO - GET /properties - Listing all properties
2025-10-11 16:24:24,804 - routes.properties - INFO - Found 10 properties in database
2025-10-11 16:24:24,804 - routes.properties - INFO - Successfully retrieved and formatted properties
2025-10-11 16:24:28,253 - routes.properties - INFO - GET /properties - Listing all properties
2025-10-11 16:24:28,296 - routes.properties - INFO - Found 10 properties in database
2025-10-11 16:24:28,296 - routes.properties - INFO - Successfully retrieved and formatted properties
2025-10-11 16:24:28,299 - routes.properties - INFO - GET /properties - Listing all properties
2025-10-11 16:24:28,335 - routes.properties - INFO - Found 10 properties in database
2025-10-11 16:24:28,335 - routes.properties - INFO - Successfully retrieved and formatted properties
2025-10-11 16:29:02,707 - routes.properties - INFO - GET /properties/68e6de37e6d2613b1b9941de - Getting property details
2025-10-11 16:29:02,747 - routes.properties - INFO - Successfully retrieved property: Luxury 3 BHK Apartment in Prime Location with 0 images
2025-10-11 16:29:02,749 - routes.properties - INFO - GET /properties/68e6de37e6d2613b1b9941de - Getting property details
2025-10-11 16:29:02,785 - routes.properties - INFO - Successfully retrieved property: Luxury 3 BHK Apartment in Prime Location with 0 images
2025-10-11 16:29:05,669 - routes.properties - INFO - GET /properties - Listing all properties
2025-10-11 16:29:05,706 - routes.properties - INFO - Found 10 properties in database
2025-10-11 16:29:05,706 - routes.properties - INFO - Successfully retrieved and formatted properties
2025-10-11 16:29:05,709 - routes.properties - INFO - GET /properties - Listing all properties
2025-10-11 16:29:05,743 - routes.properties - INFO - Found 10 properties in database
2025-10-11 16:29:05,744 - routes.properties - INFO - Successfully retrieved and formatted properties
2025-10-11 16:29:06,933 - routes.properties - INFO - GET /properties/68e907542e9470e12ce435ec - Getting property details
2025-10-11 16:29:06,969 - routes.properties - INFO - Successfully retrieved property: 6 bhk apartment with 1 images
2025-10-11 16:29:06,972 - routes.properties - INFO - GET /properties/68e907542e9470e12ce435ec - Getting property details
2025-10-11 16:29:07,009 - routes.properties - INFO - Successfully retrieved property: 6 bhk apartment with 1 images
2025-10-11 16:29:11,200 - routes.properties - INFO - GET /properties - Listing all properties
2025-10-11 16:29:11,238 - routes.properties - INFO - Found 10 properties in database
2025-10-11 16:29:11,238 - routes.properties - INFO - Successfully retrieved and formatted properties
2025-10-11 16:29:11,241 - routes.properties - INFO - GET /properties - Listing all properties
2025-10-11 16:29:11,276 - routes.properties - INFO - Found 10 properties in database
2025-10-11 16:29:11,277 - routes.properties - INFO - Successfully retrieved and formatted properties
2025-10-11 16:29:13,264 - routes.properties - INFO - GET /properties/68e93de7c7eb04da4a5cdf52 - Getting property details
2025-10-11 16:29:13,300 - routes.properties - INFO - Successfully retrieved property: asdfghjkl with 1 images
2025-10-11 16:29:13,302 - routes.properties - INFO - GET /properties/68e93de7c7eb04da4a5cdf52 - Getting property details
2025-10-11 16:29:13,336 - routes.properties - INFO - Successfully retrieved property: asdfghjkl with 1 images
2025-10-11 16:29:15,019 - routes.properties - INFO - GET /properties - Listing all properties
2025-10-11 16:29:15,054 - routes.properties - INFO - Found 10 properties in database
2025-10-11 16:29:15,054 - routes.properties - INFO - Successfully retrieved and formatted properties
2025-10-11 16:29:15,057 - routes.properties - INFO - GET /properties - Listing all properties
2025-10-11 16:29:15,098 - routes.properties - INFO - Found 10 properties in database
2025-10-11 16:29:15,098 - routes.properties - INFO - Successfully retrieved and formatted properties
2025-10-11 16:29:41,379 - routes.properties - INFO - GET /properties/3 - Getting property details
2025-10-11 16:29:41,380 - routes.properties - ERROR - Invalid property ID format: 3
2025-10-11 16:29:41,390 - routes.properties - WARNING - HTTPException raised during property retrieval
2025-10-11 16:29:41,395 - routes.properties - INFO - GET /properties/3 - Getting property details
2025-10-11 16:29:41,395 - routes.properties - ERROR - Invalid property ID format: 3
2025-10-11 16:29:41,395 - routes.properties - WARNING - HTTPException raised during property retrieval
2025-10-11 16:29:46,543 - routes.properties - INFO - GET /properties/3 - Getting property details
2025-10-11 16:29:46,544 - routes.properties - ERROR - Invalid property ID format: 3
2025-10-11 16:29:46,544 - routes.properties - WARNING - HTTPException raised during property retrieval
2025-10-11 16:29:46,547 - routes.properties - INFO - GET /properties/3 - Getting property details
2025-10-11 16:29:46,547 - routes.properties - ERROR - Invalid property ID format: 3
2025-10-11 16:29:46,547 - routes.properties - WARNING - HTTPException raised during property retrieval
2025-10-11 17:04:12,771 - routes.properties - INFO - GET /properties/trending/featured - Getting featured properties
2025-10-11 17:04:13,075 - routes.properties - INFO - Found 4 featured properties
2025-10-11 17:04:13,077 - routes.properties - INFO - GET /properties/trending/featured - Getting featured properties
2025-10-11 17:04:13,114 - routes.properties - INFO - Found 4 featured properties
2025-10-11 17:06:36,774 - routes.properties - INFO - GET /properties/trending/featured - Getting featured properties
2025-10-11 17:06:36,819 - routes.properties - INFO - Found 4 featured properties
2025-10-11 17:06:36,821 - routes.properties - INFO - GET /properties/trending/featured - Getting featured properties
2025-10-11 17:06:36,858 - routes.properties - INFO - Found 4 featured properties
2025-10-11 17:06:53,749 - routes.properties - INFO - GET /properties/trending/featured - Getting featured properties
2025-10-11 17:06:53,790 - routes.properties - INFO - Found 4 featured properties
2025-10-11 17:06:53,792 - routes.properties - INFO - GET /properties/trending/featured - Getting featured properties
2025-10-11 17:06:53,832 - routes.properties - INFO - Found 4 featured properties
2025-10-11 17:09:20,243 - routes.properties - INFO - GET /properties/trending/featured - Getting featured properties
2025-10-11 17:09:20,299 - routes.properties - INFO - Found 4 featured properties
2025-10-11 17:09:20,302 - routes.properties - INFO - GET /properties/trending/featured - Getting featured properties
2025-10-11 17:09:20,341 - routes.properties - INFO - Found 4 featured properties
2025-10-11 17:09:22,553 - routes.properties - INFO - GET /properties - Listing all properties
2025-10-11 17:09:22,593 - routes.properties - INFO - Found 10 properties in database
2025-10-11 17:09:22,593 - routes.properties - INFO - Successfully retrieved and formatted properties
2025-10-11 17:09:22,597 - routes.properties - INFO - GET /properties - Listing all properties
2025-10-11 17:09:22,634 - routes.properties - INFO - Found 10 properties in database
2025-10-11 17:09:22,634 - routes.properties - INFO - Successfully retrieved and formatted properties
2025-10-11 17:09:40,580 - routes.properties - INFO - GET /properties/68e93de7c7eb04da4a5cdf52 - Getting property details
2025-10-11 17:09:40,619 - routes.properties - INFO - Successfully retrieved property: asdfghjkl with 1 images
2025-10-11 17:09:40,621 - routes.properties - INFO - GET /properties/68e93de7c7eb04da4a5cdf52 - Getting property details
2025-10-11 17:09:40,658 - routes.properties - INFO - Successfully retrieved property: asdfghjkl with 1 images
2025-10-11 17:09:52,859 - routes.properties - INFO - GET /properties - Listing all properties
2025-10-11 17:09:52,899 - routes.properties - INFO - Found 10 properties in database
2025-10-11 17:09:52,899 - routes.properties - INFO - Successfully retrieved and formatted properties
2025-10-11 17:09:52,903 - routes.properties - INFO - GET /properties - Listing all properties
2025-10-11 17:09:52,942 - routes.properties - INFO - Found 10 properties in database
2025-10-11 17:09:52,942 - routes.properties - INFO - Successfully retrieved and formatted properties
2025-10-11 17:10:03,964 - routes.properties - INFO - GET /properties/trending/featured - Getting featured properties
2025-10-11 17:10:04,005 - routes.properties - INFO - Found 4 featured properties
2025-10-11 17:10:04,009 - routes.properties - INFO - GET /properties/trending/featured - Getting featured properties
2025-10-11 17:10:04,049 - routes.properties - INFO - Found 4 featured properties
2025-10-11 17:35:33,306 - routes.properties - INFO - GET /properties/trending/featured - Getting featured properties
2025-10-11 17:35:33,592 - routes.properties - INFO - Found 4 featured properties
2025-10-11 17:35:33,594 - routes.properties - INFO - GET /properties/trending/featured - Getting featured properties
2025-10-11 17:35:33,634 - routes.properties - INFO - Found 4 featured properties
2025-10-11 17:38:37,751 - routes.properties - INFO - GET /properties/trending/featured - Getting featured properties
2025-10-11 17:38:37,793 - routes.properties - INFO - Found 4 featured properties
2025-10-11 17:38:37,795 - routes.properties - INFO - GET /properties/trending/featured - Getting featured properties
2025-10-11 17:38:37,836 - routes.properties - INFO - Found 4 featured properties
2025-10-11 17:38:39,197 - routes.properties - INFO - GET /properties - Listing all properties
2025-10-11 17:38:39,239 - routes.properties - INFO - Found 10 properties in database
2025-10-11 17:38:39,240 - routes.properties - INFO - Successfully retrieved and formatted properties
2025-10-11 17:38:39,241 - routes.properties - INFO - GET /properties - Listing all properties
2025-10-11 17:38:39,282 - routes.properties - INFO - Found 10 properties in database
2025-10-11 17:38:39,282 - routes.properties - INFO - Successfully retrieved and formatted properties
2025-10-11 17:38:45,211 - routes.properties - INFO - GET /properties/trending/featured - Getting featured properties
2025-10-11 17:38:45,252 - routes.properties - INFO - Found 4 featured properties
2025-10-11 17:38:45,254 - routes.properties - INFO - GET /properties/trending/featured - Getting featured properties
2025-10-11 17:38:45,294 - routes.properties - INFO - Found 4 featured properties
2025-10-11 17:39:08,884 - routes.properties - INFO - GET /properties/trending/featured - Getting featured properties
2025-10-11 17:39:08,926 - routes.properties - INFO - Found 4 featured properties
2025-10-11 17:39:08,928 - routes.properties - INFO - GET /properties/trending/featured - Getting featured properties
2025-10-11 17:39:08,969 - routes.properties - INFO - Found 4 featured properties
2025-10-11 18:28:26,841 - routes.properties - INFO - GET /properties/trending/featured - Getting featured properties
2025-10-11 18:28:27,139 - routes.properties - INFO - Found 4 featured properties
2025-10-11 18:28:27,142 - routes.properties - INFO - GET /properties/trending/featured - Getting featured properties
2025-10-11 18:28:27,181 - routes.properties - INFO - Found 4 featured properties
2025-10-11 18:28:55,968 - routes.auth - INFO - POST /auth/login - Login attempt
2025-10-11 18:28:55,969 - routes.auth - INFO - Login attempt - Email: ram@gmail.com
2025-10-11 18:28:56,234 - routes.auth - INFO - Login successful - Email: ram@gmail.com, Role: seller
2025-10-11 18:28:58,644 - routes.properties - INFO - GET /properties/trending/featured - Getting featured properties
2025-10-11 18:28:58,679 - routes.properties - INFO - Found 4 featured properties
2025-10-11 18:28:58,680 - routes.properties - INFO - GET /properties/trending/featured - Getting featured properties
2025-10-11 18:28:58,717 - routes.properties - INFO - Found 4 featured properties
2025-10-11 18:40:18,533 - routes.auth - INFO - POST /auth/login - Login attempt
2025-10-11 18:40:18,534 - routes.auth - INFO - Login attempt - Email: ram@gmail.com
2025-10-11 18:40:19,624 - routes.auth - INFO - Login successful - Email: ram@gmail.com, Role: seller
2025-10-11 18:40:22,393 - routes.properties - INFO - GET /properties/trending/featured - Getting featured properties
2025-10-11 18:40:22,463 - routes.properties - INFO - Found 4 featured properties
2025-10-11 18:40:22,464 - routes.properties - INFO - GET /properties/trending/featured - Getting featured properties
2025-10-11 18:40:22,641 - routes.properties - INFO - Found 4 featured properties
2025-10-11 18:40:31,563 - routes.properties - INFO - GET /properties/trending/featured - Getting featured properties
2025-10-11 18:40:31,627 - routes.properties - INFO - Found 4 featured properties
2025-10-11 18:40:31,631 - routes.properties - INFO - GET /properties/trending/featured - Getting featured properties
2025-10-11 18:40:31,690 - routes.properties - INFO - Found 4 featured properties
2025-10-11 18:41:11,965 - routes.properties - INFO - GET /properties/trending/featured - Getting featured properties
2025-10-11 18:41:12,030 - routes.properties - INFO - Found 4 featured properties
2025-10-11 18:41:12,033 - routes.properties - INFO - GET /properties/trending/featured - Getting featured properties
2025-10-11 18:41:12,092 - routes.properties - INFO - Found 4 featured properties
2025-10-11 18:43:46,890 - routes.properties - INFO - GET /properties/trending/featured - Getting featured properties
2025-10-11 18:43:46,939 - routes.properties - INFO - Found 4 featured properties
2025-10-11 18:43:46,940 - routes.properties - INFO - GET /properties/trending/featured - Getting featured properties
2025-10-11 18:43:46,986 - routes.properties - INFO - Found 4 featured properties
2025-10-11 18:44:21,443 - routes.properties - INFO - GET /properties/trending/featured - Getting featured properties
2025-10-11 18:44:21,492 - routes.properties - INFO - Found 4 featured properties
2025-10-11 18:44:21,494 - routes.properties - INFO - GET /properties/trending/featured - Getting featured properties
2025-10-11 18:44:21,540 - routes.properties - INFO - Found 4 featured properties
2025-10-11 18:44:23,639 - routes.properties - INFO - GET /properties/trending/featured - Getting featured properties
2025-10-11 18:44:23,685 - routes.properties - INFO - Found 4 featured properties
2025-10-11 18:44:23,687 - routes.properties - INFO - GET /properties/trending/featured - Getting featured properties
2025-10-11 18:44:23,732 - routes.properties - INFO - Found 4 featured properties
2025-10-11 18:47:08,455 - routes.properties - INFO - GET /properties - Listing all properties
2025-10-11 18:47:08,505 - routes.properties - INFO - Found 10 properties in database
2025-10-11 18:47:08,505 - routes.properties - INFO - Successfully retrieved and formatted properties
2025-10-11 18:47:08,510 - routes.properties - INFO - GET /properties - Listing all properties
2025-10-11 18:47:08,557 - routes.properties - INFO - Found 10 properties in database
2025-10-11 18:47:08,557 - routes.properties - INFO - Successfully retrieved and formatted properties
2025-10-11 18:47:13,253 - routes.properties - INFO - GET /properties/trending/featured - Getting featured properties
2025-10-11 18:47:13,301 - routes.properties - INFO - Found 4 featured properties
2025-10-11 18:47:13,303 - routes.properties - INFO - GET /properties/trending/featured - Getting featured properties
2025-10-11 18:47:13,348 - routes.properties - INFO - Found 4 featured properties
2025-10-11 18:47:14,336 - routes.properties - INFO - GET /properties/user/my-properties - Getting user's properties
2025-10-11 18:47:14,336 - routes.properties - INFO - Role verification - User: ram@gmail.com, Role: seller, Authorized: True
2025-10-11 18:47:14,336 - routes.properties - INFO - Fetching properties for user: ram@gmail.com (ID: 68e7b3fc28055f8855e8398c)
2025-10-11 18:47:14,382 - routes.properties - INFO - Found 9 properties for user 68e7b3fc28055f8855e8398c
2025-10-11 18:47:14,382 - routes.properties - INFO - Property 'aradhanini' (ID: 68e7b4fe28055f8855e8398d):
2025-10-11 18:47:14,382 - routes.properties - INFO -   - Raw image_urls from DB: None
2025-10-11 18:47:14,382 - routes.properties - INFO -   - Type of image_urls: <class 'NoneType'>
2025-10-11 18:47:14,382 - routes.properties - INFO -   - No image_urls field; initialized to empty list
2025-10-11 18:47:14,382 - routes.properties - INFO -   - Number of images: 0
2025-10-11 18:47:14,382 - routes.properties - INFO -   - Photos count in DB: 0
2025-10-11 18:47:14,382 - routes.properties - INFO - Property 'rameshwaram rameshwaram rameshwaram rameshwaram' (ID: 68e7b9bf28055f8855e8398e):
2025-10-11 18:47:14,382 - routes.properties - INFO -   - Raw image_urls from DB: None
2025-10-11 18:47:14,382 - routes.properties - INFO -   - Type of image_urls: <class 'NoneType'>
2025-10-11 18:47:14,382 - routes.properties - INFO -   - No image_urls field; initialized to empty list
2025-10-11 18:47:14,382 - routes.properties - INFO -   - Number of images: 0
2025-10-11 18:47:14,382 - routes.properties - INFO -   - Photos count in DB: 0
2025-10-11 18:47:14,382 - routes.properties - INFO - Property 'rameshwaram rameshwaram rameshwaram rameshwaram' (ID: 68e7bb2028055f8855e8398f):
2025-10-11 18:47:14,382 - routes.properties - INFO -   - Raw image_urls from DB: None
2025-10-11 18:47:14,382 - routes.properties - INFO -   - Type of image_urls: <class 'NoneType'>
2025-10-11 18:47:14,382 - routes.properties - INFO -   - No image_urls field; initialized to empty list
2025-10-11 18:47:14,382 - routes.properties - INFO -   - Number of images: 0
2025-10-11 18:47:14,382 - routes.properties - INFO -   - Photos count in DB: 0
2025-10-11 18:47:14,382 - routes.properties - INFO - Property 'Luxury 3 BHK Apartment' (ID: 68e8f56a31e9ca37a6773743):
2025-10-11 18:47:14,383 - routes.properties - INFO -   - Raw image_urls from DB: []
2025-10-11 18:47:14,383 - routes.properties - INFO -   - Type of image_urls: <class 'list'>
2025-10-11 18:47:14,383 - routes.properties - INFO -   - Number of images: 0
2025-10-11 18:47:14,383 - routes.properties - INFO -   - Photos count in DB: 0
2025-10-11 18:47:14,383 - routes.properties - INFO - Property 'Luxury 1 BHK Apartment' (ID: 68e8fa13e80e07cd9d303b22):
2025-10-11 18:47:14,383 - routes.properties - INFO -   - Raw image_urls from DB: []
2025-10-11 18:47:14,383 - routes.properties - INFO -   - Type of image_urls: <class 'list'>
2025-10-11 18:47:14,383 - routes.properties - INFO -   - Number of images: 0
2025-10-11 18:47:14,383 - routes.properties - INFO -   - Photos count in DB: 0
2025-10-11 18:47:14,383 - routes.properties - INFO - Property '6 bhk apartment' (ID: 68e907542e9470e12ce435ec):
2025-10-11 18:47:14,383 - routes.properties - INFO -   - Raw image_urls from DB: ['/uploads/properties/68e907542e9470e12ce435ec_bebf826a65a1496580895c380e490382.jpg']
2025-10-11 18:47:14,383 - routes.properties - INFO -   - Type of image_urls: <class 'list'>
2025-10-11 18:47:14,383 - routes.properties - INFO -   - Number of images: 1
2025-10-11 18:47:14,383 - routes.properties - INFO -     Image 0: /uploads/properties/68e907542e9470e12ce435ec_bebf826a65a1496580895c380e490382.jpg -> http://localhost:8000/uploads/properties/68e907542e9470e12ce435ec_bebf826a65a1496580895c380e490382.jpg
2025-10-11 18:47:14,383 - routes.properties - INFO -   - Photos count in DB: 1
2025-10-11 18:47:14,383 - routes.properties - INFO - Property 'beautiful 1 bhk house' (ID: 68e91cae2e9470e12ce435ed):
2025-10-11 18:47:14,383 - routes.properties - INFO -   - Raw image_urls from DB: ['/uploads/properties/68e91cae2e9470e12ce435ed_e3fa12c61a184f7fb50322450c82cc36.jpg']
2025-10-11 18:47:14,383 - routes.properties - INFO -   - Type of image_urls: <class 'list'>
2025-10-11 18:47:14,383 - routes.properties - INFO -   - Number of images: 1
2025-10-11 18:47:14,383 - routes.properties - INFO -     Image 0: /uploads/properties/68e91cae2e9470e12ce435ed_e3fa12c61a184f7fb50322450c82cc36.jpg -> http://localhost:8000/uploads/properties/68e91cae2e9470e12ce435ed_e3fa12c61a184f7fb50322450c82cc36.jpg
2025-10-11 18:47:14,383 - routes.properties - INFO -   - Photos count in DB: 1
2025-10-11 18:47:14,383 - routes.properties - INFO - Property 'asdfghjkl' (ID: 68e93de7c7eb04da4a5cdf52):
2025-10-11 18:47:14,383 - routes.properties - INFO -   - Raw image_urls from DB: ['/uploads/properties/68e93de7c7eb04da4a5cdf52_7ca12139b9fa471b9c0bcaa3e0786d8a.jpg']
2025-10-11 18:47:14,383 - routes.properties - INFO -   - Type of image_urls: <class 'list'>
2025-10-11 18:47:14,383 - routes.properties - INFO -   - Number of images: 1
2025-10-11 18:47:14,383 - routes.properties - INFO -     Image 0: /uploads/properties/68e93de7c7eb04da4a5cdf52_7ca12139b9fa471b9c0bcaa3e0786d8a.jpg -> http://localhost:8000/uploads/properties/68e93de7c7eb04da4a5cdf52_7ca12139b9fa471b9c0bcaa3e0786d8a.jpg
2025-10-11 18:47:14,383 - routes.properties - INFO -   - Photos count in DB: 1
2025-10-11 18:47:14,383 - routes.properties - INFO - Property 'wonderful property' (ID: 68ea311081859ebfcc9ecbf9):
2025-10-11 18:47:14,383 - routes.properties - INFO -   - Raw image_urls from DB: ['/uploads/properties/68ea311081859ebfcc9ecbf9_5725302a5dc54a52ae21a988d90da938.jpg']
2025-10-11 18:47:14,383 - routes.properties - INFO -   - Type of image_urls: <class 'list'>
2025-10-11 18:47:14,383 - routes.properties - INFO -   - Number of images: 1
2025-10-11 18:47:14,383 - routes.properties - INFO -     Image 0: /uploads/properties/68ea311081859ebfcc9ecbf9_5725302a5dc54a52ae21a988d90da938.jpg -> http://localhost:8000/uploads/properties/68ea311081859ebfcc9ecbf9_5725302a5dc54a52ae21a988d90da938.jpg
2025-10-11 18:47:14,383 - routes.properties - INFO -   - Photos count in DB: 1
2025-10-11 18:47:14,429 - routes.properties - INFO - GET /properties/user/my-properties - Getting user's properties
2025-10-11 18:47:14,429 - routes.properties - INFO - Role verification - User: ram@gmail.com, Role: seller, Authorized: True
2025-10-11 18:47:14,429 - routes.properties - INFO - Fetching properties for user: ram@gmail.com (ID: 68e7b3fc28055f8855e8398c)
2025-10-11 18:47:14,473 - routes.properties - INFO - Found 9 properties for user 68e7b3fc28055f8855e8398c
2025-10-11 18:47:14,473 - routes.properties - INFO - Property 'aradhanini' (ID: 68e7b4fe28055f8855e8398d):
2025-10-11 18:47:14,473 - routes.properties - INFO -   - Raw image_urls from DB: None
2025-10-11 18:47:14,473 - routes.properties - INFO -   - Type of image_urls: <class 'NoneType'>
2025-10-11 18:47:14,474 - routes.properties - INFO -   - No image_urls field; initialized to empty list
2025-10-11 18:47:14,474 - routes.properties - INFO -   - Number of images: 0
2025-10-11 18:47:14,474 - routes.properties - INFO -   - Photos count in DB: 0
2025-10-11 18:47:14,474 - routes.properties - INFO - Property 'rameshwaram rameshwaram rameshwaram rameshwaram' (ID: 68e7b9bf28055f8855e8398e):
2025-10-11 18:47:14,474 - routes.properties - INFO -   - Raw image_urls from DB: None
2025-10-11 18:47:14,474 - routes.properties - INFO -   - Type of image_urls: <class 'NoneType'>
2025-10-11 18:47:14,474 - routes.properties - INFO -   - No image_urls field; initialized to empty list
2025-10-11 18:47:14,474 - routes.properties - INFO -   - Number of images: 0
2025-10-11 18:47:14,474 - routes.properties - INFO -   - Photos count in DB: 0
2025-10-11 18:47:14,474 - routes.properties - INFO - Property 'rameshwaram rameshwaram rameshwaram rameshwaram' (ID: 68e7bb2028055f8855e8398f):
2025-10-11 18:47:14,474 - routes.properties - INFO -   - Raw image_urls from DB: None
2025-10-11 18:47:14,474 - routes.properties - INFO -   - Type of image_urls: <class 'NoneType'>
2025-10-11 18:47:14,474 - routes.properties - INFO -   - No image_urls field; initialized to empty list
2025-10-11 18:47:14,474 - routes.properties - INFO -   - Number of images: 0
2025-10-11 18:47:14,474 - routes.properties - INFO -   - Photos count in DB: 0
2025-10-11 18:47:14,474 - routes.properties - INFO - Property 'Luxury 3 BHK Apartment' (ID: 68e8f56a31e9ca37a6773743):
2025-10-11 18:47:14,474 - routes.properties - INFO -   - Raw image_urls from DB: []
2025-10-11 18:47:14,474 - routes.properties - INFO -   - Type of image_urls: <class 'list'>
2025-10-11 18:47:14,474 - routes.properties - INFO -   - Number of images: 0
2025-10-11 18:47:14,474 - routes.properties - INFO -   - Photos count in DB: 0
2025-10-11 18:47:14,474 - routes.properties - INFO - Property 'Luxury 1 BHK Apartment' (ID: 68e8fa13e80e07cd9d303b22):
2025-10-11 18:47:14,474 - routes.properties - INFO -   - Raw image_urls from DB: []
2025-10-11 18:47:14,474 - routes.properties - INFO -   - Type of image_urls: <class 'list'>
2025-10-11 18:47:14,474 - routes.properties - INFO -   - Number of images: 0
2025-10-11 18:47:14,474 - routes.properties - INFO -   - Photos count in DB: 0
2025-10-11 18:47:14,474 - routes.properties - INFO - Property '6 bhk apartment' (ID: 68e907542e9470e12ce435ec):
2025-10-11 18:47:14,474 - routes.properties - INFO -   - Raw image_urls from DB: ['/uploads/properties/68e907542e9470e12ce435ec_bebf826a65a1496580895c380e490382.jpg']
2025-10-11 18:47:14,474 - routes.properties - INFO -   - Type of image_urls: <class 'list'>
2025-10-11 18:47:14,474 - routes.properties - INFO -   - Number of images: 1
2025-10-11 18:47:14,474 - routes.properties - INFO -     Image 0: /uploads/properties/68e907542e9470e12ce435ec_bebf826a65a1496580895c380e490382.jpg -> http://localhost:8000/uploads/properties/68e907542e9470e12ce435ec_bebf826a65a1496580895c380e490382.jpg
2025-10-11 18:47:14,474 - routes.properties - INFO -   - Photos count in DB: 1
2025-10-11 18:47:14,474 - routes.properties - INFO - Property 'beautiful 1 bhk house' (ID: 68e91cae2e9470e12ce435ed):
2025-10-11 18:47:14,475 - routes.properties - INFO -   - Raw image_urls from DB: ['/uploads/properties/68e91cae2e9470e12ce435ed_e3fa12c61a184f7fb50322450c82cc36.jpg']
2025-10-11 18:47:14,475 - routes.properties - INFO -   - Type of image_urls: <class 'list'>
2025-10-11 18:47:14,475 - routes.properties - INFO -   - Number of images: 1
2025-10-11 18:47:14,475 - routes.properties - INFO -     Image 0: /uploads/properties/68e91cae2e9470e12ce435ed_e3fa12c61a184f7fb50322450c82cc36.jpg -> http://localhost:8000/uploads/properties/68e91cae2e9470e12ce435ed_e3fa12c61a184f7fb50322450c82cc36.jpg
2025-10-11 18:47:14,475 - routes.properties - INFO -   - Photos count in DB: 1
2025-10-11 18:47:14,475 - routes.properties - INFO - Property 'asdfghjkl' (ID: 68e93de7c7eb04da4a5cdf52):
2025-10-11 18:47:14,475 - routes.properties - INFO -   - Raw image_urls from DB: ['/uploads/properties/68e93de7c7eb04da4a5cdf52_7ca12139b9fa471b9c0bcaa3e0786d8a.jpg']
2025-10-11 18:47:14,475 - routes.properties - INFO -   - Type of image_urls: <class 'list'>
2025-10-11 18:47:14,475 - routes.properties - INFO -   - Number of images: 1
2025-10-11 18:47:14,475 - routes.properties - INFO -     Image 0: /uploads/properties/68e93de7c7eb04da4a5cdf52_7ca12139b9fa471b9c0bcaa3e0786d8a.jpg -> http://localhost:8000/uploads/properties/68e93de7c7eb04da4a5cdf52_7ca12139b9fa471b9c0bcaa3e0786d8a.jpg
2025-10-11 18:47:14,475 - routes.properties - INFO -   - Photos count in DB: 1
2025-10-11 18:47:14,475 - routes.properties - INFO - Property 'wonderful property' (ID: 68ea311081859ebfcc9ecbf9):
2025-10-11 18:47:14,475 - routes.properties - INFO -   - Raw image_urls from DB: ['/uploads/properties/68ea311081859ebfcc9ecbf9_5725302a5dc54a52ae21a988d90da938.jpg']
2025-10-11 18:47:14,475 - routes.properties - INFO -   - Type of image_urls: <class 'list'>
2025-10-11 18:47:14,475 - routes.properties - INFO -   - Number of images: 1
2025-10-11 18:47:14,475 - routes.properties - INFO -     Image 0: /uploads/properties/68ea311081859ebfcc9ecbf9_5725302a5dc54a52ae21a988d90da938.jpg -> http://localhost:8000/uploads/properties/68ea311081859ebfcc9ecbf9_5725302a5dc54a52ae21a988d90da938.jpg
2025-10-11 18:47:14,475 - routes.properties - INFO -   - Photos count in DB: 1
2025-10-11 18:47:16,508 - routes.properties - INFO - GET /properties/trending/featured - Getting featured properties
2025-10-11 18:47:16,566 - routes.properties - INFO - Found 4 featured properties
2025-10-11 18:47:16,568 - routes.properties - INFO - GET /properties/trending/featured - Getting featured properties
2025-10-11 18:47:16,628 - routes.properties - INFO - Found 4 featured properties
2025-10-11 18:49:02,920 - routes.properties - INFO - GET /properties/trending/featured - Getting featured properties
2025-10-11 18:49:02,968 - routes.properties - INFO - Found 4 featured properties
2025-10-11 18:49:02,970 - routes.properties - INFO - GET /properties/trending/featured - Getting featured properties
2025-10-11 18:49:03,014 - routes.properties - INFO - Found 4 featured properties
2025-10-11 18:52:53,018 - routes.properties - INFO - GET /properties/trending/featured - Getting featured properties
2025-10-11 18:52:53,064 - routes.properties - INFO - Found 4 featured properties
2025-10-11 18:52:53,068 - routes.properties - INFO - GET /properties/trending/featured - Getting featured properties
2025-10-11 18:52:53,111 - routes.properties - INFO - Found 4 featured properties
2025-10-11 18:53:13,307 - routes.auth - INFO - POST /auth/login - Login attempt
2025-10-11 18:53:13,307 - routes.auth - INFO - Login attempt - Email: arjun@gmail.com
2025-10-11 18:53:13,354 - routes.auth - WARNING - Login failed - User not found: arjun@gmail.com
2025-10-11 18:53:13,354 - routes.auth - WARNING - HTTPException during login
2025-10-11 18:53:34,982 - routes.auth - INFO - POST /auth/register - User registration attempt
2025-10-11 18:53:34,982 - routes.auth - INFO - Registration attempt - Name: arjun, Email: arjun@gmail.com, Role: buyer
2025-10-11 18:53:35,249 - routes.auth - INFO - Password hashed successfully
2025-10-11 18:53:35,315 - routes.auth - INFO - User registered successfully - ID: 68ea5a5781859ebfcc9ecbfa, Email: arjun@gmail.com, Role: buyer
2025-10-11 18:54:06,263 - routes.auth - INFO - POST /auth/register - User registration attempt
2025-10-11 18:54:06,264 - routes.auth - INFO - Registration attempt - Name: arjun, Email: arjun@gmail.com, Role: buyer
2025-10-11 18:54:06,313 - routes.auth - WARNING - Registration failed - Email already exists: arjun@gmail.com
2025-10-11 18:54:06,313 - routes.auth - WARNING - HTTPException during registration
2025-10-11 18:54:12,644 - routes.auth - INFO - POST /auth/register - User registration attempt
2025-10-11 18:54:12,644 - routes.auth - INFO - Registration attempt - Name: arjun, Email: arjun1@gmail.com, Role: buyer
2025-10-11 18:54:12,924 - routes.auth - INFO - Password hashed successfully
2025-10-11 18:54:12,973 - routes.auth - INFO - User registered successfully - ID: 68ea5a7c81859ebfcc9ecbfb, Email: arjun1@gmail.com, Role: buyer
2025-10-11 18:54:15,415 - routes.properties - INFO - GET /properties/trending/featured - Getting featured properties
2025-10-11 18:54:15,461 - routes.properties - INFO - Found 4 featured properties
2025-10-11 18:54:15,463 - routes.properties - INFO - GET /properties/trending/featured - Getting featured properties
2025-10-11 18:54:15,507 - routes.properties - INFO - Found 4 featured properties
2025-10-11 18:54:41,135 - routes.auth - INFO - POST /auth/login - Login attempt
2025-10-11 18:54:41,135 - routes.auth - INFO - Login attempt - Email: arjun1@gmail.com
2025-10-11 18:54:41,406 - routes.auth - INFO - Login successful - Email: arjun1@gmail.com, Role: buyer
2025-10-11 18:54:43,484 - routes.properties - INFO - GET /properties/trending/featured - Getting featured properties
2025-10-11 18:54:43,531 - routes.properties - INFO - Found 4 featured properties
2025-10-11 18:54:43,533 - routes.properties - INFO - GET /properties/trending/featured - Getting featured properties
2025-10-11 18:54:43,577 - routes.properties - INFO - Found 4 featured properties
2025-10-11 19:26:52,911 - routes.properties - INFO - GET /properties/trending/featured - Getting featured properties
2025-10-11 19:26:54,056 - routes.properties - INFO - Found 4 featured properties
2025-10-11 19:26:54,061 - routes.properties - INFO - GET /properties/trending/featured - Getting featured properties
2025-10-11 19:26:54,234 - routes.properties - INFO - Found 4 featured properties
2025-10-11 21:21:12,865 - routes.properties - INFO - GET /properties/trending/featured - Getting featured properties
2025-10-11 21:21:13,188 - routes.properties - INFO - Found 4 featured properties
2025-10-11 21:21:13,195 - routes.properties - INFO - GET /properties/trending/featured - Getting featured properties
2025-10-11 21:21:13,235 - routes.properties - INFO - Found 4 featured properties
2025-10-11 21:21:16,158 - routes.properties - INFO - GET /properties/trending/featured - Getting featured properties
2025-10-11 21:21:16,200 - routes.properties - INFO - Found 4 featured properties
2025-10-11 21:21:16,201 - routes.properties - INFO - GET /properties/trending/featured - Getting featured properties
2025-10-11 21:21:16,239 - routes.properties - INFO - Found 4 featured properties
2025-10-11 21:21:42,093 - routes.properties - INFO - GET /properties/trending/featured - Getting featured properties
2025-10-11 21:21:42,136 - routes.properties - INFO - Found 4 featured properties
2025-10-11 21:21:42,143 - routes.properties - INFO - GET /properties/trending/featured - Getting featured properties
2025-10-11 21:21:42,184 - routes.properties - INFO - Found 4 featured properties
2025-10-11 21:22:05,175 - routes.auth - INFO - POST /auth/login - Login attempt
2025-10-11 21:22:05,175 - routes.auth - INFO - Login attempt - Email: arjun1@gmail.com
2025-10-11 21:22:05,442 - routes.auth - INFO - Login successful - Email: arjun1@gmail.com, Role: buyer
2025-10-11 21:22:07,864 - routes.properties - INFO - GET /properties/trending/featured - Getting featured properties
2025-10-11 21:22:07,907 - routes.properties - INFO - Found 4 featured properties
2025-10-11 21:22:07,908 - routes.properties - INFO - GET /properties/trending/featured - Getting featured properties
2025-10-11 21:22:07,945 - routes.properties - INFO - Found 4 featured properties
2025-10-11 21:36:11,427 - routes.properties - INFO - GET /properties/trending/featured - Getting featured properties
2025-10-11 21:36:11,469 - routes.properties - INFO - Found 4 featured properties
2025-10-11 21:36:11,476 - routes.properties - INFO - GET /properties/trending/featured - Getting featured properties
2025-10-11 21:36:11,515 - routes.properties - INFO - Found 4 featured properties
2025-10-11 22:00:29,225 - routes.auth - INFO - POST /auth/login - Login attempt
2025-10-11 22:00:29,225 - routes.auth - INFO - Login attempt - Email: arjun1@gmail.com
2025-10-11 22:00:29,750 - routes.auth - INFO - Login successful - Email: arjun1@gmail.com, Role: buyer
2025-10-11 22:04:13,159 - routes.properties - INFO - GET /properties/trending/featured - Getting featured properties
2025-10-11 22:04:13,201 - routes.properties - INFO - Found 4 featured properties
2025-10-11 22:04:13,203 - routes.properties - INFO - GET /properties/trending/featured - Getting featured properties
2025-10-11 22:04:13,239 - routes.properties - INFO - Found 4 featured properties
2025-10-12 00:03:45,128 - routes.properties - INFO - GET /properties/trending/featured - Getting featured properties
2025-10-12 00:03:45,424 - routes.properties - INFO - Found 4 featured properties
2025-10-12 00:03:45,428 - routes.properties - INFO - GET /properties/trending/featured - Getting featured properties
2025-10-12 00:03:45,466 - routes.properties - INFO - Found 4 featured properties
2025-10-12 00:05:21,308 - routes.properties - INFO - GET /properties/trending/featured - Getting featured properties
2025-10-12 00:05:21,347 - routes.properties - INFO - Found 4 featured properties
2025-10-12 00:05:21,350 - routes.properties - INFO - GET /properties/trending/featured - Getting featured properties
2025-10-12 00:05:21,390 - routes.properties - INFO - Found 4 featured properties
2025-10-12 00:06:54,149 - routes.auth - INFO - POST /auth/login - Login attempt
2025-10-12 00:06:54,150 - routes.auth - INFO - Login attempt - Email: ram@gmail.com
2025-10-12 00:06:54,430 - routes.auth - INFO - Login successful - Email: ram@gmail.com, Role: seller
2025-10-12 00:06:58,064 - routes.properties - INFO - GET /properties/trending/featured - Getting featured properties
2025-10-12 00:06:58,101 - routes.properties - INFO - Found 4 featured properties
2025-10-12 00:06:58,103 - routes.properties - INFO - GET /properties/trending/featured - Getting featured properties
2025-10-12 00:06:58,142 - routes.properties - INFO - Found 4 featured properties
2025-10-12 00:07:04,658 - routes.properties - INFO - GET /properties/user/my-properties - Getting user's properties
2025-10-12 00:07:04,658 - routes.properties - INFO - Role verification - User: ram@gmail.com, Role: seller, Authorized: True
2025-10-12 00:07:04,658 - routes.properties - INFO - Fetching properties for user: ram@gmail.com (ID: 68e7b3fc28055f8855e8398c)
2025-10-12 00:07:04,696 - routes.properties - INFO - Found 9 properties for user 68e7b3fc28055f8855e8398c
2025-10-12 00:07:04,696 - routes.properties - INFO - Property 'aradhanini' (ID: 68e7b4fe28055f8855e8398d):
2025-10-12 00:07:04,696 - routes.properties - INFO -   - Raw image_urls from DB: None
2025-10-12 00:07:04,696 - routes.properties - INFO -   - Type of image_urls: <class 'NoneType'>
2025-10-12 00:07:04,696 - routes.properties - INFO -   - No image_urls field; initialized to empty list
2025-10-12 00:07:04,696 - routes.properties - INFO -   - Number of images: 0
2025-10-12 00:07:04,696 - routes.properties - INFO -   - Photos count in DB: 0
2025-10-12 00:07:04,696 - routes.properties - INFO - Property 'rameshwaram rameshwaram rameshwaram rameshwaram' (ID: 68e7b9bf28055f8855e8398e):
2025-10-12 00:07:04,696 - routes.properties - INFO -   - Raw image_urls from DB: None
2025-10-12 00:07:04,696 - routes.properties - INFO -   - Type of image_urls: <class 'NoneType'>
2025-10-12 00:07:04,696 - routes.properties - INFO -   - No image_urls field; initialized to empty list
2025-10-12 00:07:04,697 - routes.properties - INFO -   - Number of images: 0
2025-10-12 00:07:04,697 - routes.properties - INFO -   - Photos count in DB: 0
2025-10-12 00:07:04,697 - routes.properties - INFO - Property 'rameshwaram rameshwaram rameshwaram rameshwaram' (ID: 68e7bb2028055f8855e8398f):
2025-10-12 00:07:04,697 - routes.properties - INFO -   - Raw image_urls from DB: None
2025-10-12 00:07:04,697 - routes.properties - INFO -   - Type of image_urls: <class 'NoneType'>
2025-10-12 00:07:04,697 - routes.properties - INFO -   - No image_urls field; initialized to empty list
2025-10-12 00:07:04,697 - routes.properties - INFO -   - Number of images: 0
2025-10-12 00:07:04,697 - routes.properties - INFO -   - Photos count in DB: 0
2025-10-12 00:07:04,697 - routes.properties - INFO - Property 'Luxury 3 BHK Apartment' (ID: 68e8f56a31e9ca37a6773743):
2025-10-12 00:07:04,697 - routes.properties - INFO -   - Raw image_urls from DB: []
2025-10-12 00:07:04,697 - routes.properties - INFO -   - Type of image_urls: <class 'list'>
2025-10-12 00:07:04,697 - routes.properties - INFO -   - Number of images: 0
2025-10-12 00:07:04,697 - routes.properties - INFO -   - Photos count in DB: 0
2025-10-12 00:07:04,697 - routes.properties - INFO - Property 'Luxury 1 BHK Apartment' (ID: 68e8fa13e80e07cd9d303b22):
2025-10-12 00:07:04,697 - routes.properties - INFO -   - Raw image_urls from DB: []
2025-10-12 00:07:04,697 - routes.properties - INFO -   - Type of image_urls: <class 'list'>
2025-10-12 00:07:04,697 - routes.properties - INFO -   - Number of images: 0
2025-10-12 00:07:04,697 - routes.properties - INFO -   - Photos count in DB: 0
2025-10-12 00:07:04,697 - routes.properties - INFO - Property '6 bhk apartment' (ID: 68e907542e9470e12ce435ec):
2025-10-12 00:07:04,697 - routes.properties - INFO -   - Raw image_urls from DB: ['/uploads/properties/68e907542e9470e12ce435ec_bebf826a65a1496580895c380e490382.jpg']
2025-10-12 00:07:04,697 - routes.properties - INFO -   - Type of image_urls: <class 'list'>
2025-10-12 00:07:04,697 - routes.properties - INFO -   - Number of images: 1
2025-10-12 00:07:04,697 - routes.properties - INFO -     Image 0: /uploads/properties/68e907542e9470e12ce435ec_bebf826a65a1496580895c380e490382.jpg -> http://localhost:8000/uploads/properties/68e907542e9470e12ce435ec_bebf826a65a1496580895c380e490382.jpg
2025-10-12 00:07:04,697 - routes.properties - INFO -   - Photos count in DB: 1
2025-10-12 00:07:04,697 - routes.properties - INFO - Property 'beautiful 1 bhk house' (ID: 68e91cae2e9470e12ce435ed):
2025-10-12 00:07:04,697 - routes.properties - INFO -   - Raw image_urls from DB: ['/uploads/properties/68e91cae2e9470e12ce435ed_e3fa12c61a184f7fb50322450c82cc36.jpg']
2025-10-12 00:07:04,697 - routes.properties - INFO -   - Type of image_urls: <class 'list'>
2025-10-12 00:07:04,697 - routes.properties - INFO -   - Number of images: 1
2025-10-12 00:07:04,697 - routes.properties - INFO -     Image 0: /uploads/properties/68e91cae2e9470e12ce435ed_e3fa12c61a184f7fb50322450c82cc36.jpg -> http://localhost:8000/uploads/properties/68e91cae2e9470e12ce435ed_e3fa12c61a184f7fb50322450c82cc36.jpg
2025-10-12 00:07:04,697 - routes.properties - INFO -   - Photos count in DB: 1
2025-10-12 00:07:04,697 - routes.properties - INFO - Property 'asdfghjkl' (ID: 68e93de7c7eb04da4a5cdf52):
2025-10-12 00:07:04,697 - routes.properties - INFO -   - Raw image_urls from DB: ['/uploads/properties/68e93de7c7eb04da4a5cdf52_7ca12139b9fa471b9c0bcaa3e0786d8a.jpg']
2025-10-12 00:07:04,697 - routes.properties - INFO -   - Type of image_urls: <class 'list'>
2025-10-12 00:07:04,697 - routes.properties - INFO -   - Number of images: 1
2025-10-12 00:07:04,697 - routes.properties - INFO -     Image 0: /uploads/properties/68e93de7c7eb04da4a5cdf52_7ca12139b9fa471b9c0bcaa3e0786d8a.jpg -> http://localhost:8000/uploads/properties/68e93de7c7eb04da4a5cdf52_7ca12139b9fa471b9c0bcaa3e0786d8a.jpg
2025-10-12 00:07:04,697 - routes.properties - INFO -   - Photos count in DB: 1
2025-10-12 00:07:04,697 - routes.properties - INFO - Property 'wonderful property' (ID: 68ea311081859ebfcc9ecbf9):
2025-10-12 00:07:04,697 - routes.properties - INFO -   - Raw image_urls from DB: ['/uploads/properties/68ea311081859ebfcc9ecbf9_5725302a5dc54a52ae21a988d90da938.jpg']
2025-10-12 00:07:04,697 - routes.properties - INFO -   - Type of image_urls: <class 'list'>
2025-10-12 00:07:04,697 - routes.properties - INFO -   - Number of images: 1
2025-10-12 00:07:04,697 - routes.properties - INFO -     Image 0: /uploads/properties/68ea311081859ebfcc9ecbf9_5725302a5dc54a52ae21a988d90da938.jpg -> http://localhost:8000/uploads/properties/68ea311081859ebfcc9ecbf9_5725302a5dc54a52ae21a988d90da938.jpg
2025-10-12 00:07:04,697 - routes.properties - INFO -   - Photos count in DB: 1
2025-10-12 00:07:04,739 - routes.properties - INFO - GET /properties/user/my-properties - Getting user's properties
2025-10-12 00:07:04,739 - routes.properties - INFO - Role verification - User: ram@gmail.com, Role: seller, Authorized: True
2025-10-12 00:07:04,739 - routes.properties - INFO - Fetching properties for user: ram@gmail.com (ID: 68e7b3fc28055f8855e8398c)
2025-10-12 00:07:04,777 - routes.properties - INFO - Found 9 properties for user 68e7b3fc28055f8855e8398c
2025-10-12 00:07:04,777 - routes.properties - INFO - Property 'aradhanini' (ID: 68e7b4fe28055f8855e8398d):
2025-10-12 00:07:04,777 - routes.properties - INFO -   - Raw image_urls from DB: None
2025-10-12 00:07:04,777 - routes.properties - INFO -   - Type of image_urls: <class 'NoneType'>
2025-10-12 00:07:04,777 - routes.properties - INFO -   - No image_urls field; initialized to empty list
2025-10-12 00:07:04,777 - routes.properties - INFO -   - Number of images: 0
2025-10-12 00:07:04,777 - routes.properties - INFO -   - Photos count in DB: 0
2025-10-12 00:07:04,777 - routes.properties - INFO - Property 'rameshwaram rameshwaram rameshwaram rameshwaram' (ID: 68e7b9bf28055f8855e8398e):
2025-10-12 00:07:04,777 - routes.properties - INFO -   - Raw image_urls from DB: None
2025-10-12 00:07:04,777 - routes.properties - INFO -   - Type of image_urls: <class 'NoneType'>
2025-10-12 00:07:04,777 - routes.properties - INFO -   - No image_urls field; initialized to empty list
2025-10-12 00:07:04,777 - routes.properties - INFO -   - Number of images: 0
2025-10-12 00:07:04,777 - routes.properties - INFO -   - Photos count in DB: 0
2025-10-12 00:07:04,777 - routes.properties - INFO - Property 'rameshwaram rameshwaram rameshwaram rameshwaram' (ID: 68e7bb2028055f8855e8398f):
2025-10-12 00:07:04,777 - routes.properties - INFO -   - Raw image_urls from DB: None
2025-10-12 00:07:04,777 - routes.properties - INFO -   - Type of image_urls: <class 'NoneType'>
2025-10-12 00:07:04,777 - routes.properties - INFO -   - No image_urls field; initialized to empty list
2025-10-12 00:07:04,777 - routes.properties - INFO -   - Number of images: 0
2025-10-12 00:07:04,778 - routes.properties - INFO -   - Photos count in DB: 0
2025-10-12 00:07:04,778 - routes.properties - INFO - Property 'Luxury 3 BHK Apartment' (ID: 68e8f56a31e9ca37a6773743):
2025-10-12 00:07:04,778 - routes.properties - INFO -   - Raw image_urls from DB: []
2025-10-12 00:07:04,778 - routes.properties - INFO -   - Type of image_urls: <class 'list'>
2025-10-12 00:07:04,778 - routes.properties - INFO -   - Number of images: 0
2025-10-12 00:07:04,778 - routes.properties - INFO -   - Photos count in DB: 0
2025-10-12 00:07:04,778 - routes.properties - INFO - Property 'Luxury 1 BHK Apartment' (ID: 68e8fa13e80e07cd9d303b22):
2025-10-12 00:07:04,778 - routes.properties - INFO -   - Raw image_urls from DB: []
2025-10-12 00:07:04,778 - routes.properties - INFO -   - Type of image_urls: <class 'list'>
2025-10-12 00:07:04,778 - routes.properties - INFO -   - Number of images: 0
2025-10-12 00:07:04,778 - routes.properties - INFO -   - Photos count in DB: 0
2025-10-12 00:07:04,778 - routes.properties - INFO - Property '6 bhk apartment' (ID: 68e907542e9470e12ce435ec):
2025-10-12 00:07:04,778 - routes.properties - INFO -   - Raw image_urls from DB: ['/uploads/properties/68e907542e9470e12ce435ec_bebf826a65a1496580895c380e490382.jpg']
2025-10-12 00:07:04,778 - routes.properties - INFO -   - Type of image_urls: <class 'list'>
2025-10-12 00:07:04,778 - routes.properties - INFO -   - Number of images: 1
2025-10-12 00:07:04,778 - routes.properties - INFO -     Image 0: /uploads/properties/68e907542e9470e12ce435ec_bebf826a65a1496580895c380e490382.jpg -> http://localhost:8000/uploads/properties/68e907542e9470e12ce435ec_bebf826a65a1496580895c380e490382.jpg
2025-10-12 00:07:04,778 - routes.properties - INFO -   - Photos count in DB: 1
2025-10-12 00:07:04,778 - routes.properties - INFO - Property 'beautiful 1 bhk house' (ID: 68e91cae2e9470e12ce435ed):
2025-10-12 00:07:04,778 - routes.properties - INFO -   - Raw image_urls from DB: ['/uploads/properties/68e91cae2e9470e12ce435ed_e3fa12c61a184f7fb50322450c82cc36.jpg']
2025-10-12 00:07:04,778 - routes.properties - INFO -   - Type of image_urls: <class 'list'>
2025-10-12 00:07:04,778 - routes.properties - INFO -   - Number of images: 1
2025-10-12 00:07:04,778 - routes.properties - INFO -     Image 0: /uploads/properties/68e91cae2e9470e12ce435ed_e3fa12c61a184f7fb50322450c82cc36.jpg -> http://localhost:8000/uploads/properties/68e91cae2e9470e12ce435ed_e3fa12c61a184f7fb50322450c82cc36.jpg
2025-10-12 00:07:04,778 - routes.properties - INFO -   - Photos count in DB: 1
2025-10-12 00:07:04,778 - routes.properties - INFO - Property 'asdfghjkl' (ID: 68e93de7c7eb04da4a5cdf52):
2025-10-12 00:07:04,778 - routes.properties - INFO -   - Raw image_urls from DB: ['/uploads/properties/68e93de7c7eb04da4a5cdf52_7ca12139b9fa471b9c0bcaa3e0786d8a.jpg']
2025-10-12 00:07:04,778 - routes.properties - INFO -   - Type of image_urls: <class 'list'>
2025-10-12 00:07:04,778 - routes.properties - INFO -   - Number of images: 1
2025-10-12 00:07:04,778 - routes.properties - INFO -     Image 0: /uploads/properties/68e93de7c7eb04da4a5cdf52_7ca12139b9fa471b9c0bcaa3e0786d8a.jpg -> http://localhost:8000/uploads/properties/68e93de7c7eb04da4a5cdf52_7ca12139b9fa471b9c0bcaa3e0786d8a.jpg
2025-10-12 00:07:04,778 - routes.properties - INFO -   - Photos count in DB: 1
2025-10-12 00:07:04,778 - routes.properties - INFO - Property 'wonderful property' (ID: 68ea311081859ebfcc9ecbf9):
2025-10-12 00:07:04,778 - routes.properties - INFO -   - Raw image_urls from DB: ['/uploads/properties/68ea311081859ebfcc9ecbf9_5725302a5dc54a52ae21a988d90da938.jpg']
2025-10-12 00:07:04,778 - routes.properties - INFO -   - Type of image_urls: <class 'list'>
2025-10-12 00:07:04,778 - routes.properties - INFO -   - Number of images: 1
2025-10-12 00:07:04,778 - routes.properties - INFO -     Image 0: /uploads/properties/68ea311081859ebfcc9ecbf9_5725302a5dc54a52ae21a988d90da938.jpg -> http://localhost:8000/uploads/properties/68ea311081859ebfcc9ecbf9_5725302a5dc54a52ae21a988d90da938.jpg
2025-10-12 00:07:04,778 - routes.properties - INFO -   - Photos count in DB: 1
2025-10-12 00:15:22,590 - routes.properties - INFO - GET /properties/user/my-properties - Getting user's properties
2025-10-12 00:15:22,591 - routes.properties - INFO - Role verification - User: ram@gmail.com, Role: seller, Authorized: True
2025-10-12 00:15:22,591 - routes.properties - INFO - Fetching properties for user: ram@gmail.com (ID: 68e7b3fc28055f8855e8398c)
2025-10-12 00:15:22,691 - routes.properties - INFO - Found 9 properties for user 68e7b3fc28055f8855e8398c
2025-10-12 00:15:22,692 - routes.properties - INFO - Property 'aradhanini' (ID: 68e7b4fe28055f8855e8398d):
2025-10-12 00:15:22,692 - routes.properties - INFO -   - Raw image_urls from DB: None
2025-10-12 00:15:22,692 - routes.properties - INFO -   - Type of image_urls: <class 'NoneType'>
2025-10-12 00:15:22,692 - routes.properties - INFO -   - No image_urls field; initialized to empty list
2025-10-12 00:15:22,692 - routes.properties - INFO -   - Number of images: 0
2025-10-12 00:15:22,692 - routes.properties - INFO -   - Photos count in DB: 0
2025-10-12 00:15:22,692 - routes.properties - INFO - Property 'rameshwaram rameshwaram rameshwaram rameshwaram' (ID: 68e7b9bf28055f8855e8398e):
2025-10-12 00:15:22,692 - routes.properties - INFO -   - Raw image_urls from DB: None
2025-10-12 00:15:22,692 - routes.properties - INFO -   - Type of image_urls: <class 'NoneType'>
2025-10-12 00:15:22,692 - routes.properties - INFO -   - No image_urls field; initialized to empty list
2025-10-12 00:15:22,692 - routes.properties - INFO -   - Number of images: 0
2025-10-12 00:15:22,692 - routes.properties - INFO -   - Photos count in DB: 0
2025-10-12 00:15:22,692 - routes.properties - INFO - Property 'rameshwaram rameshwaram rameshwaram rameshwaram' (ID: 68e7bb2028055f8855e8398f):
2025-10-12 00:15:22,692 - routes.properties - INFO -   - Raw image_urls from DB: None
2025-10-12 00:15:22,692 - routes.properties - INFO -   - Type of image_urls: <class 'NoneType'>
2025-10-12 00:15:22,692 - routes.properties - INFO -   - No image_urls field; initialized to empty list
2025-10-12 00:15:22,692 - routes.properties - INFO -   - Number of images: 0
2025-10-12 00:15:22,692 - routes.properties - INFO -   - Photos count in DB: 0
2025-10-12 00:15:22,692 - routes.properties - INFO - Property 'Luxury 3 BHK Apartment' (ID: 68e8f56a31e9ca37a6773743):
2025-10-12 00:15:22,692 - routes.properties - INFO -   - Raw image_urls from DB: []
2025-10-12 00:15:22,692 - routes.properties - INFO -   - Type of image_urls: <class 'list'>
2025-10-12 00:15:22,692 - routes.properties - INFO -   - Number of images: 0
2025-10-12 00:15:22,692 - routes.properties - INFO -   - Photos count in DB: 0
2025-10-12 00:15:22,692 - routes.properties - INFO - Property 'Luxury 1 BHK Apartment' (ID: 68e8fa13e80e07cd9d303b22):
2025-10-12 00:15:22,692 - routes.properties - INFO -   - Raw image_urls from DB: []
2025-10-12 00:15:22,692 - routes.properties - INFO -   - Type of image_urls: <class 'list'>
2025-10-12 00:15:22,692 - routes.properties - INFO -   - Number of images: 0
2025-10-12 00:15:22,692 - routes.properties - INFO -   - Photos count in DB: 0
2025-10-12 00:15:22,692 - routes.properties - INFO - Property '6 bhk apartment' (ID: 68e907542e9470e12ce435ec):
2025-10-12 00:15:22,692 - routes.properties - INFO -   - Raw image_urls from DB: ['/uploads/properties/68e907542e9470e12ce435ec_bebf826a65a1496580895c380e490382.jpg']
2025-10-12 00:15:22,692 - routes.properties - INFO -   - Type of image_urls: <class 'list'>
2025-10-12 00:15:22,692 - routes.properties - INFO -   - Number of images: 1
2025-10-12 00:15:22,692 - routes.properties - INFO -     Image 0: /uploads/properties/68e907542e9470e12ce435ec_bebf826a65a1496580895c380e490382.jpg -> http://localhost:8000/uploads/properties/68e907542e9470e12ce435ec_bebf826a65a1496580895c380e490382.jpg
2025-10-12 00:15:22,692 - routes.properties - INFO -   - Photos count in DB: 1
2025-10-12 00:15:22,692 - routes.properties - INFO - Property 'beautiful 1 bhk house' (ID: 68e91cae2e9470e12ce435ed):
2025-10-12 00:15:22,692 - routes.properties - INFO -   - Raw image_urls from DB: ['/uploads/properties/68e91cae2e9470e12ce435ed_e3fa12c61a184f7fb50322450c82cc36.jpg']
2025-10-12 00:15:22,692 - routes.properties - INFO -   - Type of image_urls: <class 'list'>
2025-10-12 00:15:22,692 - routes.properties - INFO -   - Number of images: 1
2025-10-12 00:15:22,692 - routes.properties - INFO -     Image 0: /uploads/properties/68e91cae2e9470e12ce435ed_e3fa12c61a184f7fb50322450c82cc36.jpg -> http://localhost:8000/uploads/properties/68e91cae2e9470e12ce435ed_e3fa12c61a184f7fb50322450c82cc36.jpg
2025-10-12 00:15:22,692 - routes.properties - INFO -   - Photos count in DB: 1
2025-10-12 00:15:22,692 - routes.properties - INFO - Property 'asdfghjkl' (ID: 68e93de7c7eb04da4a5cdf52):
2025-10-12 00:15:22,692 - routes.properties - INFO -   - Raw image_urls from DB: ['/uploads/properties/68e93de7c7eb04da4a5cdf52_7ca12139b9fa471b9c0bcaa3e0786d8a.jpg']
2025-10-12 00:15:22,692 - routes.properties - INFO -   - Type of image_urls: <class 'list'>
2025-10-12 00:15:22,692 - routes.properties - INFO -   - Number of images: 1
2025-10-12 00:15:22,692 - routes.properties - INFO -     Image 0: /uploads/properties/68e93de7c7eb04da4a5cdf52_7ca12139b9fa471b9c0bcaa3e0786d8a.jpg -> http://localhost:8000/uploads/properties/68e93de7c7eb04da4a5cdf52_7ca12139b9fa471b9c0bcaa3e0786d8a.jpg
2025-10-12 00:15:22,692 - routes.properties - INFO -   - Photos count in DB: 1
2025-10-12 00:15:22,692 - routes.properties - INFO - Property 'wonderful property' (ID: 68ea311081859ebfcc9ecbf9):
2025-10-12 00:15:22,692 - routes.properties - INFO -   - Raw image_urls from DB: ['/uploads/properties/68ea311081859ebfcc9ecbf9_5725302a5dc54a52ae21a988d90da938.jpg']
2025-10-12 00:15:22,692 - routes.properties - INFO -   - Type of image_urls: <class 'list'>
2025-10-12 00:15:22,692 - routes.properties - INFO -   - Number of images: 1
2025-10-12 00:15:22,692 - routes.properties - INFO -     Image 0: /uploads/properties/68ea311081859ebfcc9ecbf9_5725302a5dc54a52ae21a988d90da938.jpg -> http://localhost:8000/uploads/properties/68ea311081859ebfcc9ecbf9_5725302a5dc54a52ae21a988d90da938.jpg
2025-10-12 00:15:22,693 - routes.properties - INFO -   - Photos count in DB: 1
2025-10-12 00:15:22,734 - routes.properties - INFO - GET /properties/user/my-properties - Getting user's properties
2025-10-12 00:15:22,734 - routes.properties - INFO - Role verification - User: ram@gmail.com, Role: seller, Authorized: True
2025-10-12 00:15:22,734 - routes.properties - INFO - Fetching properties for user: ram@gmail.com (ID: 68e7b3fc28055f8855e8398c)
2025-10-12 00:15:22,770 - routes.properties - INFO - Found 9 properties for user 68e7b3fc28055f8855e8398c
2025-10-12 00:15:22,770 - routes.properties - INFO - Property 'aradhanini' (ID: 68e7b4fe28055f8855e8398d):
2025-10-12 00:15:22,770 - routes.properties - INFO -   - Raw image_urls from DB: None
2025-10-12 00:15:22,770 - routes.properties - INFO -   - Type of image_urls: <class 'NoneType'>
2025-10-12 00:15:22,771 - routes.properties - INFO -   - No image_urls field; initialized to empty list
2025-10-12 00:15:22,771 - routes.properties - INFO -   - Number of images: 0
2025-10-12 00:15:22,771 - routes.properties - INFO -   - Photos count in DB: 0
2025-10-12 00:15:22,771 - routes.properties - INFO - Property 'rameshwaram rameshwaram rameshwaram rameshwaram' (ID: 68e7b9bf28055f8855e8398e):
2025-10-12 00:15:22,771 - routes.properties - INFO -   - Raw image_urls from DB: None
2025-10-12 00:15:22,771 - routes.properties - INFO -   - Type of image_urls: <class 'NoneType'>
2025-10-12 00:15:22,771 - routes.properties - INFO -   - No image_urls field; initialized to empty list
2025-10-12 00:15:22,771 - routes.properties - INFO -   - Number of images: 0
2025-10-12 00:15:22,771 - routes.properties - INFO -   - Photos count in DB: 0
2025-10-12 00:15:22,771 - routes.properties - INFO - Property 'rameshwaram rameshwaram rameshwaram rameshwaram' (ID: 68e7bb2028055f8855e8398f):
2025-10-12 00:15:22,771 - routes.properties - INFO -   - Raw image_urls from DB: None
2025-10-12 00:15:22,771 - routes.properties - INFO -   - Type of image_urls: <class 'NoneType'>
2025-10-12 00:15:22,771 - routes.properties - INFO -   - No image_urls field; initialized to empty list
2025-10-12 00:15:22,771 - routes.properties - INFO -   - Number of images: 0
2025-10-12 00:15:22,771 - routes.properties - INFO -   - Photos count in DB: 0
2025-10-12 00:15:22,771 - routes.properties - INFO - Property 'Luxury 3 BHK Apartment' (ID: 68e8f56a31e9ca37a6773743):
2025-10-12 00:15:22,771 - routes.properties - INFO -   - Raw image_urls from DB: []
2025-10-12 00:15:22,771 - routes.properties - INFO -   - Type of image_urls: <class 'list'>
2025-10-12 00:15:22,771 - routes.properties - INFO -   - Number of images: 0
2025-10-12 00:15:22,771 - routes.properties - INFO -   - Photos count in DB: 0
2025-10-12 00:15:22,771 - routes.properties - INFO - Property 'Luxury 1 BHK Apartment' (ID: 68e8fa13e80e07cd9d303b22):
2025-10-12 00:15:22,771 - routes.properties - INFO -   - Raw image_urls from DB: []
2025-10-12 00:15:22,771 - routes.properties - INFO -   - Type of image_urls: <class 'list'>
2025-10-12 00:15:22,771 - routes.properties - INFO -   - Number of images: 0
2025-10-12 00:15:22,771 - routes.properties - INFO -   - Photos count in DB: 0
2025-10-12 00:15:22,771 - routes.properties - INFO - Property '6 bhk apartment' (ID: 68e907542e9470e12ce435ec):
2025-10-12 00:15:22,771 - routes.properties - INFO -   - Raw image_urls from DB: ['/uploads/properties/68e907542e9470e12ce435ec_bebf826a65a1496580895c380e490382.jpg']
2025-10-12 00:15:22,771 - routes.properties - INFO -   - Type of image_urls: <class 'list'>
2025-10-12 00:15:22,771 - routes.properties - INFO -   - Number of images: 1
2025-10-12 00:15:22,771 - routes.properties - INFO -     Image 0: /uploads/properties/68e907542e9470e12ce435ec_bebf826a65a1496580895c380e490382.jpg -> http://localhost:8000/uploads/properties/68e907542e9470e12ce435ec_bebf826a65a1496580895c380e490382.jpg
2025-10-12 00:15:22,771 - routes.properties - INFO -   - Photos count in DB: 1
2025-10-12 00:15:22,771 - routes.properties - INFO - Property 'beautiful 1 bhk house' (ID: 68e91cae2e9470e12ce435ed):
2025-10-12 00:15:22,771 - routes.properties - INFO -   - Raw image_urls from DB: ['/uploads/properties/68e91cae2e9470e12ce435ed_e3fa12c61a184f7fb50322450c82cc36.jpg']
2025-10-12 00:15:22,771 - routes.properties - INFO -   - Type of image_urls: <class 'list'>
2025-10-12 00:15:22,771 - routes.properties - INFO -   - Number of images: 1
2025-10-12 00:15:22,771 - routes.properties - INFO -     Image 0: /uploads/properties/68e91cae2e9470e12ce435ed_e3fa12c61a184f7fb50322450c82cc36.jpg -> http://localhost:8000/uploads/properties/68e91cae2e9470e12ce435ed_e3fa12c61a184f7fb50322450c82cc36.jpg
2025-10-12 00:15:22,771 - routes.properties - INFO -   - Photos count in DB: 1
2025-10-12 00:15:22,771 - routes.properties - INFO - Property 'asdfghjkl' (ID: 68e93de7c7eb04da4a5cdf52):
2025-10-12 00:15:22,771 - routes.properties - INFO -   - Raw image_urls from DB: ['/uploads/properties/68e93de7c7eb04da4a5cdf52_7ca12139b9fa471b9c0bcaa3e0786d8a.jpg']
2025-10-12 00:15:22,771 - routes.properties - INFO -   - Type of image_urls: <class 'list'>
2025-10-12 00:15:22,771 - routes.properties - INFO -   - Number of images: 1
2025-10-12 00:15:22,771 - routes.properties - INFO -     Image 0: /uploads/properties/68e93de7c7eb04da4a5cdf52_7ca12139b9fa471b9c0bcaa3e0786d8a.jpg -> http://localhost:8000/uploads/properties/68e93de7c7eb04da4a5cdf52_7ca12139b9fa471b9c0bcaa3e0786d8a.jpg
2025-10-12 00:15:22,772 - routes.properties - INFO -   - Photos count in DB: 1
2025-10-12 00:15:22,772 - routes.properties - INFO - Property 'wonderful property' (ID: 68ea311081859ebfcc9ecbf9):
2025-10-12 00:15:22,772 - routes.properties - INFO -   - Raw image_urls from DB: ['/uploads/properties/68ea311081859ebfcc9ecbf9_5725302a5dc54a52ae21a988d90da938.jpg']
2025-10-12 00:15:22,772 - routes.properties - INFO -   - Type of image_urls: <class 'list'>
2025-10-12 00:15:22,772 - routes.properties - INFO -   - Number of images: 1
2025-10-12 00:15:22,772 - routes.properties - INFO -     Image 0: /uploads/properties/68ea311081859ebfcc9ecbf9_5725302a5dc54a52ae21a988d90da938.jpg -> http://localhost:8000/uploads/properties/68ea311081859ebfcc9ecbf9_5725302a5dc54a52ae21a988d90da938.jpg
2025-10-12 00:15:22,772 - routes.properties - INFO -   - Photos count in DB: 1
2025-10-12 00:19:19,022 - routes.properties - INFO - GET /properties/user/my-properties - Getting user's properties
2025-10-12 00:19:19,023 - routes.properties - INFO - Role verification - User: ram@gmail.com, Role: seller, Authorized: True
2025-10-12 00:19:19,023 - routes.properties - INFO - Fetching properties for user: ram@gmail.com (ID: 68e7b3fc28055f8855e8398c)
2025-10-12 00:19:19,062 - routes.properties - INFO - Found 9 properties for user 68e7b3fc28055f8855e8398c
2025-10-12 00:19:19,062 - routes.properties - INFO - Property 'aradhanini' (ID: 68e7b4fe28055f8855e8398d):
2025-10-12 00:19:19,062 - routes.properties - INFO -   - Raw image_urls from DB: None
2025-10-12 00:19:19,062 - routes.properties - INFO -   - Type of image_urls: <class 'NoneType'>
2025-10-12 00:19:19,062 - routes.properties - INFO -   - No image_urls field; initialized to empty list
2025-10-12 00:19:19,062 - routes.properties - INFO -   - Number of images: 0
2025-10-12 00:19:19,062 - routes.properties - INFO -   - Photos count in DB: 0
2025-10-12 00:19:19,062 - routes.properties - INFO - Property 'rameshwaram rameshwaram rameshwaram rameshwaram' (ID: 68e7b9bf28055f8855e8398e):
2025-10-12 00:19:19,062 - routes.properties - INFO -   - Raw image_urls from DB: None
2025-10-12 00:19:19,062 - routes.properties - INFO -   - Type of image_urls: <class 'NoneType'>
2025-10-12 00:19:19,062 - routes.properties - INFO -   - No image_urls field; initialized to empty list
2025-10-12 00:19:19,062 - routes.properties - INFO -   - Number of images: 0
2025-10-12 00:19:19,062 - routes.properties - INFO -   - Photos count in DB: 0
2025-10-12 00:19:19,062 - routes.properties - INFO - Property 'rameshwaram rameshwaram rameshwaram rameshwaram' (ID: 68e7bb2028055f8855e8398f):
2025-10-12 00:19:19,062 - routes.properties - INFO -   - Raw image_urls from DB: None
2025-10-12 00:19:19,062 - routes.properties - INFO -   - Type of image_urls: <class 'NoneType'>
2025-10-12 00:19:19,062 - routes.properties - INFO -   - No image_urls field; initialized to empty list
2025-10-12 00:19:19,062 - routes.properties - INFO -   - Number of images: 0
2025-10-12 00:19:19,062 - routes.properties - INFO -   - Photos count in DB: 0
2025-10-12 00:19:19,062 - routes.properties - INFO - Property 'Luxury 3 BHK Apartment' (ID: 68e8f56a31e9ca37a6773743):
2025-10-12 00:19:19,063 - routes.properties - INFO -   - Raw image_urls from DB: []
2025-10-12 00:19:19,063 - routes.properties - INFO -   - Type of image_urls: <class 'list'>
2025-10-12 00:19:19,063 - routes.properties - INFO -   - Number of images: 0
2025-10-12 00:19:19,063 - routes.properties - INFO -   - Photos count in DB: 0
2025-10-12 00:19:19,063 - routes.properties - INFO - Property 'Luxury 1 BHK Apartment' (ID: 68e8fa13e80e07cd9d303b22):
2025-10-12 00:19:19,063 - routes.properties - INFO -   - Raw image_urls from DB: []
2025-10-12 00:19:19,065 - routes.properties - INFO -   - Type of image_urls: <class 'list'>
2025-10-12 00:19:19,065 - routes.properties - INFO -   - Number of images: 0
2025-10-12 00:19:19,065 - routes.properties - INFO -   - Photos count in DB: 0
2025-10-12 00:19:19,065 - routes.properties - INFO - Property '6 bhk apartment' (ID: 68e907542e9470e12ce435ec):
2025-10-12 00:19:19,065 - routes.properties - INFO -   - Raw image_urls from DB: ['/uploads/properties/68e907542e9470e12ce435ec_bebf826a65a1496580895c380e490382.jpg']
2025-10-12 00:19:19,065 - routes.properties - INFO -   - Type of image_urls: <class 'list'>
2025-10-12 00:19:19,065 - routes.properties - INFO -   - Number of images: 1
2025-10-12 00:19:19,065 - routes.properties - INFO -     Image 0: /uploads/properties/68e907542e9470e12ce435ec_bebf826a65a1496580895c380e490382.jpg -> http://localhost:8000/uploads/properties/68e907542e9470e12ce435ec_bebf826a65a1496580895c380e490382.jpg
2025-10-12 00:19:19,065 - routes.properties - INFO -   - Photos count in DB: 1
2025-10-12 00:19:19,065 - routes.properties - INFO - Property 'beautiful 1 bhk house' (ID: 68e91cae2e9470e12ce435ed):
2025-10-12 00:19:19,065 - routes.properties - INFO -   - Raw image_urls from DB: ['/uploads/properties/68e91cae2e9470e12ce435ed_e3fa12c61a184f7fb50322450c82cc36.jpg']
2025-10-12 00:19:19,065 - routes.properties - INFO -   - Type of image_urls: <class 'list'>
2025-10-12 00:19:19,065 - routes.properties - INFO -   - Number of images: 1
2025-10-12 00:19:19,065 - routes.properties - INFO -     Image 0: /uploads/properties/68e91cae2e9470e12ce435ed_e3fa12c61a184f7fb50322450c82cc36.jpg -> http://localhost:8000/uploads/properties/68e91cae2e9470e12ce435ed_e3fa12c61a184f7fb50322450c82cc36.jpg
2025-10-12 00:19:19,065 - routes.properties - INFO -   - Photos count in DB: 1
2025-10-12 00:19:19,065 - routes.properties - INFO - Property 'asdfghjkl' (ID: 68e93de7c7eb04da4a5cdf52):
2025-10-12 00:19:19,065 - routes.properties - INFO -   - Raw image_urls from DB: ['/uploads/properties/68e93de7c7eb04da4a5cdf52_7ca12139b9fa471b9c0bcaa3e0786d8a.jpg']
2025-10-12 00:19:19,065 - routes.properties - INFO -   - Type of image_urls: <class 'list'>
2025-10-12 00:19:19,065 - routes.properties - INFO -   - Number of images: 1
2025-10-12 00:19:19,065 - routes.properties - INFO -     Image 0: /uploads/properties/68e93de7c7eb04da4a5cdf52_7ca12139b9fa471b9c0bcaa3e0786d8a.jpg -> http://localhost:8000/uploads/properties/68e93de7c7eb04da4a5cdf52_7ca12139b9fa471b9c0bcaa3e0786d8a.jpg
2025-10-12 00:19:19,066 - routes.properties - INFO -   - Photos count in DB: 1
2025-10-12 00:19:19,066 - routes.properties - INFO - Property 'wonderful property' (ID: 68ea311081859ebfcc9ecbf9):
2025-10-12 00:19:19,066 - routes.properties - INFO -   - Raw image_urls from DB: ['/uploads/properties/68ea311081859ebfcc9ecbf9_5725302a5dc54a52ae21a988d90da938.jpg']
2025-10-12 00:19:19,066 - routes.properties - INFO -   - Type of image_urls: <class 'list'>
2025-10-12 00:19:19,066 - routes.properties - INFO -   - Number of images: 1
2025-10-12 00:19:19,066 - routes.properties - INFO -     Image 0: /uploads/properties/68ea311081859ebfcc9ecbf9_5725302a5dc54a52ae21a988d90da938.jpg -> http://localhost:8000/uploads/properties/68ea311081859ebfcc9ecbf9_5725302a5dc54a52ae21a988d90da938.jpg
2025-10-12 00:19:19,066 - routes.properties - INFO -   - Photos count in DB: 1
2025-10-12 00:19:19,108 - routes.properties - INFO - GET /properties/user/my-properties - Getting user's properties
2025-10-12 00:19:19,108 - routes.properties - INFO - Role verification - User: ram@gmail.com, Role: seller, Authorized: True
2025-10-12 00:19:19,108 - routes.properties - INFO - Fetching properties for user: ram@gmail.com (ID: 68e7b3fc28055f8855e8398c)
2025-10-12 00:19:19,147 - routes.properties - INFO - Found 9 properties for user 68e7b3fc28055f8855e8398c
2025-10-12 00:19:19,147 - routes.properties - INFO - Property 'aradhanini' (ID: 68e7b4fe28055f8855e8398d):
2025-10-12 00:19:19,147 - routes.properties - INFO -   - Raw image_urls from DB: None
2025-10-12 00:19:19,147 - routes.properties - INFO -   - Type of image_urls: <class 'NoneType'>
2025-10-12 00:19:19,148 - routes.properties - INFO -   - No image_urls field; initialized to empty list
2025-10-12 00:19:19,148 - routes.properties - INFO -   - Number of images: 0
2025-10-12 00:19:19,148 - routes.properties - INFO -   - Photos count in DB: 0
2025-10-12 00:19:19,148 - routes.properties - INFO - Property 'rameshwaram rameshwaram rameshwaram rameshwaram' (ID: 68e7b9bf28055f8855e8398e):
2025-10-12 00:19:19,148 - routes.properties - INFO -   - Raw image_urls from DB: None
2025-10-12 00:19:19,148 - routes.properties - INFO -   - Type of image_urls: <class 'NoneType'>
2025-10-12 00:19:19,148 - routes.properties - INFO -   - No image_urls field; initialized to empty list
2025-10-12 00:19:19,148 - routes.properties - INFO -   - Number of images: 0
2025-10-12 00:19:19,148 - routes.properties - INFO -   - Photos count in DB: 0
2025-10-12 00:19:19,149 - routes.properties - INFO - Property 'rameshwaram rameshwaram rameshwaram rameshwaram' (ID: 68e7bb2028055f8855e8398f):
2025-10-12 00:19:19,149 - routes.properties - INFO -   - Raw image_urls from DB: None
2025-10-12 00:19:19,149 - routes.properties - INFO -   - Type of image_urls: <class 'NoneType'>
2025-10-12 00:19:19,149 - routes.properties - INFO -   - No image_urls field; initialized to empty list
2025-10-12 00:19:19,149 - routes.properties - INFO -   - Number of images: 0
2025-10-12 00:19:19,149 - routes.properties - INFO -   - Photos count in DB: 0
2025-10-12 00:19:19,149 - routes.properties - INFO - Property 'Luxury 3 BHK Apartment' (ID: 68e8f56a31e9ca37a6773743):
2025-10-12 00:19:19,149 - routes.properties - INFO -   - Raw image_urls from DB: []
2025-10-12 00:19:19,149 - routes.properties - INFO -   - Type of image_urls: <class 'list'>
2025-10-12 00:19:19,149 - routes.properties - INFO -   - Number of images: 0
2025-10-12 00:19:19,149 - routes.properties - INFO -   - Photos count in DB: 0
2025-10-12 00:19:19,149 - routes.properties - INFO - Property 'Luxury 1 BHK Apartment' (ID: 68e8fa13e80e07cd9d303b22):
2025-10-12 00:19:19,149 - routes.properties - INFO -   - Raw image_urls from DB: []
2025-10-12 00:19:19,149 - routes.properties - INFO -   - Type of image_urls: <class 'list'>
2025-10-12 00:19:19,150 - routes.properties - INFO -   - Number of images: 0
2025-10-12 00:19:19,150 - routes.properties - INFO -   - Photos count in DB: 0
2025-10-12 00:19:19,150 - routes.properties - INFO - Property '6 bhk apartment' (ID: 68e907542e9470e12ce435ec):
2025-10-12 00:19:19,150 - routes.properties - INFO -   - Raw image_urls from DB: ['/uploads/properties/68e907542e9470e12ce435ec_bebf826a65a1496580895c380e490382.jpg']
2025-10-12 00:19:19,150 - routes.properties - INFO -   - Type of image_urls: <class 'list'>
2025-10-12 00:19:19,150 - routes.properties - INFO -   - Number of images: 1
2025-10-12 00:19:19,150 - routes.properties - INFO -     Image 0: /uploads/properties/68e907542e9470e12ce435ec_bebf826a65a1496580895c380e490382.jpg -> http://localhost:8000/uploads/properties/68e907542e9470e12ce435ec_bebf826a65a1496580895c380e490382.jpg
2025-10-12 00:19:19,150 - routes.properties - INFO -   - Photos count in DB: 1
2025-10-12 00:19:19,150 - routes.properties - INFO - Property 'beautiful 1 bhk house' (ID: 68e91cae2e9470e12ce435ed):
2025-10-12 00:19:19,150 - routes.properties - INFO -   - Raw image_urls from DB: ['/uploads/properties/68e91cae2e9470e12ce435ed_e3fa12c61a184f7fb50322450c82cc36.jpg']
2025-10-12 00:19:19,150 - routes.properties - INFO -   - Type of image_urls: <class 'list'>
2025-10-12 00:19:19,150 - routes.properties - INFO -   - Number of images: 1
2025-10-12 00:19:19,150 - routes.properties - INFO -     Image 0: /uploads/properties/68e91cae2e9470e12ce435ed_e3fa12c61a184f7fb50322450c82cc36.jpg -> http://localhost:8000/uploads/properties/68e91cae2e9470e12ce435ed_e3fa12c61a184f7fb50322450c82cc36.jpg
2025-10-12 00:19:19,150 - routes.properties - INFO -   - Photos count in DB: 1
2025-10-12 00:19:19,150 - routes.properties - INFO - Property 'asdfghjkl' (ID: 68e93de7c7eb04da4a5cdf52):
2025-10-12 00:19:19,151 - routes.properties - INFO -   - Raw image_urls from DB: ['/uploads/properties/68e93de7c7eb04da4a5cdf52_7ca12139b9fa471b9c0bcaa3e0786d8a.jpg']
2025-10-12 00:19:19,151 - routes.properties - INFO -   - Type of image_urls: <class 'list'>
2025-10-12 00:19:19,151 - routes.properties - INFO -   - Number of images: 1
2025-10-12 00:19:19,151 - routes.properties - INFO -     Image 0: /uploads/properties/68e93de7c7eb04da4a5cdf52_7ca12139b9fa471b9c0bcaa3e0786d8a.jpg -> http://localhost:8000/uploads/properties/68e93de7c7eb04da4a5cdf52_7ca12139b9fa471b9c0bcaa3e0786d8a.jpg
2025-10-12 00:19:19,151 - routes.properties - INFO -   - Photos count in DB: 1
2025-10-12 00:19:19,151 - routes.properties - INFO - Property 'wonderful property' (ID: 68ea311081859ebfcc9ecbf9):
2025-10-12 00:19:19,151 - routes.properties - INFO -   - Raw image_urls from DB: ['/uploads/properties/68ea311081859ebfcc9ecbf9_5725302a5dc54a52ae21a988d90da938.jpg']
2025-10-12 00:19:19,151 - routes.properties - INFO -   - Type of image_urls: <class 'list'>
2025-10-12 00:19:19,151 - routes.properties - INFO -   - Number of images: 1
2025-10-12 00:19:19,151 - routes.properties - INFO -     Image 0: /uploads/properties/68ea311081859ebfcc9ecbf9_5725302a5dc54a52ae21a988d90da938.jpg -> http://localhost:8000/uploads/properties/68ea311081859ebfcc9ecbf9_5725302a5dc54a52ae21a988d90da938.jpg
2025-10-12 00:19:19,151 - routes.properties - INFO -   - Photos count in DB: 1
2025-10-12 17:12:45,470 - routes.properties - INFO - GET /properties/trending/featured - Getting featured properties
2025-10-12 17:12:45,754 - routes.properties - INFO - Found 4 featured properties
2025-10-12 17:12:45,756 - routes.properties - INFO - GET /properties/trending/featured - Getting featured properties
2025-10-12 17:12:45,792 - routes.properties - INFO - Found 4 featured properties
2025-10-12 17:12:51,501 - routes.properties - INFO - GET /properties/trending/featured - Getting featured properties
2025-10-12 17:12:51,538 - routes.properties - INFO - Found 4 featured properties
2025-10-12 17:12:51,539 - routes.properties - INFO - GET /properties/trending/featured - Getting featured properties
2025-10-12 17:12:51,574 - routes.properties - INFO - Found 4 featured properties
2025-10-12 17:13:22,561 - routes.auth - INFO - POST /auth/login - Login attempt
2025-10-12 17:13:22,561 - routes.auth - INFO - Login attempt - Email: ram@gmail.com
2025-10-12 17:13:22,847 - routes.auth - INFO - Login successful - Email: ram@gmail.com, Role: seller
2025-10-12 17:13:26,260 - routes.properties - INFO - GET /properties/trending/featured - Getting featured properties
2025-10-12 17:13:26,297 - routes.properties - INFO - Found 4 featured properties
2025-10-12 17:13:26,299 - routes.properties - INFO - GET /properties/trending/featured - Getting featured properties
2025-10-12 17:13:26,333 - routes.properties - INFO - Found 4 featured properties
2025-10-12 17:13:52,488 - routes.properties - INFO - GET /properties/trending/featured - Getting featured properties
2025-10-12 17:13:52,525 - routes.properties - INFO - Found 4 featured properties
2025-10-12 17:13:52,527 - routes.properties - INFO - GET /properties/trending/featured - Getting featured properties
2025-10-12 17:13:52,560 - routes.properties - INFO - Found 4 featured properties
2025-10-12 17:13:54,062 - routes.properties - INFO - GET /properties/user/my-properties - Getting user's properties
2025-10-12 17:13:54,062 - routes.properties - INFO - Role verification - User: ram@gmail.com, Role: seller, Authorized: True
2025-10-12 17:13:54,062 - routes.properties - INFO - Fetching properties for user: ram@gmail.com (ID: 68e7b3fc28055f8855e8398c)
2025-10-12 17:13:54,097 - routes.properties - INFO - Found 9 properties for user 68e7b3fc28055f8855e8398c
2025-10-12 17:13:54,097 - routes.properties - INFO - Property 'aradhanini' (ID: 68e7b4fe28055f8855e8398d):
2025-10-12 17:13:54,097 - routes.properties - INFO -   - Raw image_urls from DB: None
2025-10-12 17:13:54,097 - routes.properties - INFO -   - Type of image_urls: <class 'NoneType'>
2025-10-12 17:13:54,097 - routes.properties - INFO -   - No image_urls field; initialized to empty list
2025-10-12 17:13:54,097 - routes.properties - INFO -   - Number of images: 0
2025-10-12 17:13:54,097 - routes.properties - INFO -   - Photos count in DB: 0
2025-10-12 17:13:54,097 - routes.properties - INFO - Property 'rameshwaram rameshwaram rameshwaram rameshwaram' (ID: 68e7b9bf28055f8855e8398e):
2025-10-12 17:13:54,097 - routes.properties - INFO -   - Raw image_urls from DB: None
2025-10-12 17:13:54,097 - routes.properties - INFO -   - Type of image_urls: <class 'NoneType'>
2025-10-12 17:13:54,097 - routes.properties - INFO -   - No image_urls field; initialized to empty list
2025-10-12 17:13:54,097 - routes.properties - INFO -   - Number of images: 0
2025-10-12 17:13:54,097 - routes.properties - INFO -   - Photos count in DB: 0
2025-10-12 17:13:54,097 - routes.properties - INFO - Property 'rameshwaram rameshwaram rameshwaram rameshwaram' (ID: 68e7bb2028055f8855e8398f):
2025-10-12 17:13:54,097 - routes.properties - INFO -   - Raw image_urls from DB: None
2025-10-12 17:13:54,097 - routes.properties - INFO -   - Type of image_urls: <class 'NoneType'>
2025-10-12 17:13:54,097 - routes.properties - INFO -   - No image_urls field; initialized to empty list
2025-10-12 17:13:54,098 - routes.properties - INFO -   - Number of images: 0
2025-10-12 17:13:54,098 - routes.properties - INFO -   - Photos count in DB: 0
2025-10-12 17:13:54,098 - routes.properties - INFO - Property 'Luxury 3 BHK Apartment' (ID: 68e8f56a31e9ca37a6773743):
2025-10-12 17:13:54,098 - routes.properties - INFO -   - Raw image_urls from DB: []
2025-10-12 17:13:54,098 - routes.properties - INFO -   - Type of image_urls: <class 'list'>
2025-10-12 17:13:54,098 - routes.properties - INFO -   - Number of images: 0
2025-10-12 17:13:54,098 - routes.properties - INFO -   - Photos count in DB: 0
2025-10-12 17:13:54,098 - routes.properties - INFO - Property 'Luxury 1 BHK Apartment' (ID: 68e8fa13e80e07cd9d303b22):
2025-10-12 17:13:54,098 - routes.properties - INFO -   - Raw image_urls from DB: []
2025-10-12 17:13:54,098 - routes.properties - INFO -   - Type of image_urls: <class 'list'>
2025-10-12 17:13:54,098 - routes.properties - INFO -   - Number of images: 0
2025-10-12 17:13:54,098 - routes.properties - INFO -   - Photos count in DB: 0
2025-10-12 17:13:54,098 - routes.properties - INFO - Property '6 bhk apartment' (ID: 68e907542e9470e12ce435ec):
2025-10-12 17:13:54,098 - routes.properties - INFO -   - Raw image_urls from DB: ['/uploads/properties/68e907542e9470e12ce435ec_bebf826a65a1496580895c380e490382.jpg']
2025-10-12 17:13:54,098 - routes.properties - INFO -   - Type of image_urls: <class 'list'>
2025-10-12 17:13:54,098 - routes.properties - INFO -   - Number of images: 1
2025-10-12 17:13:54,098 - routes.properties - INFO -     Image 0: /uploads/properties/68e907542e9470e12ce435ec_bebf826a65a1496580895c380e490382.jpg -> http://localhost:8000/uploads/properties/68e907542e9470e12ce435ec_bebf826a65a1496580895c380e490382.jpg
2025-10-12 17:13:54,098 - routes.properties - INFO -   - Photos count in DB: 1
2025-10-12 17:13:54,098 - routes.properties - INFO - Property 'beautiful 1 bhk house' (ID: 68e91cae2e9470e12ce435ed):
2025-10-12 17:13:54,098 - routes.properties - INFO -   - Raw image_urls from DB: ['/uploads/properties/68e91cae2e9470e12ce435ed_e3fa12c61a184f7fb50322450c82cc36.jpg']
2025-10-12 17:13:54,098 - routes.properties - INFO -   - Type of image_urls: <class 'list'>
2025-10-12 17:13:54,098 - routes.properties - INFO -   - Number of images: 1
2025-10-12 17:13:54,098 - routes.properties - INFO -     Image 0: /uploads/properties/68e91cae2e9470e12ce435ed_e3fa12c61a184f7fb50322450c82cc36.jpg -> http://localhost:8000/uploads/properties/68e91cae2e9470e12ce435ed_e3fa12c61a184f7fb50322450c82cc36.jpg
2025-10-12 17:13:54,098 - routes.properties - INFO -   - Photos count in DB: 1
2025-10-12 17:13:54,098 - routes.properties - INFO - Property 'asdfghjkl' (ID: 68e93de7c7eb04da4a5cdf52):
2025-10-12 17:13:54,098 - routes.properties - INFO -   - Raw image_urls from DB: ['/uploads/properties/68e93de7c7eb04da4a5cdf52_7ca12139b9fa471b9c0bcaa3e0786d8a.jpg']
2025-10-12 17:13:54,098 - routes.properties - INFO -   - Type of image_urls: <class 'list'>
2025-10-12 17:13:54,098 - routes.properties - INFO -   - Number of images: 1
2025-10-12 17:13:54,098 - routes.properties - INFO -     Image 0: /uploads/properties/68e93de7c7eb04da4a5cdf52_7ca12139b9fa471b9c0bcaa3e0786d8a.jpg -> http://localhost:8000/uploads/properties/68e93de7c7eb04da4a5cdf52_7ca12139b9fa471b9c0bcaa3e0786d8a.jpg
2025-10-12 17:13:54,098 - routes.properties - INFO -   - Photos count in DB: 1
2025-10-12 17:13:54,099 - routes.properties - INFO - Property 'wonderful property' (ID: 68ea311081859ebfcc9ecbf9):
2025-10-12 17:13:54,099 - routes.properties - INFO -   - Raw image_urls from DB: ['/uploads/properties/68ea311081859ebfcc9ecbf9_5725302a5dc54a52ae21a988d90da938.jpg']
2025-10-12 17:13:54,099 - routes.properties - INFO -   - Type of image_urls: <class 'list'>
2025-10-12 17:13:54,099 - routes.properties - INFO -   - Number of images: 1
2025-10-12 17:13:54,099 - routes.properties - INFO -     Image 0: /uploads/properties/68ea311081859ebfcc9ecbf9_5725302a5dc54a52ae21a988d90da938.jpg -> http://localhost:8000/uploads/properties/68ea311081859ebfcc9ecbf9_5725302a5dc54a52ae21a988d90da938.jpg
2025-10-12 17:13:54,099 - routes.properties - INFO -   - Photos count in DB: 1
2025-10-12 17:13:54,136 - routes.properties - INFO - GET /properties/user/my-properties - Getting user's properties
2025-10-12 17:13:54,136 - routes.properties - INFO - Role verification - User: ram@gmail.com, Role: seller, Authorized: True
2025-10-12 17:13:54,136 - routes.properties - INFO - Fetching properties for user: ram@gmail.com (ID: 68e7b3fc28055f8855e8398c)
2025-10-12 17:13:54,172 - routes.properties - INFO - Found 9 properties for user 68e7b3fc28055f8855e8398c
2025-10-12 17:13:54,172 - routes.properties - INFO - Property 'aradhanini' (ID: 68e7b4fe28055f8855e8398d):
2025-10-12 17:13:54,172 - routes.properties - INFO -   - Raw image_urls from DB: None
2025-10-12 17:13:54,172 - routes.properties - INFO -   - Type of image_urls: <class 'NoneType'>
2025-10-12 17:13:54,172 - routes.properties - INFO -   - No image_urls field; initialized to empty list
2025-10-12 17:13:54,172 - routes.properties - INFO -   - Number of images: 0
2025-10-12 17:13:54,172 - routes.properties - INFO -   - Photos count in DB: 0
2025-10-12 17:13:54,172 - routes.properties - INFO - Property 'rameshwaram rameshwaram rameshwaram rameshwaram' (ID: 68e7b9bf28055f8855e8398e):
2025-10-12 17:13:54,172 - routes.properties - INFO -   - Raw image_urls from DB: None
2025-10-12 17:13:54,172 - routes.properties - INFO -   - Type of image_urls: <class 'NoneType'>
2025-10-12 17:13:54,172 - routes.properties - INFO -   - No image_urls field; initialized to empty list
2025-10-12 17:13:54,172 - routes.properties - INFO -   - Number of images: 0
2025-10-12 17:13:54,172 - routes.properties - INFO -   - Photos count in DB: 0
2025-10-12 17:13:54,172 - routes.properties - INFO - Property 'rameshwaram rameshwaram rameshwaram rameshwaram' (ID: 68e7bb2028055f8855e8398f):
2025-10-12 17:13:54,172 - routes.properties - INFO -   - Raw image_urls from DB: None
2025-10-12 17:13:54,172 - routes.properties - INFO -   - Type of image_urls: <class 'NoneType'>
2025-10-12 17:13:54,172 - routes.properties - INFO -   - No image_urls field; initialized to empty list
2025-10-12 17:13:54,172 - routes.properties - INFO -   - Number of images: 0
2025-10-12 17:13:54,172 - routes.properties - INFO -   - Photos count in DB: 0
2025-10-12 17:13:54,172 - routes.properties - INFO - Property 'Luxury 3 BHK Apartment' (ID: 68e8f56a31e9ca37a6773743):
2025-10-12 17:13:54,172 - routes.properties - INFO -   - Raw image_urls from DB: []
2025-10-12 17:13:54,172 - routes.properties - INFO -   - Type of image_urls: <class 'list'>
2025-10-12 17:13:54,172 - routes.properties - INFO -   - Number of images: 0
2025-10-12 17:13:54,172 - routes.properties - INFO -   - Photos count in DB: 0
2025-10-12 17:13:54,172 - routes.properties - INFO - Property 'Luxury 1 BHK Apartment' (ID: 68e8fa13e80e07cd9d303b22):
2025-10-12 17:13:54,172 - routes.properties - INFO -   - Raw image_urls from DB: []
2025-10-12 17:13:54,172 - routes.properties - INFO -   - Type of image_urls: <class 'list'>
2025-10-12 17:13:54,172 - routes.properties - INFO -   - Number of images: 0
2025-10-12 17:13:54,172 - routes.properties - INFO -   - Photos count in DB: 0
2025-10-12 17:13:54,172 - routes.properties - INFO - Property '6 bhk apartment' (ID: 68e907542e9470e12ce435ec):
2025-10-12 17:13:54,172 - routes.properties - INFO -   - Raw image_urls from DB: ['/uploads/properties/68e907542e9470e12ce435ec_bebf826a65a1496580895c380e490382.jpg']
2025-10-12 17:13:54,173 - routes.properties - INFO -   - Type of image_urls: <class 'list'>
2025-10-12 17:13:54,173 - routes.properties - INFO -   - Number of images: 1
2025-10-12 17:13:54,173 - routes.properties - INFO -     Image 0: /uploads/properties/68e907542e9470e12ce435ec_bebf826a65a1496580895c380e490382.jpg -> http://localhost:8000/uploads/properties/68e907542e9470e12ce435ec_bebf826a65a1496580895c380e490382.jpg
2025-10-12 17:13:54,173 - routes.properties - INFO -   - Photos count in DB: 1
2025-10-12 17:13:54,173 - routes.properties - INFO - Property 'beautiful 1 bhk house' (ID: 68e91cae2e9470e12ce435ed):
2025-10-12 17:13:54,173 - routes.properties - INFO -   - Raw image_urls from DB: ['/uploads/properties/68e91cae2e9470e12ce435ed_e3fa12c61a184f7fb50322450c82cc36.jpg']
2025-10-12 17:13:54,173 - routes.properties - INFO -   - Type of image_urls: <class 'list'>
2025-10-12 17:13:54,173 - routes.properties - INFO -   - Number of images: 1
2025-10-12 17:13:54,173 - routes.properties - INFO -     Image 0: /uploads/properties/68e91cae2e9470e12ce435ed_e3fa12c61a184f7fb50322450c82cc36.jpg -> http://localhost:8000/uploads/properties/68e91cae2e9470e12ce435ed_e3fa12c61a184f7fb50322450c82cc36.jpg
2025-10-12 17:13:54,173 - routes.properties - INFO -   - Photos count in DB: 1
2025-10-12 17:13:54,173 - routes.properties - INFO - Property 'asdfghjkl' (ID: 68e93de7c7eb04da4a5cdf52):
2025-10-12 17:13:54,173 - routes.properties - INFO -   - Raw image_urls from DB: ['/uploads/properties/68e93de7c7eb04da4a5cdf52_7ca12139b9fa471b9c0bcaa3e0786d8a.jpg']
2025-10-12 17:13:54,173 - routes.properties - INFO -   - Type of image_urls: <class 'list'>
2025-10-12 17:13:54,173 - routes.properties - INFO -   - Number of images: 1
2025-10-12 17:13:54,173 - routes.properties - INFO -     Image 0: /uploads/properties/68e93de7c7eb04da4a5cdf52_7ca12139b9fa471b9c0bcaa3e0786d8a.jpg -> http://localhost:8000/uploads/properties/68e93de7c7eb04da4a5cdf52_7ca12139b9fa471b9c0bcaa3e0786d8a.jpg
2025-10-12 17:13:54,173 - routes.properties - INFO -   - Photos count in DB: 1
2025-10-12 17:13:54,173 - routes.properties - INFO - Property 'wonderful property' (ID: 68ea311081859ebfcc9ecbf9):
2025-10-12 17:13:54,173 - routes.properties - INFO -   - Raw image_urls from DB: ['/uploads/properties/68ea311081859ebfcc9ecbf9_5725302a5dc54a52ae21a988d90da938.jpg']
2025-10-12 17:13:54,173 - routes.properties - INFO -   - Type of image_urls: <class 'list'>
2025-10-12 17:13:54,173 - routes.properties - INFO -   - Number of images: 1
2025-10-12 17:13:54,173 - routes.properties - INFO -     Image 0: /uploads/properties/68ea311081859ebfcc9ecbf9_5725302a5dc54a52ae21a988d90da938.jpg -> http://localhost:8000/uploads/properties/68ea311081859ebfcc9ecbf9_5725302a5dc54a52ae21a988d90da938.jpg
2025-10-12 17:13:54,174 - routes.properties - INFO -   - Photos count in DB: 1
2025-10-12 17:20:15,767 - routes.properties - INFO - GET /properties/trending/featured - Getting featured properties
2025-10-12 17:20:15,808 - routes.properties - INFO - Found 4 featured properties
2025-10-12 17:20:15,815 - routes.properties - INFO - GET /properties/trending/featured - Getting featured properties
2025-10-12 17:20:15,849 - routes.properties - INFO - Found 4 featured properties
2025-10-12 17:20:45,417 - routes.properties - INFO - GET /properties/trending/featured - Getting featured properties
2025-10-12 17:20:45,452 - routes.properties - INFO - Found 4 featured properties
2025-10-12 17:20:45,455 - routes.properties - INFO - GET /properties/trending/featured - Getting featured properties
2025-10-12 17:20:45,490 - routes.properties - INFO - Found 4 featured properties
2025-10-12 19:32:41,734 - routes.properties - INFO - GET /properties/trending/featured - Getting featured properties
2025-10-12 19:32:42,065 - routes.properties - INFO - Found 4 featured properties
2025-10-12 19:32:42,068 - routes.properties - INFO - GET /properties/trending/featured - Getting featured properties
2025-10-12 19:32:42,108 - routes.properties - INFO - Found 4 featured properties
2025-10-12 19:32:48,082 - routes.properties - INFO - GET /properties/trending/featured - Getting featured properties
2025-10-12 19:32:48,124 - routes.properties - INFO - Found 4 featured properties
2025-10-12 19:32:48,126 - routes.properties - INFO - GET /properties/trending/featured - Getting featured properties
2025-10-12 19:32:48,163 - routes.properties - INFO - Found 4 featured properties
2025-10-12 19:33:10,260 - routes.auth - INFO - POST /auth/login - Login attempt
2025-10-12 19:33:10,261 - routes.auth - INFO - Login attempt - Email: ram@gmail.com
2025-10-12 19:33:10,519 - routes.auth - INFO - Login successful - Email: ram@gmail.com, Role: seller
2025-10-12 19:33:13,227 - routes.properties - INFO - GET /properties/trending/featured - Getting featured properties
2025-10-12 19:33:13,265 - routes.properties - INFO - Found 4 featured properties
2025-10-12 19:33:13,268 - routes.properties - INFO - GET /properties/trending/featured - Getting featured properties
2025-10-12 19:33:13,303 - routes.properties - INFO - Found 4 featured properties
2025-10-12 19:36:17,999 - routes.auth - INFO - POST /auth/login - Login attempt
2025-10-12 19:36:17,999 - routes.auth - INFO - Login attempt - Email: arjun1@gmail.com
2025-10-12 19:36:18,282 - routes.auth - INFO - Login successful - Email: arjun1@gmail.com, Role: buyer
2025-10-12 19:48:24,972 - routes.auth - INFO - POST /auth/login - Login attempt
2025-10-12 19:48:24,972 - routes.auth - INFO - Login attempt - Email: john@example.com
2025-10-12 19:48:25,266 - routes.auth - INFO - Login successful - Email: john@example.com, Role: buyer
2025-10-12 20:04:06,550 - routes.properties - INFO - GET /properties/trending/featured - Getting featured properties
2025-10-12 20:04:06,599 - routes.properties - INFO - Found 4 featured properties
2025-10-12 20:04:06,606 - routes.properties - INFO - GET /properties/trending/featured - Getting featured properties
2025-10-12 20:04:06,641 - routes.properties - INFO - Found 4 featured properties
2025-10-12 20:04:33,602 - routes.auth - INFO - POST /auth/login - Login attempt
2025-10-12 20:04:33,602 - routes.auth - INFO - Login attempt - Email: ram@gmail.com
2025-10-12 20:04:33,639 - routes.auth - WARNING - Login failed - User not found: ram@gmail.com
2025-10-12 20:04:33,639 - routes.auth - WARNING - HTTPException during login
2025-10-12 20:26:00,275 - routes.auth - INFO - POST /auth/login - Login attempt
2025-10-12 20:26:00,277 - routes.auth - INFO - Login attempt - Email: ram@gmail.com
2025-10-12 20:26:00,564 - routes.auth - WARNING - Login failed - User not found: ram@gmail.com
2025-10-12 20:26:00,564 - routes.auth - WARNING - HTTPException during login
2025-10-12 20:27:05,848 - routes.auth - INFO - POST /auth/login - Login attempt
2025-10-12 20:27:05,851 - routes.auth - INFO - Login attempt - Email: ram@gmail.com
2025-10-12 20:27:05,889 - routes.auth - WARNING - Login failed - User not found: ram@gmail.com
2025-10-12 20:27:05,889 - routes.auth - WARNING - HTTPException during login
2025-10-12 20:54:46,976 - routes.auth - INFO - POST /auth/login - Login attempt
2025-10-12 20:54:46,977 - routes.auth - INFO - Login attempt - Email: ramm@gmail.com
2025-10-12 20:54:47,263 - routes.auth - INFO - Login successful - Email: ramm@gmail.com, Role: seller
2025-10-12 20:54:50,102 - routes.properties - INFO - GET /properties/trending/featured - Getting featured properties
2025-10-12 20:54:50,142 - routes.properties - INFO - Found 4 featured properties
2025-10-12 20:54:50,144 - routes.properties - INFO - GET /properties/trending/featured - Getting featured properties
2025-10-12 20:54:50,183 - routes.properties - INFO - Found 4 featured properties
2025-10-12 20:58:19,611 - routes.properties - INFO - GET /properties - Listing all properties
2025-10-12 20:58:19,651 - routes.properties - INFO - Found 10 properties in database
2025-10-12 20:58:19,651 - routes.properties - INFO - Successfully retrieved and formatted properties
2025-10-12 20:58:19,656 - routes.properties - INFO - GET /properties - Listing all properties
2025-10-12 20:58:19,694 - routes.properties - INFO - Found 10 properties in database
2025-10-12 20:58:19,694 - routes.properties - INFO - Successfully retrieved and formatted properties
2025-10-12 20:59:28,209 - routes.properties - INFO - GET /properties/user/my-properties - Getting user's properties
2025-10-12 20:59:28,210 - routes.properties - INFO - Role verification - User: ramm@gmail.com, Role: seller, Authorized: True
2025-10-12 20:59:28,210 - routes.properties - INFO - Fetching properties for user: ramm@gmail.com (ID: 68e7b3fc28055f8855e8398c)
2025-10-12 20:59:28,247 - routes.properties - INFO - Found 9 properties for user 68e7b3fc28055f8855e8398c
2025-10-12 20:59:28,247 - routes.properties - INFO - Property 'aradhanini' (ID: 68e7b4fe28055f8855e8398d):
2025-10-12 20:59:28,247 - routes.properties - INFO -   - Raw image_urls from DB: None
2025-10-12 20:59:28,247 - routes.properties - INFO -   - Type of image_urls: <class 'NoneType'>
2025-10-12 20:59:28,247 - routes.properties - INFO -   - No image_urls field; initialized to empty list
2025-10-12 20:59:28,247 - routes.properties - INFO -   - Number of images: 0
2025-10-12 20:59:28,247 - routes.properties - INFO -   - Photos count in DB: 0
2025-10-12 20:59:28,247 - routes.properties - INFO - Property 'rameshwaram rameshwaram rameshwaram rameshwaram' (ID: 68e7b9bf28055f8855e8398e):
2025-10-12 20:59:28,247 - routes.properties - INFO -   - Raw image_urls from DB: None
2025-10-12 20:59:28,247 - routes.properties - INFO -   - Type of image_urls: <class 'NoneType'>
2025-10-12 20:59:28,247 - routes.properties - INFO -   - No image_urls field; initialized to empty list
2025-10-12 20:59:28,247 - routes.properties - INFO -   - Number of images: 0
2025-10-12 20:59:28,247 - routes.properties - INFO -   - Photos count in DB: 0
2025-10-12 20:59:28,247 - routes.properties - INFO - Property 'rameshwaram rameshwaram rameshwaram rameshwaram' (ID: 68e7bb2028055f8855e8398f):
2025-10-12 20:59:28,248 - routes.properties - INFO -   - Raw image_urls from DB: None
2025-10-12 20:59:28,248 - routes.properties - INFO -   - Type of image_urls: <class 'NoneType'>
2025-10-12 20:59:28,248 - routes.properties - INFO -   - No image_urls field; initialized to empty list
2025-10-12 20:59:28,248 - routes.properties - INFO -   - Number of images: 0
2025-10-12 20:59:28,248 - routes.properties - INFO -   - Photos count in DB: 0
2025-10-12 20:59:28,248 - routes.properties - INFO - Property 'Luxury 3 BHK Apartment' (ID: 68e8f56a31e9ca37a6773743):
2025-10-12 20:59:28,248 - routes.properties - INFO -   - Raw image_urls from DB: []
2025-10-12 20:59:28,248 - routes.properties - INFO -   - Type of image_urls: <class 'list'>
2025-10-12 20:59:28,248 - routes.properties - INFO -   - Number of images: 0
2025-10-12 20:59:28,248 - routes.properties - INFO -   - Photos count in DB: 0
2025-10-12 20:59:28,248 - routes.properties - INFO - Property 'Luxury 1 BHK Apartment' (ID: 68e8fa13e80e07cd9d303b22):
2025-10-12 20:59:28,248 - routes.properties - INFO -   - Raw image_urls from DB: []
2025-10-12 20:59:28,248 - routes.properties - INFO -   - Type of image_urls: <class 'list'>
2025-10-12 20:59:28,248 - routes.properties - INFO -   - Number of images: 0
2025-10-12 20:59:28,248 - routes.properties - INFO -   - Photos count in DB: 0
2025-10-12 20:59:28,248 - routes.properties - INFO - Property '6 bhk apartment' (ID: 68e907542e9470e12ce435ec):
2025-10-12 20:59:28,248 - routes.properties - INFO -   - Raw image_urls from DB: ['/uploads/properties/68e907542e9470e12ce435ec_bebf826a65a1496580895c380e490382.jpg']
2025-10-12 20:59:28,248 - routes.properties - INFO -   - Type of image_urls: <class 'list'>
2025-10-12 20:59:28,248 - routes.properties - INFO -   - Number of images: 1
2025-10-12 20:59:28,248 - routes.properties - INFO -     Image 0: /uploads/properties/68e907542e9470e12ce435ec_bebf826a65a1496580895c380e490382.jpg -> http://localhost:8000/uploads/properties/68e907542e9470e12ce435ec_bebf826a65a1496580895c380e490382.jpg
2025-10-12 20:59:28,248 - routes.properties - INFO -   - Photos count in DB: 1
2025-10-12 20:59:28,248 - routes.properties - INFO - Property 'beautiful 1 bhk house' (ID: 68e91cae2e9470e12ce435ed):
2025-10-12 20:59:28,248 - routes.properties - INFO -   - Raw image_urls from DB: ['/uploads/properties/68e91cae2e9470e12ce435ed_e3fa12c61a184f7fb50322450c82cc36.jpg']
2025-10-12 20:59:28,248 - routes.properties - INFO -   - Type of image_urls: <class 'list'>
2025-10-12 20:59:28,248 - routes.properties - INFO -   - Number of images: 1
2025-10-12 20:59:28,248 - routes.properties - INFO -     Image 0: /uploads/properties/68e91cae2e9470e12ce435ed_e3fa12c61a184f7fb50322450c82cc36.jpg -> http://localhost:8000/uploads/properties/68e91cae2e9470e12ce435ed_e3fa12c61a184f7fb50322450c82cc36.jpg
2025-10-12 20:59:28,248 - routes.properties - INFO -   - Photos count in DB: 1
2025-10-12 20:59:28,248 - routes.properties - INFO - Property 'asdfghjkl' (ID: 68e93de7c7eb04da4a5cdf52):
2025-10-12 20:59:28,248 - routes.properties - INFO -   - Raw image_urls from DB: ['/uploads/properties/68e93de7c7eb04da4a5cdf52_7ca12139b9fa471b9c0bcaa3e0786d8a.jpg']
2025-10-12 20:59:28,248 - routes.properties - INFO -   - Type of image_urls: <class 'list'>
2025-10-12 20:59:28,248 - routes.properties - INFO -   - Number of images: 1
2025-10-12 20:59:28,248 - routes.properties - INFO -     Image 0: /uploads/properties/68e93de7c7eb04da4a5cdf52_7ca12139b9fa471b9c0bcaa3e0786d8a.jpg -> http://localhost:8000/uploads/properties/68e93de7c7eb04da4a5cdf52_7ca12139b9fa471b9c0bcaa3e0786d8a.jpg
2025-10-12 20:59:28,248 - routes.properties - INFO -   - Photos count in DB: 1
2025-10-12 20:59:28,248 - routes.properties - INFO - Property 'wonderful property' (ID: 68ea311081859ebfcc9ecbf9):
2025-10-12 20:59:28,248 - routes.properties - INFO -   - Raw image_urls from DB: ['/uploads/properties/68ea311081859ebfcc9ecbf9_5725302a5dc54a52ae21a988d90da938.jpg']
2025-10-12 20:59:28,248 - routes.properties - INFO -   - Type of image_urls: <class 'list'>
2025-10-12 20:59:28,248 - routes.properties - INFO -   - Number of images: 1
2025-10-12 20:59:28,248 - routes.properties - INFO -     Image 0: /uploads/properties/68ea311081859ebfcc9ecbf9_5725302a5dc54a52ae21a988d90da938.jpg -> http://localhost:8000/uploads/properties/68ea311081859ebfcc9ecbf9_5725302a5dc54a52ae21a988d90da938.jpg
2025-10-12 20:59:28,248 - routes.properties - INFO -   - Photos count in DB: 1
2025-10-12 20:59:28,286 - routes.properties - INFO - GET /properties/user/my-properties - Getting user's properties
2025-10-12 20:59:28,286 - routes.properties - INFO - Role verification - User: ramm@gmail.com, Role: seller, Authorized: True
2025-10-12 20:59:28,286 - routes.properties - INFO - Fetching properties for user: ramm@gmail.com (ID: 68e7b3fc28055f8855e8398c)
2025-10-12 20:59:28,322 - routes.properties - INFO - Found 9 properties for user 68e7b3fc28055f8855e8398c
2025-10-12 20:59:28,322 - routes.properties - INFO - Property 'aradhanini' (ID: 68e7b4fe28055f8855e8398d):
2025-10-12 20:59:28,322 - routes.properties - INFO -   - Raw image_urls from DB: None
2025-10-12 20:59:28,322 - routes.properties - INFO -   - Type of image_urls: <class 'NoneType'>
2025-10-12 20:59:28,322 - routes.properties - INFO -   - No image_urls field; initialized to empty list
2025-10-12 20:59:28,322 - routes.properties - INFO -   - Number of images: 0
2025-10-12 20:59:28,322 - routes.properties - INFO -   - Photos count in DB: 0
2025-10-12 20:59:28,322 - routes.properties - INFO - Property 'rameshwaram rameshwaram rameshwaram rameshwaram' (ID: 68e7b9bf28055f8855e8398e):
2025-10-12 20:59:28,322 - routes.properties - INFO -   - Raw image_urls from DB: None
2025-10-12 20:59:28,322 - routes.properties - INFO -   - Type of image_urls: <class 'NoneType'>
2025-10-12 20:59:28,322 - routes.properties - INFO -   - No image_urls field; initialized to empty list
2025-10-12 20:59:28,322 - routes.properties - INFO -   - Number of images: 0
2025-10-12 20:59:28,322 - routes.properties - INFO -   - Photos count in DB: 0
2025-10-12 20:59:28,322 - routes.properties - INFO - Property 'rameshwaram rameshwaram rameshwaram rameshwaram' (ID: 68e7bb2028055f8855e8398f):
2025-10-12 20:59:28,323 - routes.properties - INFO -   - Raw image_urls from DB: None
2025-10-12 20:59:28,323 - routes.properties - INFO -   - Type of image_urls: <class 'NoneType'>
2025-10-12 20:59:28,323 - routes.properties - INFO -   - No image_urls field; initialized to empty list
2025-10-12 20:59:28,323 - routes.properties - INFO -   - Number of images: 0
2025-10-12 20:59:28,323 - routes.properties - INFO -   - Photos count in DB: 0
2025-10-12 20:59:28,323 - routes.properties - INFO - Property 'Luxury 3 BHK Apartment' (ID: 68e8f56a31e9ca37a6773743):
2025-10-12 20:59:28,323 - routes.properties - INFO -   - Raw image_urls from DB: []
2025-10-12 20:59:28,323 - routes.properties - INFO -   - Type of image_urls: <class 'list'>
2025-10-12 20:59:28,323 - routes.properties - INFO -   - Number of images: 0
2025-10-12 20:59:28,323 - routes.properties - INFO -   - Photos count in DB: 0
2025-10-12 20:59:28,323 - routes.properties - INFO - Property 'Luxury 1 BHK Apartment' (ID: 68e8fa13e80e07cd9d303b22):
2025-10-12 20:59:28,323 - routes.properties - INFO -   - Raw image_urls from DB: []
2025-10-12 20:59:28,323 - routes.properties - INFO -   - Type of image_urls: <class 'list'>
2025-10-12 20:59:28,323 - routes.properties - INFO -   - Number of images: 0
2025-10-12 20:59:28,323 - routes.properties - INFO -   - Photos count in DB: 0
2025-10-12 20:59:28,323 - routes.properties - INFO - Property '6 bhk apartment' (ID: 68e907542e9470e12ce435ec):
2025-10-12 20:59:28,323 - routes.properties - INFO -   - Raw image_urls from DB: ['/uploads/properties/68e907542e9470e12ce435ec_bebf826a65a1496580895c380e490382.jpg']
2025-10-12 20:59:28,323 - routes.properties - INFO -   - Type of image_urls: <class 'list'>
2025-10-12 20:59:28,323 - routes.properties - INFO -   - Number of images: 1
2025-10-12 20:59:28,323 - routes.properties - INFO -     Image 0: /uploads/properties/68e907542e9470e12ce435ec_bebf826a65a1496580895c380e490382.jpg -> http://localhost:8000/uploads/properties/68e907542e9470e12ce435ec_bebf826a65a1496580895c380e490382.jpg
2025-10-12 20:59:28,323 - routes.properties - INFO -   - Photos count in DB: 1
2025-10-12 20:59:28,323 - routes.properties - INFO - Property 'beautiful 1 bhk house' (ID: 68e91cae2e9470e12ce435ed):
2025-10-12 20:59:28,323 - routes.properties - INFO -   - Raw image_urls from DB: ['/uploads/properties/68e91cae2e9470e12ce435ed_e3fa12c61a184f7fb50322450c82cc36.jpg']
2025-10-12 20:59:28,323 - routes.properties - INFO -   - Type of image_urls: <class 'list'>
2025-10-12 20:59:28,323 - routes.properties - INFO -   - Number of images: 1
2025-10-12 20:59:28,323 - routes.properties - INFO -     Image 0: /uploads/properties/68e91cae2e9470e12ce435ed_e3fa12c61a184f7fb50322450c82cc36.jpg -> http://localhost:8000/uploads/properties/68e91cae2e9470e12ce435ed_e3fa12c61a184f7fb50322450c82cc36.jpg
2025-10-12 20:59:28,323 - routes.properties - INFO -   - Photos count in DB: 1
2025-10-12 20:59:28,323 - routes.properties - INFO - Property 'asdfghjkl' (ID: 68e93de7c7eb04da4a5cdf52):
2025-10-12 20:59:28,323 - routes.properties - INFO -   - Raw image_urls from DB: ['/uploads/properties/68e93de7c7eb04da4a5cdf52_7ca12139b9fa471b9c0bcaa3e0786d8a.jpg']
2025-10-12 20:59:28,323 - routes.properties - INFO -   - Type of image_urls: <class 'list'>
2025-10-12 20:59:28,323 - routes.properties - INFO -   - Number of images: 1
2025-10-12 20:59:28,323 - routes.properties - INFO -     Image 0: /uploads/properties/68e93de7c7eb04da4a5cdf52_7ca12139b9fa471b9c0bcaa3e0786d8a.jpg -> http://localhost:8000/uploads/properties/68e93de7c7eb04da4a5cdf52_7ca12139b9fa471b9c0bcaa3e0786d8a.jpg
2025-10-12 20:59:28,323 - routes.properties - INFO -   - Photos count in DB: 1
2025-10-12 20:59:28,323 - routes.properties - INFO - Property 'wonderful property' (ID: 68ea311081859ebfcc9ecbf9):
2025-10-12 20:59:28,323 - routes.properties - INFO -   - Raw image_urls from DB: ['/uploads/properties/68ea311081859ebfcc9ecbf9_5725302a5dc54a52ae21a988d90da938.jpg']
2025-10-12 20:59:28,323 - routes.properties - INFO -   - Type of image_urls: <class 'list'>
2025-10-12 20:59:28,323 - routes.properties - INFO -   - Number of images: 1
2025-10-12 20:59:28,323 - routes.properties - INFO -     Image 0: /uploads/properties/68ea311081859ebfcc9ecbf9_5725302a5dc54a52ae21a988d90da938.jpg -> http://localhost:8000/uploads/properties/68ea311081859ebfcc9ecbf9_5725302a5dc54a52ae21a988d90da938.jpg
2025-10-12 20:59:28,323 - routes.properties - INFO -   - Photos count in DB: 1
2025-10-12 20:59:34,960 - routes.properties - INFO - GET /properties/user/my-properties - Getting user's properties
2025-10-12 20:59:34,961 - routes.properties - INFO - Role verification - User: ramm@gmail.com, Role: seller, Authorized: True
2025-10-12 20:59:34,961 - routes.properties - INFO - Fetching properties for user: ramm@gmail.com (ID: 68e7b3fc28055f8855e8398c)
2025-10-12 20:59:35,000 - routes.properties - INFO - Found 9 properties for user 68e7b3fc28055f8855e8398c
2025-10-12 20:59:35,001 - routes.properties - INFO - Property 'aradhanini' (ID: 68e7b4fe28055f8855e8398d):
2025-10-12 20:59:35,001 - routes.properties - INFO -   - Raw image_urls from DB: None
2025-10-12 20:59:35,001 - routes.properties - INFO -   - Type of image_urls: <class 'NoneType'>
2025-10-12 20:59:35,001 - routes.properties - INFO -   - No image_urls field; initialized to empty list
2025-10-12 20:59:35,001 - routes.properties - INFO -   - Number of images: 0
2025-10-12 20:59:35,001 - routes.properties - INFO -   - Photos count in DB: 0
2025-10-12 20:59:35,001 - routes.properties - INFO - Property 'rameshwaram rameshwaram rameshwaram rameshwaram' (ID: 68e7b9bf28055f8855e8398e):
2025-10-12 20:59:35,001 - routes.properties - INFO -   - Raw image_urls from DB: None
2025-10-12 20:59:35,001 - routes.properties - INFO -   - Type of image_urls: <class 'NoneType'>
2025-10-12 20:59:35,001 - routes.properties - INFO -   - No image_urls field; initialized to empty list
2025-10-12 20:59:35,001 - routes.properties - INFO -   - Number of images: 0
2025-10-12 20:59:35,001 - routes.properties - INFO -   - Photos count in DB: 0
2025-10-12 20:59:35,001 - routes.properties - INFO - Property 'rameshwaram rameshwaram rameshwaram rameshwaram' (ID: 68e7bb2028055f8855e8398f):
2025-10-12 20:59:35,001 - routes.properties - INFO -   - Raw image_urls from DB: None
2025-10-12 20:59:35,001 - routes.properties - INFO -   - Type of image_urls: <class 'NoneType'>
2025-10-12 20:59:35,001 - routes.properties - INFO -   - No image_urls field; initialized to empty list
2025-10-12 20:59:35,001 - routes.properties - INFO -   - Number of images: 0
2025-10-12 20:59:35,001 - routes.properties - INFO -   - Photos count in DB: 0
2025-10-12 20:59:35,001 - routes.properties - INFO - Property 'Luxury 3 BHK Apartment' (ID: 68e8f56a31e9ca37a6773743):
2025-10-12 20:59:35,001 - routes.properties - INFO -   - Raw image_urls from DB: []
2025-10-12 20:59:35,001 - routes.properties - INFO -   - Type of image_urls: <class 'list'>
2025-10-12 20:59:35,001 - routes.properties - INFO -   - Number of images: 0
2025-10-12 20:59:35,001 - routes.properties - INFO -   - Photos count in DB: 0
2025-10-12 20:59:35,001 - routes.properties - INFO - Property 'Luxury 1 BHK Apartment' (ID: 68e8fa13e80e07cd9d303b22):
2025-10-12 20:59:35,001 - routes.properties - INFO -   - Raw image_urls from DB: []
2025-10-12 20:59:35,001 - routes.properties - INFO -   - Type of image_urls: <class 'list'>
2025-10-12 20:59:35,001 - routes.properties - INFO -   - Number of images: 0
2025-10-12 20:59:35,001 - routes.properties - INFO -   - Photos count in DB: 0
2025-10-12 20:59:35,001 - routes.properties - INFO - Property '6 bhk apartment' (ID: 68e907542e9470e12ce435ec):
2025-10-12 20:59:35,001 - routes.properties - INFO -   - Raw image_urls from DB: ['/uploads/properties/68e907542e9470e12ce435ec_bebf826a65a1496580895c380e490382.jpg']
2025-10-12 20:59:35,002 - routes.properties - INFO -   - Type of image_urls: <class 'list'>
2025-10-12 20:59:35,002 - routes.properties - INFO -   - Number of images: 1
2025-10-12 20:59:35,002 - routes.properties - INFO -     Image 0: /uploads/properties/68e907542e9470e12ce435ec_bebf826a65a1496580895c380e490382.jpg -> http://localhost:8000/uploads/properties/68e907542e9470e12ce435ec_bebf826a65a1496580895c380e490382.jpg
2025-10-12 20:59:35,002 - routes.properties - INFO -   - Photos count in DB: 1
2025-10-12 20:59:35,002 - routes.properties - INFO - Property 'beautiful 1 bhk house' (ID: 68e91cae2e9470e12ce435ed):
2025-10-12 20:59:35,002 - routes.properties - INFO -   - Raw image_urls from DB: ['/uploads/properties/68e91cae2e9470e12ce435ed_e3fa12c61a184f7fb50322450c82cc36.jpg']
2025-10-12 20:59:35,002 - routes.properties - INFO -   - Type of image_urls: <class 'list'>
2025-10-12 20:59:35,002 - routes.properties - INFO -   - Number of images: 1
2025-10-12 20:59:35,002 - routes.properties - INFO -     Image 0: /uploads/properties/68e91cae2e9470e12ce435ed_e3fa12c61a184f7fb50322450c82cc36.jpg -> http://localhost:8000/uploads/properties/68e91cae2e9470e12ce435ed_e3fa12c61a184f7fb50322450c82cc36.jpg
2025-10-12 20:59:35,002 - routes.properties - INFO -   - Photos count in DB: 1
2025-10-12 20:59:35,002 - routes.properties - INFO - Property 'asdfghjkl' (ID: 68e93de7c7eb04da4a5cdf52):
2025-10-12 20:59:35,002 - routes.properties - INFO -   - Raw image_urls from DB: ['/uploads/properties/68e93de7c7eb04da4a5cdf52_7ca12139b9fa471b9c0bcaa3e0786d8a.jpg']
2025-10-12 20:59:35,002 - routes.properties - INFO -   - Type of image_urls: <class 'list'>
2025-10-12 20:59:35,002 - routes.properties - INFO -   - Number of images: 1
2025-10-12 20:59:35,002 - routes.properties - INFO -     Image 0: /uploads/properties/68e93de7c7eb04da4a5cdf52_7ca12139b9fa471b9c0bcaa3e0786d8a.jpg -> http://localhost:8000/uploads/properties/68e93de7c7eb04da4a5cdf52_7ca12139b9fa471b9c0bcaa3e0786d8a.jpg
2025-10-12 20:59:35,002 - routes.properties - INFO -   - Photos count in DB: 1
2025-10-12 20:59:35,002 - routes.properties - INFO - Property 'wonderful property' (ID: 68ea311081859ebfcc9ecbf9):
2025-10-12 20:59:35,002 - routes.properties - INFO -   - Raw image_urls from DB: ['/uploads/properties/68ea311081859ebfcc9ecbf9_5725302a5dc54a52ae21a988d90da938.jpg']
2025-10-12 20:59:35,002 - routes.properties - INFO -   - Type of image_urls: <class 'list'>
2025-10-12 20:59:35,002 - routes.properties - INFO -   - Number of images: 1
2025-10-12 20:59:35,002 - routes.properties - INFO -     Image 0: /uploads/properties/68ea311081859ebfcc9ecbf9_5725302a5dc54a52ae21a988d90da938.jpg -> http://localhost:8000/uploads/properties/68ea311081859ebfcc9ecbf9_5725302a5dc54a52ae21a988d90da938.jpg
2025-10-12 20:59:35,002 - routes.properties - INFO -   - Photos count in DB: 1
2025-10-12 20:59:35,045 - routes.properties - INFO - GET /properties/user/my-properties - Getting user's properties
2025-10-12 20:59:35,045 - routes.properties - INFO - Role verification - User: ramm@gmail.com, Role: seller, Authorized: True
2025-10-12 20:59:35,045 - routes.properties - INFO - Fetching properties for user: ramm@gmail.com (ID: 68e7b3fc28055f8855e8398c)
2025-10-12 20:59:35,083 - routes.properties - INFO - Found 9 properties for user 68e7b3fc28055f8855e8398c
2025-10-12 20:59:35,083 - routes.properties - INFO - Property 'aradhanini' (ID: 68e7b4fe28055f8855e8398d):
2025-10-12 20:59:35,083 - routes.properties - INFO -   - Raw image_urls from DB: None
2025-10-12 20:59:35,083 - routes.properties - INFO -   - Type of image_urls: <class 'NoneType'>
2025-10-12 20:59:35,083 - routes.properties - INFO -   - No image_urls field; initialized to empty list
2025-10-12 20:59:35,083 - routes.properties - INFO -   - Number of images: 0
2025-10-12 20:59:35,083 - routes.properties - INFO -   - Photos count in DB: 0
2025-10-12 20:59:35,083 - routes.properties - INFO - Property 'rameshwaram rameshwaram rameshwaram rameshwaram' (ID: 68e7b9bf28055f8855e8398e):
2025-10-12 20:59:35,083 - routes.properties - INFO -   - Raw image_urls from DB: None
2025-10-12 20:59:35,083 - routes.properties - INFO -   - Type of image_urls: <class 'NoneType'>
2025-10-12 20:59:35,083 - routes.properties - INFO -   - No image_urls field; initialized to empty list
2025-10-12 20:59:35,083 - routes.properties - INFO -   - Number of images: 0
2025-10-12 20:59:35,083 - routes.properties - INFO -   - Photos count in DB: 0
2025-10-12 20:59:35,083 - routes.properties - INFO - Property 'rameshwaram rameshwaram rameshwaram rameshwaram' (ID: 68e7bb2028055f8855e8398f):
2025-10-12 20:59:35,083 - routes.properties - INFO -   - Raw image_urls from DB: None
2025-10-12 20:59:35,083 - routes.properties - INFO -   - Type of image_urls: <class 'NoneType'>
2025-10-12 20:59:35,083 - routes.properties - INFO -   - No image_urls field; initialized to empty list
2025-10-12 20:59:35,083 - routes.properties - INFO -   - Number of images: 0
2025-10-12 20:59:35,083 - routes.properties - INFO -   - Photos count in DB: 0
2025-10-12 20:59:35,083 - routes.properties - INFO - Property 'Luxury 3 BHK Apartment' (ID: 68e8f56a31e9ca37a6773743):
2025-10-12 20:59:35,083 - routes.properties - INFO -   - Raw image_urls from DB: []
2025-10-12 20:59:35,083 - routes.properties - INFO -   - Type of image_urls: <class 'list'>
2025-10-12 20:59:35,083 - routes.properties - INFO -   - Number of images: 0
2025-10-12 20:59:35,083 - routes.properties - INFO -   - Photos count in DB: 0
2025-10-12 20:59:35,083 - routes.properties - INFO - Property 'Luxury 1 BHK Apartment' (ID: 68e8fa13e80e07cd9d303b22):
2025-10-12 20:59:35,083 - routes.properties - INFO -   - Raw image_urls from DB: []
2025-10-12 20:59:35,083 - routes.properties - INFO -   - Type of image_urls: <class 'list'>
2025-10-12 20:59:35,083 - routes.properties - INFO -   - Number of images: 0
2025-10-12 20:59:35,083 - routes.properties - INFO -   - Photos count in DB: 0
2025-10-12 20:59:35,083 - routes.properties - INFO - Property '6 bhk apartment' (ID: 68e907542e9470e12ce435ec):
2025-10-12 20:59:35,083 - routes.properties - INFO -   - Raw image_urls from DB: ['/uploads/properties/68e907542e9470e12ce435ec_bebf826a65a1496580895c380e490382.jpg']
2025-10-12 20:59:35,083 - routes.properties - INFO -   - Type of image_urls: <class 'list'>
2025-10-12 20:59:35,083 - routes.properties - INFO -   - Number of images: 1
2025-10-12 20:59:35,083 - routes.properties - INFO -     Image 0: /uploads/properties/68e907542e9470e12ce435ec_bebf826a65a1496580895c380e490382.jpg -> http://localhost:8000/uploads/properties/68e907542e9470e12ce435ec_bebf826a65a1496580895c380e490382.jpg
2025-10-12 20:59:35,083 - routes.properties - INFO -   - Photos count in DB: 1
2025-10-12 20:59:35,084 - routes.properties - INFO - Property 'beautiful 1 bhk house' (ID: 68e91cae2e9470e12ce435ed):
2025-10-12 20:59:35,084 - routes.properties - INFO -   - Raw image_urls from DB: ['/uploads/properties/68e91cae2e9470e12ce435ed_e3fa12c61a184f7fb50322450c82cc36.jpg']
2025-10-12 20:59:35,084 - routes.properties - INFO -   - Type of image_urls: <class 'list'>
2025-10-12 20:59:35,084 - routes.properties - INFO -   - Number of images: 1
2025-10-12 20:59:35,084 - routes.properties - INFO -     Image 0: /uploads/properties/68e91cae2e9470e12ce435ed_e3fa12c61a184f7fb50322450c82cc36.jpg -> http://localhost:8000/uploads/properties/68e91cae2e9470e12ce435ed_e3fa12c61a184f7fb50322450c82cc36.jpg
2025-10-12 20:59:35,084 - routes.properties - INFO -   - Photos count in DB: 1
2025-10-12 20:59:35,084 - routes.properties - INFO - Property 'asdfghjkl' (ID: 68e93de7c7eb04da4a5cdf52):
2025-10-12 20:59:35,084 - routes.properties - INFO -   - Raw image_urls from DB: ['/uploads/properties/68e93de7c7eb04da4a5cdf52_7ca12139b9fa471b9c0bcaa3e0786d8a.jpg']
2025-10-12 20:59:35,085 - routes.properties - INFO -   - Type of image_urls: <class 'list'>
2025-10-12 20:59:35,085 - routes.properties - INFO -   - Number of images: 1
2025-10-12 20:59:35,085 - routes.properties - INFO -     Image 0: /uploads/properties/68e93de7c7eb04da4a5cdf52_7ca12139b9fa471b9c0bcaa3e0786d8a.jpg -> http://localhost:8000/uploads/properties/68e93de7c7eb04da4a5cdf52_7ca12139b9fa471b9c0bcaa3e0786d8a.jpg
2025-10-12 20:59:35,085 - routes.properties - INFO -   - Photos count in DB: 1
2025-10-12 20:59:35,085 - routes.properties - INFO - Property 'wonderful property' (ID: 68ea311081859ebfcc9ecbf9):
2025-10-12 20:59:35,085 - routes.properties - INFO -   - Raw image_urls from DB: ['/uploads/properties/68ea311081859ebfcc9ecbf9_5725302a5dc54a52ae21a988d90da938.jpg']
2025-10-12 20:59:35,085 - routes.properties - INFO -   - Type of image_urls: <class 'list'>
2025-10-12 20:59:35,085 - routes.properties - INFO -   - Number of images: 1
2025-10-12 20:59:35,085 - routes.properties - INFO -     Image 0: /uploads/properties/68ea311081859ebfcc9ecbf9_5725302a5dc54a52ae21a988d90da938.jpg -> http://localhost:8000/uploads/properties/68ea311081859ebfcc9ecbf9_5725302a5dc54a52ae21a988d90da938.jpg
2025-10-12 20:59:35,085 - routes.properties - INFO -   - Photos count in DB: 1
2025-10-12 20:59:42,419 - routes.properties - INFO - GET /properties/trending/featured - Getting featured properties
2025-10-12 20:59:42,460 - routes.properties - INFO - Found 4 featured properties
2025-10-12 20:59:42,461 - routes.properties - INFO - GET /properties/trending/featured - Getting featured properties
2025-10-12 20:59:42,499 - routes.properties - INFO - Found 4 featured properties
2025-10-12 20:59:55,177 - routes.properties - INFO - GET /properties/trending/featured - Getting featured properties
2025-10-12 20:59:55,219 - routes.properties - INFO - Found 4 featured properties
2025-10-12 20:59:55,223 - routes.properties - INFO - GET /properties/trending/featured - Getting featured properties
2025-10-12 20:59:55,261 - routes.properties - INFO - Found 4 featured properties
2025-10-12 21:02:25,645 - routes.properties - INFO - GET /properties/trending/featured - Getting featured properties
2025-10-12 21:02:25,684 - routes.properties - INFO - Found 4 featured properties
2025-10-12 21:02:25,687 - routes.properties - INFO - GET /properties/trending/featured - Getting featured properties
2025-10-12 21:02:25,723 - routes.properties - INFO - Found 4 featured properties
2025-10-12 21:02:42,191 - routes.properties - INFO - GET /properties/trending/featured - Getting featured properties
2025-10-12 21:02:42,234 - routes.properties - INFO - Found 4 featured properties
2025-10-12 21:02:42,239 - routes.properties - INFO - GET /properties/trending/featured - Getting featured properties
2025-10-12 21:02:42,276 - routes.properties - INFO - Found 4 featured properties
2025-10-12 21:02:53,392 - routes.properties - INFO - GET /properties/trending/featured - Getting featured properties
2025-10-12 21:02:53,430 - routes.properties - INFO - Found 4 featured properties
2025-10-12 21:02:53,433 - routes.properties - INFO - GET /properties/trending/featured - Getting featured properties
2025-10-12 21:02:53,471 - routes.properties - INFO - Found 4 featured properties
2025-10-12 21:03:05,781 - routes.properties - INFO - GET /properties/trending/featured - Getting featured properties
2025-10-12 21:03:05,824 - routes.properties - INFO - Found 4 featured properties
2025-10-12 21:03:05,826 - routes.properties - INFO - GET /properties/trending/featured - Getting featured properties
2025-10-12 21:03:05,865 - routes.properties - INFO - Found 4 featured properties
2025-10-12 21:39:10,083 - routes.properties - INFO - GET /properties/trending/featured - Getting featured properties
2025-10-12 21:39:10,141 - routes.properties - INFO - Found 4 featured properties
2025-10-12 21:39:10,151 - routes.properties - INFO - GET /properties/trending/featured - Getting featured properties
2025-10-12 21:39:10,190 - routes.properties - INFO - Found 4 featured properties
2025-10-12 21:39:51,258 - routes.properties - INFO - GET /properties/trending/featured - Getting featured properties
2025-10-12 21:39:51,297 - routes.properties - INFO - Found 4 featured properties
2025-10-12 21:39:51,304 - routes.properties - INFO - GET /properties/trending/featured - Getting featured properties
2025-10-12 21:39:51,348 - routes.properties - INFO - Found 4 featured properties
2025-10-12 21:56:50,809 - routes.properties - INFO - GET /properties/trending/featured - Getting featured properties
2025-10-12 21:56:51,108 - routes.properties - INFO - Found 4 featured properties
2025-10-12 21:56:51,113 - routes.properties - INFO - GET /properties/trending/featured - Getting featured properties
2025-10-12 21:56:51,150 - routes.properties - INFO - Found 4 featured properties
2025-10-12 22:21:45,281 - fastapi - ERROR - Form data requires "python-multipart" to be installed. 
You can install "python-multipart" with: 

pip install python-multipart

2025-10-12 22:23:50,703 - fastapi - ERROR - Form data requires "python-multipart" to be installed. 
You can install "python-multipart" with: 

pip install python-multipart

2025-10-12 22:24:32,516 - fastapi - ERROR - Form data requires "python-multipart" to be installed. 
You can install "python-multipart" with: 

pip install python-multipart

2025-10-13 14:54:40,764 - routes.auth - INFO - POST /auth/login - Login attempt
2025-10-13 14:54:40,765 - routes.auth - INFO - Login attempt - Email: ramm1@gmail.com
2025-10-13 14:54:41,049 - routes.auth - WARNING - Login failed - User not found: ramm1@gmail.com
2025-10-13 14:54:41,050 - routes.auth - WARNING - HTTPException during login
2025-10-13 14:56:58,980 - routes.auth - INFO - POST /auth/login - Login attempt
2025-10-13 14:56:58,981 - routes.auth - INFO - Login attempt - Email: ramm@gmail.com
2025-10-13 14:56:59,299 - routes.auth - INFO - Login successful - Email: ramm@gmail.com, Role: seller
2025-10-13 14:57:01,648 - routes.properties - INFO - GET /properties/trending/featured - Getting featured properties
2025-10-13 14:57:01,691 - routes.properties - INFO - Found 4 featured properties
2025-10-13 14:57:01,693 - routes.properties - INFO - GET /properties/trending/featured - Getting featured properties
2025-10-13 14:57:01,732 - routes.properties - INFO - Found 4 featured properties
2025-10-13 15:01:11,833 - routes.properties - INFO - GET /properties/trending/featured - Getting featured properties
2025-10-13 15:01:11,874 - routes.properties - INFO - Found 4 featured properties
2025-10-13 15:01:11,878 - routes.properties - INFO - GET /properties/trending/featured - Getting featured properties
2025-10-13 15:01:11,915 - routes.properties - INFO - Found 4 featured properties
2025-10-13 15:41:01,810 - routes.properties - INFO - GET /properties/trending/featured - Getting featured properties
2025-10-13 15:41:02,134 - routes.properties - INFO - Found 4 featured properties
2025-10-13 15:41:02,141 - routes.properties - INFO - GET /properties/trending/featured - Getting featured properties
2025-10-13 15:41:02,180 - routes.properties - INFO - Found 4 featured properties
2025-10-13 16:20:07,126 - routes.properties - INFO - GET /properties/trending/featured - Getting featured properties
2025-10-13 16:20:07,494 - routes.properties - INFO - Found 4 featured properties
2025-10-13 16:20:07,503 - routes.properties - INFO - GET /properties/trending/featured - Getting featured properties
2025-10-13 16:20:07,542 - routes.properties - INFO - Found 4 featured properties
